family,name,kind,source_name,source_edition,source_ref,source_status,source_verified,h_mm,b_mm,tw_mm,tf_mm,t_mm,r_mm,r2_mm,mass_kg_m,A_mm2,Aeff_mm2,Iy_mm4,Iz_mm4,Ix_mm4,It_mm4,Iw_mm6,Wel_y_mm3,Wpl_y_mm3,Weff_y_mm3,Wel_z_mm3,Wpl_z_mm3,Weff_z_mm3,Avz_mm2,Avy_mm2,h_mm__status,h_mm__source_field,h_mm__derivation,b_mm__status,b_mm__source_field,b_mm__derivation,tw_mm__status,tw_mm__source_field,tw_mm__derivation,tf_mm__status,tf_mm__source_field,tf_mm__derivation,t_mm__status,t_mm__source_field,t_mm__derivation,r_mm__status,r_mm__source_field,r_mm__derivation,r2_mm__status,r2_mm__source_field,r2_mm__derivation,mass_kg_m__status,mass_kg_m__source_field,mass_kg_m__derivation,A_mm2__status,A_mm2__source_field,A_mm2__derivation,Aeff_mm2__status,Aeff_mm2__source_field,Aeff_mm2__derivation,Iy_mm4__status,Iy_mm4__source_field,Iy_mm4__derivation,Iz_mm4__status,Iz_mm4__source_field,Iz_mm4__derivation,Ix_mm4__status,Ix_mm4__source_field,Ix_mm4__derivation,It_mm4__status,It_mm4__source_field,It_mm4__derivation,Iw_mm6__status,Iw_mm6__source_field,Iw_mm6__derivation,Wel_y_mm3__status,Wel_y_mm3__source_field,Wel_y_mm3__derivation,Wpl_y_mm3__status,Wpl_y_mm3__source_field,Wpl_y_mm3__derivation,Weff_y_mm3__status,Weff_y_mm3__source_field,Weff_y_mm3__derivation,Wel_z_mm3__status,Wel_z_mm3__source_field,Wel_z_mm3__derivation,Wpl_z_mm3__status,Wpl_z_mm3__source_field,Wpl_z_mm3__derivation,Weff_z_mm3__status,Weff_z_mm3__source_field,Weff_z_mm3__derivation,Avz_mm2__status,Avz_mm2__source_field,Avz_mm2__derivation,Avy_mm2__status,Avy_mm2__source_field,Avy_mm2__derivation
IPE,IPE AA 80,open_i_or_h,ArcelorMittal Sections and Merchant Bars Sales Programme,V2026-1,https://sections.arcelormittal.com/repo/Sections/Sections%20and%20Merchant%20Bars-ArcelorMittal_V2026-1.xlsx,verified_published_table,true,78,46,3.2,4.2,4.2,5,,4.9,624.203822,624.203822,640900,68500,,3830,92000000,16430,18850,16430,2978.26087,4621.776,2978.26087,299.6,401.483822,existing_table_value,h_mm,,existing_table_value,b_mm,,existing_table_value,tw_mm,,existing_table_value,tf_mm,,existing_table_value,tf_mm,,existing_table_value,r_mm,,derived_from_same_source_geometry,same_row_verified_source_geometry,,existing_table_value,mass_kg_m,,derived_from_same_source_geometry,same_row_verified_source_geometry,A = mass_kg_m / 7850 * 1e6,derived_from_same_source_geometry,same_row_verified_source_geometry,Aeff = A when no effective area is tabulated,existing_table_value,Iy_mm4,,existing_table_value,Iz_mm4,,derived_from_same_source_geometry,same_row_verified_source_geometry,,existing_table_value,It_mm4,,existing_table_value,Iw_mm6,,existing_table_value,Wel_y_mm3,,existing_table_value,Wpl_y_mm3,,derived_from_same_source_geometry,same_row_verified_source_geometry,"Weff,y = Wel,y when no effective strong-axis value is tabulated",derived_from_same_source_geometry,same_row_verified_source_geometry,"Wel,z = Iz / (b / 2)",derived_from_same_source_geometry,same_row_verified_source_geometry,"Wpl,z = b^2*tf/2 + tw^2*(h - 2tf)/4",derived_from_same_source_geometry,same_row_verified_source_geometry,"Weff,z = Wel,z when no effective weak-axis value is tabulated",existing_table_value,Avz_mm2,,derived_from_same_source_geometry,same_row_verified_source_geometry,"Av,y = A - tw*(h - 2tf)"
IPE,IPE A 80,open_i_or_h,ArcelorMittal Sections and Merchant Bars Sales Programme,V2026-1,https://sections.arcelormittal.com/repo/Sections/Sections%20and%20Merchant%20Bars-ArcelorMittal_V2026-1.xlsx,verified_published_table,true,78,46,3.3,4.2,4.2,5,,5,636.942675,636.942675,643700,68520,,3920,92000000,16500,18970,16500,2979.130435,4633.086,2979.130435,307,407.262675,existing_table_value,h_mm,,existing_table_value,b_mm,,existing_table_value,tw_mm,,existing_table_value,tf_mm,,existing_table_value,tf_mm,,existing_table_value,r_mm,,derived_from_same_source_geometry,same_row_verified_source_geometry,,existing_table_value,mass_kg_m,,derived_from_same_source_geometry,same_row_verified_source_geometry,A = mass_kg_m / 7850 * 1e6,derived_from_same_source_geometry,same_row_verified_source_geometry,Aeff = A when no effective area is tabulated,existing_table_value,Iy_mm4,,existing_table_value,Iz_mm4,,derived_from_same_source_geometry,same_row_verified_source_geometry,,existing_table_value,It_mm4,,existing_table_value,Iw_mm6,,existing_table_value,Wel_y_mm3,,existing_table_value,Wpl_y_mm3,,derived_from_same_source_geometry,same_row_verified_source_geometry,"Weff,y = Wel,y when no effective strong-axis value is tabulated",derived_from_same_source_geometry,same_row_verified_source_geometry,"Wel,z = Iz / (b / 2)",derived_from_same_source_geometry,same_row_verified_source_geometry,"Wpl,z = b^2*tf/2 + tw^2*(h - 2tf)/4",derived_from_same_source_geometry,same_row_verified_source_geometry,"Weff,z = Wel,z when no effective weak-axis value is tabulated",existing_table_value,Avz_mm2,,derived_from_same_source_geometry,same_row_verified_source_geometry,"Av,y = A - tw*(h - 2tf)"
IPE,IPE 80,open_i_or_h,ArcelorMittal Sections and Merchant Bars Sales Programme,V2026-1,https://sections.arcelormittal.com/repo/Sections/Sections%20and%20Merchant%20Bars-ArcelorMittal_V2026-1.xlsx,verified_published_table,true,80,46,3.8,5.2,5.2,5,,6,764.33121,764.33121,801300,84890,,6720,117000000,20030,23210,20030,3690.869565,5752.856,3690.869565,357.7,499.85121,existing_table_value,h_mm,,existing_table_value,b_mm,,existing_table_value,tw_mm,,existing_table_value,tf_mm,,existing_table_value,tf_mm,,existing_table_value,r_mm,,derived_from_same_source_geometry,same_row_verified_source_geometry,,existing_table_value,mass_kg_m,,derived_from_same_source_geometry,same_row_verified_source_geometry,A = mass_kg_m / 7850 * 1e6,derived_from_same_source_geometry,same_row_verified_source_geometry,Aeff = A when no effective area is tabulated,existing_table_value,Iy_mm4,,existing_table_value,Iz_mm4,,derived_from_same_source_geometry,same_row_verified_source_geometry,,existing_table_value,It_mm4,,existing_table_value,Iw_mm6,,existing_table_value,Wel_y_mm3,,existing_table_value,Wpl_y_mm3,,derived_from_same_source_geometry,same_row_verified_source_geometry,"Weff,y = Wel,y when no effective strong-axis value is tabulated",derived_from_same_source_geometry,same_row_verified_source_geometry,"Wel,z = Iz / (b / 2)",derived_from_same_source_geometry,same_row_verified_source_geometry,"Wpl,z = b^2*tf/2 + tw^2*(h - 2tf)/4",derived_from_same_source_geometry,same_row_verified_source_geometry,"Weff,z = Wel,z when no effective weak-axis value is tabulated",existing_table_value,Avz_mm2,,derived_from_same_source_geometry,same_row_verified_source_geometry,"Av,y = A - tw*(h - 2tf)"
IPE,IPE AA 100,open_i_or_h,ArcelorMittal Sections and Merchant Bars Sales Programme,V2026-1,https://sections.arcelormittal.com/repo/Sections/Sections%20and%20Merchant%20Bars-ArcelorMittal_V2026-1.xlsx,verified_published_table,true,97.6,55,3.6,4.5,4.5,7,,6.7,853.503185,853.503185,1358000,125600,,6720,270000000,27840,31900,27840,4567.272727,7093.314,4567.272727,440.2,534.543185,existing_table_value,h_mm,,existing_table_value,b_mm,,existing_table_value,tw_mm,,existing_table_value,tf_mm,,existing_table_value,tf_mm,,existing_table_value,r_mm,,derived_from_same_source_geometry,same_row_verified_source_geometry,,existing_table_value,mass_kg_m,,derived_from_same_source_geometry,same_row_verified_source_geometry,A = mass_kg_m / 7850 * 1e6,derived_from_same_source_geometry,same_row_verified_source_geometry,Aeff = A when no effective area is tabulated,existing_table_value,Iy_mm4,,existing_table_value,Iz_mm4,,derived_from_same_source_geometry,same_row_verified_source_geometry,,existing_table_value,It_mm4,,existing_table_value,Iw_mm6,,existing_table_value,Wel_y_mm3,,existing_table_value,Wpl_y_mm3,,derived_from_same_source_geometry,same_row_verified_source_geometry,"Weff,y = Wel,y when no effective strong-axis value is tabulated",derived_from_same_source_geometry,same_row_verified_source_geometry,"Wel,z = Iz / (b / 2)",derived_from_same_source_geometry,same_row_verified_source_geometry,"Wpl,z = b^2*tf/2 + tw^2*(h - 2tf)/4",derived_from_same_source_geometry,same_row_verified_source_geometry,"Weff,z = Wel,z when no effective weak-axis value is tabulated",existing_table_value,Avz_mm2,,derived_from_same_source_geometry,same_row_verified_source_geometry,"Av,y = A - tw*(h - 2tf)"
IPE,IPE A 100,open_i_or_h,ArcelorMittal Sections and Merchant Bars Sales Programme,V2026-1,https://sections.arcelormittal.com/repo/Sections/Sections%20and%20Merchant%20Bars-ArcelorMittal_V2026-1.xlsx,verified_published_table,true,98,55,3.6,4.7,4.7,7,,6.9,878.980892,878.980892,1411000,131200,,7260,283000000,28800,32980,28800,4770.909091,7395.814,4770.909091,443.7,560.020892,existing_table_value,h_mm,,existing_table_value,b_mm,,existing_table_value,tw_mm,,existing_table_value,tf_mm,,existing_table_value,tf_mm,,existing_table_value,r_mm,,derived_from_same_source_geometry,same_row_verified_source_geometry,,existing_table_value,mass_kg_m,,derived_from_same_source_geometry,same_row_verified_source_geometry,A = mass_kg_m / 7850 * 1e6,derived_from_same_source_geometry,same_row_verified_source_geometry,Aeff = A when no effective area is tabulated,existing_table_value,Iy_mm4,,existing_table_value,Iz_mm4,,derived_from_same_source_geometry,same_row_verified_source_geometry,,existing_table_value,It_mm4,,existing_table_value,Iw_mm6,,existing_table_value,Wel_y_mm3,,existing_table_value,Wpl_y_mm3,,derived_from_same_source_geometry,same_row_verified_source_geometry,"Weff,y = Wel,y when no effective strong-axis value is tabulated",derived_from_same_source_geometry,same_row_verified_source_geometry,"Wel,z = Iz / (b / 2)",derived_from_same_source_geometry,same_row_verified_source_geometry,"Wpl,z = b^2*tf/2 + tw^2*(h - 2tf)/4",derived_from_same_source_geometry,same_row_verified_source_geometry,"Weff,z = Wel,z when no effective weak-axis value is tabulated",existing_table_value,Avz_mm2,,derived_from_same_source_geometry,same_row_verified_source_geometry,"Av,y = A - tw*(h - 2tf)"
IPE,IPE100,open_i_or_h,ArcelorMittal Sections and Merchant Bars Sales Programme,V2026-1,https://sections.arcelormittal.com/repo/Sections/Sections%20and%20Merchant%20Bars-ArcelorMittal_V2026-1.xlsx,verified_published_table,true,100,55,4.1,5.7,5.7,7,,8.1,1032,1032,1710000,159100,12100,11570,351000000,34200,39410,34200,5782,9146,5782,509,668.74,existing_table_value,h_mm,,existing_table_value,b_mm,,existing_table_value,tw_mm,,existing_table_value,tf_mm,,existing_table_value,tf_mm,,existing_table_value,r_mm,,derived_from_same_source_geometry,same_row_verified_source_geometry,,existing_table_value,mass_kg_m,,existing_table_value,A_mm2,,existing_table_value,Aeff_mm2,,existing_table_value,Iy_mm4,,existing_table_value,Iz_mm4,,existing_table_value,Ix_mm4,,existing_table_value,It_mm4,,existing_table_value,Iw_mm6,,existing_table_value,Wel_y_mm3,,existing_table_value,Wpl_y_mm3,,existing_table_value,Weff_y_mm3,,existing_table_value,Wel_z_mm3,,existing_table_value,Wpl_z_mm3,,existing_table_value,Weff_z_mm3,,existing_table_value,Avz_mm2,,derived_from_same_source_geometry,same_row_verified_source_geometry,"Av,y = A - tw*(h - 2tf)"
IPE,IPE AA 120,open_i_or_h,ArcelorMittal Sections and Merchant Bars Sales Programme,V2026-1,https://sections.arcelormittal.com/repo/Sections/Sections%20and%20Merchant%20Bars-ArcelorMittal_V2026-1.xlsx,verified_published_table,true,117,64,3.8,4.8,4.8,7,,8.4,1070.063694,1070.063694,2441000,210700,,8890,660000000,41730,47610,41730,6584.375,10218.114,6584.375,535.6,661.943694,existing_table_value,h_mm,,existing_table_value,b_mm,,existing_table_value,tw_mm,,existing_table_value,tf_mm,,existing_table_value,tf_mm,,existing_table_value,r_mm,,derived_from_same_source_geometry,same_row_verified_source_geometry,,existing_table_value,mass_kg_m,,derived_from_same_source_geometry,same_row_verified_source_geometry,A = mass_kg_m / 7850 * 1e6,derived_from_same_source_geometry,same_row_verified_source_geometry,Aeff = A when no effective area is tabulated,existing_table_value,Iy_mm4,,existing_table_value,Iz_mm4,,derived_from_same_source_geometry,same_row_verified_source_geometry,,existing_table_value,It_mm4,,existing_table_value,Iw_mm6,,existing_table_value,Wel_y_mm3,,existing_table_value,Wpl_y_mm3,,derived_from_same_source_geometry,same_row_verified_source_geometry,"Weff,y = Wel,y when no effective strong-axis value is tabulated",derived_from_same_source_geometry,same_row_verified_source_geometry,"Wel,z = Iz / (b / 2)",derived_from_same_source_geometry,same_row_verified_source_geometry,"Wpl,z = b^2*tf/2 + tw^2*(h - 2tf)/4",derived_from_same_source_geometry,same_row_verified_source_geometry,"Weff,z = Wel,z when no effective weak-axis value is tabulated",existing_table_value,Avz_mm2,,derived_from_same_source_geometry,same_row_verified_source_geometry,"Av,y = A - tw*(h - 2tf)"
IPE,IPE A 120,open_i_or_h,ArcelorMittal Sections and Merchant Bars Sales Programme,V2026-1,https://sections.arcelormittal.com/repo/Sections/Sections%20and%20Merchant%20Bars-ArcelorMittal_V2026-1.xlsx,verified_published_table,true,117.6,64,3.8,5.1,5.1,7,,8.7,1108.280255,1108.280255,2573000,223800,,9960,705000000,43760,49870,43760,6993.75,10832.514,6993.75,540.9,700.160255,existing_table_value,h_mm,,existing_table_value,b_mm,,existing_table_value,tw_mm,,existing_table_value,tf_mm,,existing_table_value,tf_mm,,existing_table_value,r_mm,,derived_from_same_source_geometry,same_row_verified_source_geometry,,existing_table_value,mass_kg_m,,derived_from_same_source_geometry,same_row_verified_source_geometry,A = mass_kg_m / 7850 * 1e6,derived_from_same_source_geometry,same_row_verified_source_geometry,Aeff = A when no effective area is tabulated,existing_table_value,Iy_mm4,,existing_table_value,Iz_mm4,,derived_from_same_source_geometry,same_row_verified_source_geometry,,existing_table_value,It_mm4,,existing_table_value,Iw_mm6,,existing_table_value,Wel_y_mm3,,existing_table_value,Wpl_y_mm3,,derived_from_same_source_geometry,same_row_verified_source_geometry,"Weff,y = Wel,y when no effective strong-axis value is tabulated",derived_from_same_source_geometry,same_row_verified_source_geometry,"Wel,z = Iz / (b / 2)",derived_from_same_source_geometry,same_row_verified_source_geometry,"Wpl,z = b^2*tf/2 + tw^2*(h - 2tf)/4",derived_from_same_source_geometry,same_row_verified_source_geometry,"Weff,z = Wel,z when no effective weak-axis value is tabulated",existing_table_value,Avz_mm2,,derived_from_same_source_geometry,same_row_verified_source_geometry,"Av,y = A - tw*(h - 2tf)"
IPE,IPE 120,open_i_or_h,ArcelorMittal Sections and Merchant Bars Sales Programme,V2026-1,https://sections.arcelormittal.com/repo/Sections/Sections%20and%20Merchant%20Bars-ArcelorMittal_V2026-1.xlsx,verified_published_table,true,120,64,4.4,6.3,6.3,7,,10.4,1324.840764,1324.840764,3177000,276600,,16900,889000000,52950,60720,52950,8643.75,13422.216,8643.75,630.5,852.280764,existing_table_value,h_mm,,existing_table_value,b_mm,,existing_table_value,tw_mm,,existing_table_value,tf_mm,,existing_table_value,tf_mm,,existing_table_value,r_mm,,derived_from_same_source_geometry,same_row_verified_source_geometry,,existing_table_value,mass_kg_m,,derived_from_same_source_geometry,same_row_verified_source_geometry,A = mass_kg_m / 7850 * 1e6,derived_from_same_source_geometry,same_row_verified_source_geometry,Aeff = A when no effective area is tabulated,existing_table_value,Iy_mm4,,existing_table_value,Iz_mm4,,derived_from_same_source_geometry,same_row_verified_source_geometry,,existing_table_value,It_mm4,,existing_table_value,Iw_mm6,,existing_table_value,Wel_y_mm3,,existing_table_value,Wpl_y_mm3,,derived_from_same_source_geometry,same_row_verified_source_geometry,"Weff,y = Wel,y when no effective strong-axis value is tabulated",derived_from_same_source_geometry,same_row_verified_source_geometry,"Wel,z = Iz / (b / 2)",derived_from_same_source_geometry,same_row_verified_source_geometry,"Wpl,z = b^2*tf/2 + tw^2*(h - 2tf)/4",derived_from_same_source_geometry,same_row_verified_source_geometry,"Weff,z = Wel,z when no effective weak-axis value is tabulated",existing_table_value,Avz_mm2,,derived_from_same_source_geometry,same_row_verified_source_geometry,"Av,y = A - tw*(h - 2tf)"
IPE,IPE AA 140,open_i_or_h,ArcelorMittal Sections and Merchant Bars Sales Programme,V2026-1,https://sections.arcelormittal.com/repo/Sections/Sections%20and%20Merchant%20Bars-ArcelorMittal_V2026-1.xlsx,verified_published_table,true,136.6,73,3.8,5.2,5.2,7,,10.1,1286.624204,1286.624204,4074000,338300,,11530,1455000000,59650,67590,59650,9268.493151,14310.982,9268.493151,614.1,807.064204,existing_table_value,h_mm,,existing_table_value,b_mm,,existing_table_value,tw_mm,,existing_table_value,tf_mm,,existing_table_value,tf_mm,,existing_table_value,r_mm,,derived_from_same_source_geometry,same_row_verified_source_geometry,,existing_table_value,mass_kg_m,,derived_from_same_source_geometry,same_row_verified_source_geometry,A = mass_kg_m / 7850 * 1e6,derived_from_same_source_geometry,same_row_verified_source_geometry,Aeff = A when no effective area is tabulated,existing_table_value,Iy_mm4,,existing_table_value,Iz_mm4,,derived_from_same_source_geometry,same_row_verified_source_geometry,,existing_table_value,It_mm4,,existing_table_value,Iw_mm6,,existing_table_value,Wel_y_mm3,,existing_table_value,Wpl_y_mm3,,derived_from_same_source_geometry,same_row_verified_source_geometry,"Weff,y = Wel,y when no effective strong-axis value is tabulated",derived_from_same_source_geometry,same_row_verified_source_geometry,"Wel,z = Iz / (b / 2)",derived_from_same_source_geometry,same_row_verified_source_geometry,"Wpl,z = b^2*tf/2 + tw^2*(h - 2tf)/4",derived_from_same_source_geometry,same_row_verified_source_geometry,"Weff,z = Wel,z when no effective weak-axis value is tabulated",existing_table_value,Avz_mm2,,derived_from_same_source_geometry,same_row_verified_source_geometry,"Av,y = A - tw*(h - 2tf)"
IPE,IPE A 140,open_i_or_h,ArcelorMittal Sections and Merchant Bars Sales Programme,V2026-1,https://sections.arcelormittal.com/repo/Sections/Sections%20and%20Merchant%20Bars-ArcelorMittal_V2026-1.xlsx,verified_published_table,true,137.4,73,3.8,5.6,5.6,7,,10.5,1337.579618,1337.579618,4348000,364200,,13380,1576000000,63290,71590,63290,9978.082192,15376.782,9978.082192,621.3,858.019618,existing_table_value,h_mm,,existing_table_value,b_mm,,existing_table_value,tw_mm,,existing_table_value,tf_mm,,existing_table_value,tf_mm,,existing_table_value,r_mm,,derived_from_same_source_geometry,same_row_verified_source_geometry,,existing_table_value,mass_kg_m,,derived_from_same_source_geometry,same_row_verified_source_geometry,A = mass_kg_m / 7850 * 1e6,derived_from_same_source_geometry,same_row_verified_source_geometry,Aeff = A when no effective area is tabulated,existing_table_value,Iy_mm4,,existing_table_value,Iz_mm4,,derived_from_same_source_geometry,same_row_verified_source_geometry,,existing_table_value,It_mm4,,existing_table_value,Iw_mm6,,existing_table_value,Wel_y_mm3,,existing_table_value,Wpl_y_mm3,,derived_from_same_source_geometry,same_row_verified_source_geometry,"Weff,y = Wel,y when no effective strong-axis value is tabulated",derived_from_same_source_geometry,same_row_verified_source_geometry,"Wel,z = Iz / (b / 2)",derived_from_same_source_geometry,same_row_verified_source_geometry,"Wpl,z = b^2*tf/2 + tw^2*(h - 2tf)/4",derived_from_same_source_geometry,same_row_verified_source_geometry,"Weff,z = Wel,z when no effective weak-axis value is tabulated",existing_table_value,Avz_mm2,,derived_from_same_source_geometry,same_row_verified_source_geometry,"Av,y = A - tw*(h - 2tf)"
IPE,IPE 140,open_i_or_h,ArcelorMittal Sections and Merchant Bars Sales Programme,V2026-1,https://sections.arcelormittal.com/repo/Sections/Sections%20and%20Merchant%20Bars-ArcelorMittal_V2026-1.xlsx,verified_published_table,true,140,73,4.7,6.9,6.9,7,,12.9,1643.312102,1643.312102,5412000,449100,,23990,1981000000,77310,88340,77310,12304.109589,19081.9895,12304.109589,764.2,1050.172102,existing_table_value,h_mm,,existing_table_value,b_mm,,existing_table_value,tw_mm,,existing_table_value,tf_mm,,existing_table_value,tf_mm,,existing_table_value,r_mm,,derived_from_same_source_geometry,same_row_verified_source_geometry,,existing_table_value,mass_kg_m,,derived_from_same_source_geometry,same_row_verified_source_geometry,A = mass_kg_m / 7850 * 1e6,derived_from_same_source_geometry,same_row_verified_source_geometry,Aeff = A when no effective area is tabulated,existing_table_value,Iy_mm4,,existing_table_value,Iz_mm4,,derived_from_same_source_geometry,same_row_verified_source_geometry,,existing_table_value,It_mm4,,existing_table_value,Iw_mm6,,existing_table_value,Wel_y_mm3,,existing_table_value,Wpl_y_mm3,,derived_from_same_source_geometry,same_row_verified_source_geometry,"Weff,y = Wel,y when no effective strong-axis value is tabulated",derived_from_same_source_geometry,same_row_verified_source_geometry,"Wel,z = Iz / (b / 2)",derived_from_same_source_geometry,same_row_verified_source_geometry,"Wpl,z = b^2*tf/2 + tw^2*(h - 2tf)/4",derived_from_same_source_geometry,same_row_verified_source_geometry,"Weff,z = Wel,z when no effective weak-axis value is tabulated",existing_table_value,Avz_mm2,,derived_from_same_source_geometry,same_row_verified_source_geometry,"Av,y = A - tw*(h - 2tf)"
IPE,IPE AA 160,open_i_or_h,ArcelorMittal Sections and Merchant Bars Sales Programme,V2026-1,https://sections.arcelormittal.com/repo/Sections/Sections%20and%20Merchant%20Bars-ArcelorMittal_V2026-1.xlsx,verified_published_table,true,156.4,82,4,5.6,5.6,9,,12.3,1566.878981,1566.878981,6590000,516600,,17490,2925000000,84280,95230,84280,12600,19408,12600,773.5,986.078981,existing_table_value,h_mm,,existing_table_value,b_mm,,existing_table_value,tw_mm,,existing_table_value,tf_mm,,existing_table_value,tf_mm,,existing_table_value,r_mm,,derived_from_same_source_geometry,same_row_verified_source_geometry,,existing_table_value,mass_kg_m,,derived_from_same_source_geometry,same_row_verified_source_geometry,A = mass_kg_m / 7850 * 1e6,derived_from_same_source_geometry,same_row_verified_source_geometry,Aeff = A when no effective area is tabulated,existing_table_value,Iy_mm4,,existing_table_value,Iz_mm4,,derived_from_same_source_geometry,same_row_verified_source_geometry,,existing_table_value,It_mm4,,existing_table_value,Iw_mm6,,existing_table_value,Wel_y_mm3,,existing_table_value,Wpl_y_mm3,,derived_from_same_source_geometry,same_row_verified_source_geometry,"Weff,y = Wel,y when no effective strong-axis value is tabulated",derived_from_same_source_geometry,same_row_verified_source_geometry,"Wel,z = Iz / (b / 2)",derived_from_same_source_geometry,same_row_verified_source_geometry,"Wpl,z = b^2*tf/2 + tw^2*(h - 2tf)/4",derived_from_same_source_geometry,same_row_verified_source_geometry,"Weff,z = Wel,z when no effective weak-axis value is tabulated",existing_table_value,Avz_mm2,,derived_from_same_source_geometry,same_row_verified_source_geometry,"Av,y = A - tw*(h - 2tf)"
IPE,IPE A 160,open_i_or_h,ArcelorMittal Sections and Merchant Bars Sales Programme,V2026-1,https://sections.arcelormittal.com/repo/Sections/Sections%20and%20Merchant%20Bars-ArcelorMittal_V2026-1.xlsx,verified_published_table,true,157,82,4,5.9,5.9,9,,12.7,1617.834395,1617.834395,6892000,544200,,19340,3094000000,87800,99090,87800,13273.170732,20416.6,13273.170732,780.1,1037.034395,existing_table_value,h_mm,,existing_table_value,b_mm,,existing_table_value,tw_mm,,existing_table_value,tf_mm,,existing_table_value,tf_mm,,existing_table_value,r_mm,,derived_from_same_source_geometry,same_row_verified_source_geometry,,existing_table_value,mass_kg_m,,derived_from_same_source_geometry,same_row_verified_source_geometry,A = mass_kg_m / 7850 * 1e6,derived_from_same_source_geometry,same_row_verified_source_geometry,Aeff = A when no effective area is tabulated,existing_table_value,Iy_mm4,,existing_table_value,Iz_mm4,,derived_from_same_source_geometry,same_row_verified_source_geometry,,existing_table_value,It_mm4,,existing_table_value,Iw_mm6,,existing_table_value,Wel_y_mm3,,existing_table_value,Wpl_y_mm3,,derived_from_same_source_geometry,same_row_verified_source_geometry,"Weff,y = Wel,y when no effective strong-axis value is tabulated",derived_from_same_source_geometry,same_row_verified_source_geometry,"Wel,z = Iz / (b / 2)",derived_from_same_source_geometry,same_row_verified_source_geometry,"Wpl,z = b^2*tf/2 + tw^2*(h - 2tf)/4",derived_from_same_source_geometry,same_row_verified_source_geometry,"Weff,z = Wel,z when no effective weak-axis value is tabulated",existing_table_value,Avz_mm2,,derived_from_same_source_geometry,same_row_verified_source_geometry,"Av,y = A - tw*(h - 2tf)"
IPE,IPE 160,open_i_or_h,ArcelorMittal Sections and Merchant Bars Sales Programme,V2026-1,https://sections.arcelormittal.com/repo/Sections/Sections%20and%20Merchant%20Bars-ArcelorMittal_V2026-1.xlsx,verified_published_table,true,160,82,5,7.4,7.4,9,,15.8,2012.738854,2012.738854,8692000,683100,,35400,3958000000,108600,123800,108600,16660.97561,25786.3,16660.97561,965.7,1286.738854,existing_table_value,h_mm,,existing_table_value,b_mm,,existing_table_value,tw_mm,,existing_table_value,tf_mm,,existing_table_value,tf_mm,,existing_table_value,r_mm,,derived_from_same_source_geometry,same_row_verified_source_geometry,,existing_table_value,mass_kg_m,,derived_from_same_source_geometry,same_row_verified_source_geometry,A = mass_kg_m / 7850 * 1e6,derived_from_same_source_geometry,same_row_verified_source_geometry,Aeff = A when no effective area is tabulated,existing_table_value,Iy_mm4,,existing_table_value,Iz_mm4,,derived_from_same_source_geometry,same_row_verified_source_geometry,,existing_table_value,It_mm4,,existing_table_value,Iw_mm6,,existing_table_value,Wel_y_mm3,,existing_table_value,Wpl_y_mm3,,derived_from_same_source_geometry,same_row_verified_source_geometry,"Weff,y = Wel,y when no effective strong-axis value is tabulated",derived_from_same_source_geometry,same_row_verified_source_geometry,"Wel,z = Iz / (b / 2)",derived_from_same_source_geometry,same_row_verified_source_geometry,"Wpl,z = b^2*tf/2 + tw^2*(h - 2tf)/4",derived_from_same_source_geometry,same_row_verified_source_geometry,"Weff,z = Wel,z when no effective weak-axis value is tabulated",existing_table_value,Avz_mm2,,derived_from_same_source_geometry,same_row_verified_source_geometry,"Av,y = A - tw*(h - 2tf)"
IPE,IPE AA 180,open_i_or_h,ArcelorMittal Sections and Merchant Bars Sales Programme,V2026-1,https://sections.arcelormittal.com/repo/Sections/Sections%20and%20Merchant%20Bars-ArcelorMittal_V2026-1.xlsx,verified_published_table,true,176.4,91,4.3,6.2,6.2,9,,14.9,1898.089172,1898.089172,10200000,781100,,24310,5639000000,115600,130500,115600,17167.032967,26429.19,17167.032967,912.9,1192.889172,existing_table_value,h_mm,,existing_table_value,b_mm,,existing_table_value,tw_mm,,existing_table_value,tf_mm,,existing_table_value,tf_mm,,existing_table_value,r_mm,,derived_from_same_source_geometry,same_row_verified_source_geometry,,existing_table_value,mass_kg_m,,derived_from_same_source_geometry,same_row_verified_source_geometry,A = mass_kg_m / 7850 * 1e6,derived_from_same_source_geometry,same_row_verified_source_geometry,Aeff = A when no effective area is tabulated,existing_table_value,Iy_mm4,,existing_table_value,Iz_mm4,,derived_from_same_source_geometry,same_row_verified_source_geometry,,existing_table_value,It_mm4,,existing_table_value,Iw_mm6,,existing_table_value,Wel_y_mm3,,existing_table_value,Wpl_y_mm3,,derived_from_same_source_geometry,same_row_verified_source_geometry,"Weff,y = Wel,y when no effective strong-axis value is tabulated",derived_from_same_source_geometry,same_row_verified_source_geometry,"Wel,z = Iz / (b / 2)",derived_from_same_source_geometry,same_row_verified_source_geometry,"Wpl,z = b^2*tf/2 + tw^2*(h - 2tf)/4",derived_from_same_source_geometry,same_row_verified_source_geometry,"Weff,z = Wel,z when no effective weak-axis value is tabulated",existing_table_value,Avz_mm2,,derived_from_same_source_geometry,same_row_verified_source_geometry,"Av,y = A - tw*(h - 2tf)"
IPE,IPE A 180,open_i_or_h,ArcelorMittal Sections and Merchant Bars Sales Programme,V2026-1,https://sections.arcelormittal.com/repo/Sections/Sections%20and%20Merchant%20Bars-ArcelorMittal_V2026-1.xlsx,verified_published_table,true,177,91,4.3,6.5,6.5,9,,15.4,1961.783439,1961.783439,10620000,818800,,26730,5933000000,120000,135300,120000,17995.604396,27671.34,17995.604396,919.6,1256.583439,existing_table_value,h_mm,,existing_table_value,b_mm,,existing_table_value,tw_mm,,existing_table_value,tf_mm,,existing_table_value,tf_mm,,existing_table_value,r_mm,,derived_from_same_source_geometry,same_row_verified_source_geometry,,existing_table_value,mass_kg_m,,derived_from_same_source_geometry,same_row_verified_source_geometry,A = mass_kg_m / 7850 * 1e6,derived_from_same_source_geometry,same_row_verified_source_geometry,Aeff = A when no effective area is tabulated,existing_table_value,Iy_mm4,,existing_table_value,Iz_mm4,,derived_from_same_source_geometry,same_row_verified_source_geometry,,existing_table_value,It_mm4,,existing_table_value,Iw_mm6,,existing_table_value,Wel_y_mm3,,existing_table_value,Wpl_y_mm3,,derived_from_same_source_geometry,same_row_verified_source_geometry,"Weff,y = Wel,y when no effective strong-axis value is tabulated",derived_from_same_source_geometry,same_row_verified_source_geometry,"Wel,z = Iz / (b / 2)",derived_from_same_source_geometry,same_row_verified_source_geometry,"Wpl,z = b^2*tf/2 + tw^2*(h - 2tf)/4",derived_from_same_source_geometry,same_row_verified_source_geometry,"Weff,z = Wel,z when no effective weak-axis value is tabulated",existing_table_value,Avz_mm2,,derived_from_same_source_geometry,same_row_verified_source_geometry,"Av,y = A - tw*(h - 2tf)"
IPE,IPE 180,open_i_or_h,ArcelorMittal Sections and Merchant Bars Sales Programme,V2026-1,https://sections.arcelormittal.com/repo/Sections/Sections%20and%20Merchant%20Bars-ArcelorMittal_V2026-1.xlsx,verified_published_table,true,180,91,5.3,8,8,9,,18.8,2394.904459,2394.904459,13160000,1008000,,47260,7431000000,146300,166400,146300,22153.846154,34275.69,22153.846154,1125,1525.704459,existing_table_value,h_mm,,existing_table_value,b_mm,,existing_table_value,tw_mm,,existing_table_value,tf_mm,,existing_table_value,tf_mm,,existing_table_value,r_mm,,derived_from_same_source_geometry,same_row_verified_source_geometry,,existing_table_value,mass_kg_m,,derived_from_same_source_geometry,same_row_verified_source_geometry,A = mass_kg_m / 7850 * 1e6,derived_from_same_source_geometry,same_row_verified_source_geometry,Aeff = A when no effective area is tabulated,existing_table_value,Iy_mm4,,existing_table_value,Iz_mm4,,derived_from_same_source_geometry,same_row_verified_source_geometry,,existing_table_value,It_mm4,,existing_table_value,Iw_mm6,,existing_table_value,Wel_y_mm3,,existing_table_value,Wpl_y_mm3,,derived_from_same_source_geometry,same_row_verified_source_geometry,"Weff,y = Wel,y when no effective strong-axis value is tabulated",derived_from_same_source_geometry,same_row_verified_source_geometry,"Wel,z = Iz / (b / 2)",derived_from_same_source_geometry,same_row_verified_source_geometry,"Wpl,z = b^2*tf/2 + tw^2*(h - 2tf)/4",derived_from_same_source_geometry,same_row_verified_source_geometry,"Weff,z = Wel,z when no effective weak-axis value is tabulated",existing_table_value,Avz_mm2,,derived_from_same_source_geometry,same_row_verified_source_geometry,"Av,y = A - tw*(h - 2tf)"
IPE,IPE O 180,open_i_or_h,ArcelorMittal Sections and Merchant Bars Sales Programme,V2026-1,https://sections.arcelormittal.com/repo/Sections/Sections%20and%20Merchant%20Bars-ArcelorMittal_V2026-1.xlsx,verified_published_table,true,182,92,6,9,9,9,,21.3,2713.375796,2713.375796,15050000,1172000,,66470,8739000000,165400,189100,165400,25478.26087,39564,25478.26087,1269,1729.375796,existing_table_value,h_mm,,existing_table_value,b_mm,,existing_table_value,tw_mm,,existing_table_value,tf_mm,,existing_table_value,tf_mm,,existing_table_value,r_mm,,derived_from_same_source_geometry,same_row_verified_source_geometry,,existing_table_value,mass_kg_m,,derived_from_same_source_geometry,same_row_verified_source_geometry,A = mass_kg_m / 7850 * 1e6,derived_from_same_source_geometry,same_row_verified_source_geometry,Aeff = A when no effective area is tabulated,existing_table_value,Iy_mm4,,existing_table_value,Iz_mm4,,derived_from_same_source_geometry,same_row_verified_source_geometry,,existing_table_value,It_mm4,,existing_table_value,Iw_mm6,,existing_table_value,Wel_y_mm3,,existing_table_value,Wpl_y_mm3,,derived_from_same_source_geometry,same_row_verified_source_geometry,"Weff,y = Wel,y when no effective strong-axis value is tabulated",derived_from_same_source_geometry,same_row_verified_source_geometry,"Wel,z = Iz / (b / 2)",derived_from_same_source_geometry,same_row_verified_source_geometry,"Wpl,z = b^2*tf/2 + tw^2*(h - 2tf)/4",derived_from_same_source_geometry,same_row_verified_source_geometry,"Weff,z = Wel,z when no effective weak-axis value is tabulated",existing_table_value,Avz_mm2,,derived_from_same_source_geometry,same_row_verified_source_geometry,"Av,y = A - tw*(h - 2tf)"
IPE,IPE AA 200,open_i_or_h,ArcelorMittal Sections and Merchant Bars Sales Programme,V2026-1,https://sections.arcelormittal.com/repo/Sections/Sections%20and%20Merchant%20Bars-ArcelorMittal_V2026-1.xlsx,verified_published_table,true,196.4,100,4.5,6.7,6.7,12,,18,2292.993631,2292.993631,15330000,1121000,,38080,10040000000,156100,175700,156100,22420,34426.4375,22420,1138,1469.493631,existing_table_value,h_mm,,existing_table_value,b_mm,,existing_table_value,tw_mm,,existing_table_value,tf_mm,,existing_table_value,tf_mm,,existing_table_value,r_mm,,derived_from_same_source_geometry,same_row_verified_source_geometry,,existing_table_value,mass_kg_m,,derived_from_same_source_geometry,same_row_verified_source_geometry,A = mass_kg_m / 7850 * 1e6,derived_from_same_source_geometry,same_row_verified_source_geometry,Aeff = A when no effective area is tabulated,existing_table_value,Iy_mm4,,existing_table_value,Iz_mm4,,derived_from_same_source_geometry,same_row_verified_source_geometry,,existing_table_value,It_mm4,,existing_table_value,Iw_mm6,,existing_table_value,Wel_y_mm3,,existing_table_value,Wpl_y_mm3,,derived_from_same_source_geometry,same_row_verified_source_geometry,"Weff,y = Wel,y when no effective strong-axis value is tabulated",derived_from_same_source_geometry,same_row_verified_source_geometry,"Wel,z = Iz / (b / 2)",derived_from_same_source_geometry,same_row_verified_source_geometry,"Wpl,z = b^2*tf/2 + tw^2*(h - 2tf)/4",derived_from_same_source_geometry,same_row_verified_source_geometry,"Weff,z = Wel,z when no effective weak-axis value is tabulated",existing_table_value,Avz_mm2,,derived_from_same_source_geometry,same_row_verified_source_geometry,"Av,y = A - tw*(h - 2tf)"
IPE,IPE A 200,open_i_or_h,ArcelorMittal Sections and Merchant Bars Sales Programme,V2026-1,https://sections.arcelormittal.com/repo/Sections/Sections%20and%20Merchant%20Bars-ArcelorMittal_V2026-1.xlsx,verified_published_table,true,197,100,4.5,7,7,12,,18.4,2343.949045,2343.949045,15910000,1171000,,41350,10520000000,161500,181600,161500,23420,35926.4375,23420,1146,1520.449045,existing_table_value,h_mm,,existing_table_value,b_mm,,existing_table_value,tw_mm,,existing_table_value,tf_mm,,existing_table_value,tf_mm,,existing_table_value,r_mm,,derived_from_same_source_geometry,same_row_verified_source_geometry,,existing_table_value,mass_kg_m,,derived_from_same_source_geometry,same_row_verified_source_geometry,A = mass_kg_m / 7850 * 1e6,derived_from_same_source_geometry,same_row_verified_source_geometry,Aeff = A when no effective area is tabulated,existing_table_value,Iy_mm4,,existing_table_value,Iz_mm4,,derived_from_same_source_geometry,same_row_verified_source_geometry,,existing_table_value,It_mm4,,existing_table_value,Iw_mm6,,existing_table_value,Wel_y_mm3,,existing_table_value,Wpl_y_mm3,,derived_from_same_source_geometry,same_row_verified_source_geometry,"Weff,y = Wel,y when no effective strong-axis value is tabulated",derived_from_same_source_geometry,same_row_verified_source_geometry,"Wel,z = Iz / (b / 2)",derived_from_same_source_geometry,same_row_verified_source_geometry,"Wpl,z = b^2*tf/2 + tw^2*(h - 2tf)/4",derived_from_same_source_geometry,same_row_verified_source_geometry,"Weff,z = Wel,z when no effective weak-axis value is tabulated",existing_table_value,Avz_mm2,,derived_from_same_source_geometry,same_row_verified_source_geometry,"Av,y = A - tw*(h - 2tf)"
IPE,IPE 200,open_i_or_h,ArcelorMittal Sections and Merchant Bars Sales Programme,V2026-1,https://sections.arcelormittal.com/repo/Sections/Sections%20and%20Merchant%20Bars-ArcelorMittal_V2026-1.xlsx,verified_published_table,true,200,100,5.6,8.5,8.5,12,,22.4,2853.503185,2853.503185,19430000,1423000,,69150,12980000000,194300,220600,194300,28460,43934.72,28460,1400,1828.703185,existing_table_value,h_mm,,existing_table_value,b_mm,,existing_table_value,tw_mm,,existing_table_value,tf_mm,,existing_table_value,tf_mm,,existing_table_value,r_mm,,derived_from_same_source_geometry,same_row_verified_source_geometry,,existing_table_value,mass_kg_m,,derived_from_same_source_geometry,same_row_verified_source_geometry,A = mass_kg_m / 7850 * 1e6,derived_from_same_source_geometry,same_row_verified_source_geometry,Aeff = A when no effective area is tabulated,existing_table_value,Iy_mm4,,existing_table_value,Iz_mm4,,derived_from_same_source_geometry,same_row_verified_source_geometry,,existing_table_value,It_mm4,,existing_table_value,Iw_mm6,,existing_table_value,Wel_y_mm3,,existing_table_value,Wpl_y_mm3,,derived_from_same_source_geometry,same_row_verified_source_geometry,"Weff,y = Wel,y when no effective strong-axis value is tabulated",derived_from_same_source_geometry,same_row_verified_source_geometry,"Wel,z = Iz / (b / 2)",derived_from_same_source_geometry,same_row_verified_source_geometry,"Wpl,z = b^2*tf/2 + tw^2*(h - 2tf)/4",derived_from_same_source_geometry,same_row_verified_source_geometry,"Weff,z = Wel,z when no effective weak-axis value is tabulated",existing_table_value,Avz_mm2,,derived_from_same_source_geometry,same_row_verified_source_geometry,"Av,y = A - tw*(h - 2tf)"
IPE,IPE O 200,open_i_or_h,ArcelorMittal Sections and Merchant Bars Sales Programme,V2026-1,https://sections.arcelormittal.com/repo/Sections/Sections%20and%20Merchant%20Bars-ArcelorMittal_V2026-1.xlsx,verified_published_table,true,202,102,6.2,9.5,9.5,12,,25.1,3197.452229,3197.452229,22110000,1688000,,93570,15560000000,218900,249400,218900,33098.039216,51177.63,33098.039216,1545,2062.852229,existing_table_value,h_mm,,existing_table_value,b_mm,,existing_table_value,tw_mm,,existing_table_value,tf_mm,,existing_table_value,tf_mm,,existing_table_value,r_mm,,derived_from_same_source_geometry,same_row_verified_source_geometry,,existing_table_value,mass_kg_m,,derived_from_same_source_geometry,same_row_verified_source_geometry,A = mass_kg_m / 7850 * 1e6,derived_from_same_source_geometry,same_row_verified_source_geometry,Aeff = A when no effective area is tabulated,existing_table_value,Iy_mm4,,existing_table_value,Iz_mm4,,derived_from_same_source_geometry,same_row_verified_source_geometry,,existing_table_value,It_mm4,,existing_table_value,Iw_mm6,,existing_table_value,Wel_y_mm3,,existing_table_value,Wpl_y_mm3,,derived_from_same_source_geometry,same_row_verified_source_geometry,"Weff,y = Wel,y when no effective strong-axis value is tabulated",derived_from_same_source_geometry,same_row_verified_source_geometry,"Wel,z = Iz / (b / 2)",derived_from_same_source_geometry,same_row_verified_source_geometry,"Wpl,z = b^2*tf/2 + tw^2*(h - 2tf)/4",derived_from_same_source_geometry,same_row_verified_source_geometry,"Weff,z = Wel,z when no effective weak-axis value is tabulated",existing_table_value,Avz_mm2,,derived_from_same_source_geometry,same_row_verified_source_geometry,"Av,y = A - tw*(h - 2tf)"
IPE,IPE AA 220,open_i_or_h,ArcelorMittal Sections and Merchant Bars Sales Programme,V2026-1,https://sections.arcelormittal.com/repo/Sections/Sections%20and%20Merchant%20Bars-ArcelorMittal_V2026-1.xlsx,verified_published_table,true,216.4,110,4.7,7.4,7.4,12,,21.2,2700.636943,2700.636943,22180000,1647000,,50560,17920000000,205000,230000,205000,29945.454545,45883.336,29945.454545,1283,1753.116943,existing_table_value,h_mm,,existing_table_value,b_mm,,existing_table_value,tw_mm,,existing_table_value,tf_mm,,existing_table_value,tf_mm,,existing_table_value,r_mm,,derived_from_same_source_geometry,same_row_verified_source_geometry,,existing_table_value,mass_kg_m,,derived_from_same_source_geometry,same_row_verified_source_geometry,A = mass_kg_m / 7850 * 1e6,derived_from_same_source_geometry,same_row_verified_source_geometry,Aeff = A when no effective area is tabulated,existing_table_value,Iy_mm4,,existing_table_value,Iz_mm4,,derived_from_same_source_geometry,same_row_verified_source_geometry,,existing_table_value,It_mm4,,existing_table_value,Iw_mm6,,existing_table_value,Wel_y_mm3,,existing_table_value,Wpl_y_mm3,,derived_from_same_source_geometry,same_row_verified_source_geometry,"Weff,y = Wel,y when no effective strong-axis value is tabulated",derived_from_same_source_geometry,same_row_verified_source_geometry,"Wel,z = Iz / (b / 2)",derived_from_same_source_geometry,same_row_verified_source_geometry,"Wpl,z = b^2*tf/2 + tw^2*(h - 2tf)/4",derived_from_same_source_geometry,same_row_verified_source_geometry,"Weff,z = Wel,z when no effective weak-axis value is tabulated",existing_table_value,Avz_mm2,,derived_from_same_source_geometry,same_row_verified_source_geometry,"Av,y = A - tw*(h - 2tf)"
IPE,IPE A 220,open_i_or_h,ArcelorMittal Sections and Merchant Bars Sales Programme,V2026-1,https://sections.arcelormittal.com/repo/Sections/Sections%20and%20Merchant%20Bars-ArcelorMittal_V2026-1.xlsx,verified_published_table,true,217,110,5,7.7,7.7,12,,22.2,2828.025478,2828.025478,23160000,1714000,,56790,18700000000,213500,240200,213500,31163.636364,47845,31163.636364,1354,1820.025478,existing_table_value,h_mm,,existing_table_value,b_mm,,existing_table_value,tw_mm,,existing_table_value,tf_mm,,existing_table_value,tf_mm,,existing_table_value,r_mm,,derived_from_same_source_geometry,same_row_verified_source_geometry,,existing_table_value,mass_kg_m,,derived_from_same_source_geometry,same_row_verified_source_geometry,A = mass_kg_m / 7850 * 1e6,derived_from_same_source_geometry,same_row_verified_source_geometry,Aeff = A when no effective area is tabulated,existing_table_value,Iy_mm4,,existing_table_value,Iz_mm4,,derived_from_same_source_geometry,same_row_verified_source_geometry,,existing_table_value,It_mm4,,existing_table_value,Iw_mm6,,existing_table_value,Wel_y_mm3,,existing_table_value,Wpl_y_mm3,,derived_from_same_source_geometry,same_row_verified_source_geometry,"Weff,y = Wel,y when no effective strong-axis value is tabulated",derived_from_same_source_geometry,same_row_verified_source_geometry,"Wel,z = Iz / (b / 2)",derived_from_same_source_geometry,same_row_verified_source_geometry,"Wpl,z = b^2*tf/2 + tw^2*(h - 2tf)/4",derived_from_same_source_geometry,same_row_verified_source_geometry,"Weff,z = Wel,z when no effective weak-axis value is tabulated",existing_table_value,Avz_mm2,,derived_from_same_source_geometry,same_row_verified_source_geometry,"Av,y = A - tw*(h - 2tf)"
IPE,IPE 220,open_i_or_h,ArcelorMittal Sections and Merchant Bars Sales Programme,V2026-1,https://sections.arcelormittal.com/repo/Sections/Sections%20and%20Merchant%20Bars-ArcelorMittal_V2026-1.xlsx,verified_published_table,true,220,110,5.9,9.2,9.2,12,,26.2,3337.579618,3337.579618,27710000,2048000,,90300,22670000000,251900,285400,251900,37236.363636,57414.424,37236.363636,1588,2148.139618,existing_table_value,h_mm,,existing_table_value,b_mm,,existing_table_value,tw_mm,,existing_table_value,tf_mm,,existing_table_value,tf_mm,,existing_table_value,r_mm,,derived_from_same_source_geometry,same_row_verified_source_geometry,,existing_table_value,mass_kg_m,,derived_from_same_source_geometry,same_row_verified_source_geometry,A = mass_kg_m / 7850 * 1e6,derived_from_same_source_geometry,same_row_verified_source_geometry,Aeff = A when no effective area is tabulated,existing_table_value,Iy_mm4,,existing_table_value,Iz_mm4,,derived_from_same_source_geometry,same_row_verified_source_geometry,,existing_table_value,It_mm4,,existing_table_value,Iw_mm6,,existing_table_value,Wel_y_mm3,,existing_table_value,Wpl_y_mm3,,derived_from_same_source_geometry,same_row_verified_source_geometry,"Weff,y = Wel,y when no effective strong-axis value is tabulated",derived_from_same_source_geometry,same_row_verified_source_geometry,"Wel,z = Iz / (b / 2)",derived_from_same_source_geometry,same_row_verified_source_geometry,"Wpl,z = b^2*tf/2 + tw^2*(h - 2tf)/4",derived_from_same_source_geometry,same_row_verified_source_geometry,"Weff,z = Wel,z when no effective weak-axis value is tabulated",existing_table_value,Avz_mm2,,derived_from_same_source_geometry,same_row_verified_source_geometry,"Av,y = A - tw*(h - 2tf)"
IPE,IPE O 220,open_i_or_h,ArcelorMittal Sections and Merchant Bars Sales Programme,V2026-1,https://sections.arcelormittal.com/repo/Sections/Sections%20and%20Merchant%20Bars-ArcelorMittal_V2026-1.xlsx,verified_published_table,true,222,112,6.6,10.2,10.2,12,,29.4,3745.22293,3745.22293,31340000,2398000,,121600,26780000000,282300,321100,282300,42821.428571,66169.824,42821.428571,1766,2414.66293,existing_table_value,h_mm,,existing_table_value,b_mm,,existing_table_value,tw_mm,,existing_table_value,tf_mm,,existing_table_value,tf_mm,,existing_table_value,r_mm,,derived_from_same_source_geometry,same_row_verified_source_geometry,,existing_table_value,mass_kg_m,,derived_from_same_source_geometry,same_row_verified_source_geometry,A = mass_kg_m / 7850 * 1e6,derived_from_same_source_geometry,same_row_verified_source_geometry,Aeff = A when no effective area is tabulated,existing_table_value,Iy_mm4,,existing_table_value,Iz_mm4,,derived_from_same_source_geometry,same_row_verified_source_geometry,,existing_table_value,It_mm4,,existing_table_value,Iw_mm6,,existing_table_value,Wel_y_mm3,,existing_table_value,Wpl_y_mm3,,derived_from_same_source_geometry,same_row_verified_source_geometry,"Weff,y = Wel,y when no effective strong-axis value is tabulated",derived_from_same_source_geometry,same_row_verified_source_geometry,"Wel,z = Iz / (b / 2)",derived_from_same_source_geometry,same_row_verified_source_geometry,"Wpl,z = b^2*tf/2 + tw^2*(h - 2tf)/4",derived_from_same_source_geometry,same_row_verified_source_geometry,"Weff,z = Wel,z when no effective weak-axis value is tabulated",existing_table_value,Avz_mm2,,derived_from_same_source_geometry,same_row_verified_source_geometry,"Av,y = A - tw*(h - 2tf)"
IPE,IPE AA 240,open_i_or_h,ArcelorMittal Sections and Merchant Bars Sales Programme,V2026-1,https://sections.arcelormittal.com/repo/Sections/Sections%20and%20Merchant%20Bars-ArcelorMittal_V2026-1.xlsx,verified_published_table,true,236.4,120,4.8,8,8,15,,24.9,3171.974522,3171.974522,31530000,2313000,,76080,30040000000,266800,298100,266800,38550,58869.504,38550,1529,2114.054522,existing_table_value,h_mm,,existing_table_value,b_mm,,existing_table_value,tw_mm,,existing_table_value,tf_mm,,existing_table_value,tf_mm,,existing_table_value,r_mm,,derived_from_same_source_geometry,same_row_verified_source_geometry,,existing_table_value,mass_kg_m,,derived_from_same_source_geometry,same_row_verified_source_geometry,A = mass_kg_m / 7850 * 1e6,derived_from_same_source_geometry,same_row_verified_source_geometry,Aeff = A when no effective area is tabulated,existing_table_value,Iy_mm4,,existing_table_value,Iz_mm4,,derived_from_same_source_geometry,same_row_verified_source_geometry,,existing_table_value,It_mm4,,existing_table_value,Iw_mm6,,existing_table_value,Wel_y_mm3,,existing_table_value,Wpl_y_mm3,,derived_from_same_source_geometry,same_row_verified_source_geometry,"Weff,y = Wel,y when no effective strong-axis value is tabulated",derived_from_same_source_geometry,same_row_verified_source_geometry,"Wel,z = Iz / (b / 2)",derived_from_same_source_geometry,same_row_verified_source_geometry,"Wpl,z = b^2*tf/2 + tw^2*(h - 2tf)/4",derived_from_same_source_geometry,same_row_verified_source_geometry,"Weff,z = Wel,z when no effective weak-axis value is tabulated",existing_table_value,Avz_mm2,,derived_from_same_source_geometry,same_row_verified_source_geometry,"Av,y = A - tw*(h - 2tf)"
IPE,IPE A 240,open_i_or_h,ArcelorMittal Sections and Merchant Bars Sales Programme,V2026-1,https://sections.arcelormittal.com/repo/Sections/Sections%20and%20Merchant%20Bars-ArcelorMittal_V2026-1.xlsx,verified_published_table,true,237,120,5.2,8.3,8.3,15,,26.2,3337.579618,3337.579618,32900000,2401000,,85030,31250000000,277600,311500,277600,40016.666667,61249.904,40016.666667,1631,2191.499618,existing_table_value,h_mm,,existing_table_value,b_mm,,existing_table_value,tw_mm,,existing_table_value,tf_mm,,existing_table_value,tf_mm,,existing_table_value,r_mm,,derived_from_same_source_geometry,same_row_verified_source_geometry,,existing_table_value,mass_kg_m,,derived_from_same_source_geometry,same_row_verified_source_geometry,A = mass_kg_m / 7850 * 1e6,derived_from_same_source_geometry,same_row_verified_source_geometry,Aeff = A when no effective area is tabulated,existing_table_value,Iy_mm4,,existing_table_value,Iz_mm4,,derived_from_same_source_geometry,same_row_verified_source_geometry,,existing_table_value,It_mm4,,existing_table_value,Iw_mm6,,existing_table_value,Wel_y_mm3,,existing_table_value,Wpl_y_mm3,,derived_from_same_source_geometry,same_row_verified_source_geometry,"Weff,y = Wel,y when no effective strong-axis value is tabulated",derived_from_same_source_geometry,same_row_verified_source_geometry,"Wel,z = Iz / (b / 2)",derived_from_same_source_geometry,same_row_verified_source_geometry,"Wpl,z = b^2*tf/2 + tw^2*(h - 2tf)/4",derived_from_same_source_geometry,same_row_verified_source_geometry,"Weff,z = Wel,z when no effective weak-axis value is tabulated",existing_table_value,Avz_mm2,,derived_from_same_source_geometry,same_row_verified_source_geometry,"Av,y = A - tw*(h - 2tf)"
IPE,IPE 240,open_i_or_h,ArcelorMittal Sections and Merchant Bars Sales Programme,V2026-1,https://sections.arcelormittal.com/repo/Sections/Sections%20and%20Merchant%20Bars-ArcelorMittal_V2026-1.xlsx,verified_published_table,true,240,120,6.2,9.8,9.8,15,,30.7,3910.828025,3910.828025,38910000,2836000,,129500,37390000000,324300,366600,324300,47266.666667,72678.044,47266.666667,1914,2544.348025,existing_table_value,h_mm,,existing_table_value,b_mm,,existing_table_value,tw_mm,,existing_table_value,tf_mm,,existing_table_value,tf_mm,,existing_table_value,r_mm,,derived_from_same_source_geometry,same_row_verified_source_geometry,,existing_table_value,mass_kg_m,,derived_from_same_source_geometry,same_row_verified_source_geometry,A = mass_kg_m / 7850 * 1e6,derived_from_same_source_geometry,same_row_verified_source_geometry,Aeff = A when no effective area is tabulated,existing_table_value,Iy_mm4,,existing_table_value,Iz_mm4,,derived_from_same_source_geometry,same_row_verified_source_geometry,,existing_table_value,It_mm4,,existing_table_value,Iw_mm6,,existing_table_value,Wel_y_mm3,,existing_table_value,Wpl_y_mm3,,derived_from_same_source_geometry,same_row_verified_source_geometry,"Weff,y = Wel,y when no effective strong-axis value is tabulated",derived_from_same_source_geometry,same_row_verified_source_geometry,"Wel,z = Iz / (b / 2)",derived_from_same_source_geometry,same_row_verified_source_geometry,"Wpl,z = b^2*tf/2 + tw^2*(h - 2tf)/4",derived_from_same_source_geometry,same_row_verified_source_geometry,"Weff,z = Wel,z when no effective weak-axis value is tabulated",existing_table_value,Avz_mm2,,derived_from_same_source_geometry,same_row_verified_source_geometry,"Av,y = A - tw*(h - 2tf)"
IPE,IPE O 240,open_i_or_h,ArcelorMittal Sections and Merchant Bars Sales Programme,V2026-1,https://sections.arcelormittal.com/repo/Sections/Sections%20and%20Merchant%20Bars-ArcelorMittal_V2026-1.xlsx,verified_published_table,true,242,122,7,10.8,10.8,15,,34.3,4369.426752,4369.426752,43690000,3285000,,170900,43670000000,361000,410200,361000,53852.459016,83073.5,53852.459016,2135,2826.626752,existing_table_value,h_mm,,existing_table_value,b_mm,,existing_table_value,tw_mm,,existing_table_value,tf_mm,,existing_table_value,tf_mm,,existing_table_value,r_mm,,derived_from_same_source_geometry,same_row_verified_source_geometry,,existing_table_value,mass_kg_m,,derived_from_same_source_geometry,same_row_verified_source_geometry,A = mass_kg_m / 7850 * 1e6,derived_from_same_source_geometry,same_row_verified_source_geometry,Aeff = A when no effective area is tabulated,existing_table_value,Iy_mm4,,existing_table_value,Iz_mm4,,derived_from_same_source_geometry,same_row_verified_source_geometry,,existing_table_value,It_mm4,,existing_table_value,Iw_mm6,,existing_table_value,Wel_y_mm3,,existing_table_value,Wpl_y_mm3,,derived_from_same_source_geometry,same_row_verified_source_geometry,"Weff,y = Wel,y when no effective strong-axis value is tabulated",derived_from_same_source_geometry,same_row_verified_source_geometry,"Wel,z = Iz / (b / 2)",derived_from_same_source_geometry,same_row_verified_source_geometry,"Wpl,z = b^2*tf/2 + tw^2*(h - 2tf)/4",derived_from_same_source_geometry,same_row_verified_source_geometry,"Weff,z = Wel,z when no effective weak-axis value is tabulated",existing_table_value,Avz_mm2,,derived_from_same_source_geometry,same_row_verified_source_geometry,"Av,y = A - tw*(h - 2tf)"
IPE,IPE A 270,open_i_or_h,ArcelorMittal Sections and Merchant Bars Sales Programme,V2026-1,https://sections.arcelormittal.com/repo/Sections/Sections%20and%20Merchant%20Bars-ArcelorMittal_V2026-1.xlsx,verified_published_table,true,267,135,5.5,8.7,8.7,15,,30.7,3910.828025,3910.828025,49170000,3579000,,104100,59500000000,368300,412400,368300,53022.222222,81166.35,53022.222222,1874,2538.028025,existing_table_value,h_mm,,existing_table_value,b_mm,,existing_table_value,tw_mm,,existing_table_value,tf_mm,,existing_table_value,tf_mm,,existing_table_value,r_mm,,derived_from_same_source_geometry,same_row_verified_source_geometry,,existing_table_value,mass_kg_m,,derived_from_same_source_geometry,same_row_verified_source_geometry,A = mass_kg_m / 7850 * 1e6,derived_from_same_source_geometry,same_row_verified_source_geometry,Aeff = A when no effective area is tabulated,existing_table_value,Iy_mm4,,existing_table_value,Iz_mm4,,derived_from_same_source_geometry,same_row_verified_source_geometry,,existing_table_value,It_mm4,,existing_table_value,Iw_mm6,,existing_table_value,Wel_y_mm3,,existing_table_value,Wpl_y_mm3,,derived_from_same_source_geometry,same_row_verified_source_geometry,"Weff,y = Wel,y when no effective strong-axis value is tabulated",derived_from_same_source_geometry,same_row_verified_source_geometry,"Wel,z = Iz / (b / 2)",derived_from_same_source_geometry,same_row_verified_source_geometry,"Wpl,z = b^2*tf/2 + tw^2*(h - 2tf)/4",derived_from_same_source_geometry,same_row_verified_source_geometry,"Weff,z = Wel,z when no effective weak-axis value is tabulated",existing_table_value,Avz_mm2,,derived_from_same_source_geometry,same_row_verified_source_geometry,"Av,y = A - tw*(h - 2tf)"
IPE,IPE 270,open_i_or_h,ArcelorMittal Sections and Merchant Bars Sales Programme,V2026-1,https://sections.arcelormittal.com/repo/Sections/Sections%20and%20Merchant%20Bars-ArcelorMittal_V2026-1.xlsx,verified_published_table,true,270,135,6.6,10.2,10.2,15,,36.1,4598.726115,4598.726115,57890000,4198000,,159000,70570000000,428800,483900,428800,62192.592593,95665.644,62192.592593,2213,2951.366115,existing_table_value,h_mm,,existing_table_value,b_mm,,existing_table_value,tw_mm,,existing_table_value,tf_mm,,existing_table_value,tf_mm,,existing_table_value,r_mm,,derived_from_same_source_geometry,same_row_verified_source_geometry,,existing_table_value,mass_kg_m,,derived_from_same_source_geometry,same_row_verified_source_geometry,A = mass_kg_m / 7850 * 1e6,derived_from_same_source_geometry,same_row_verified_source_geometry,Aeff = A when no effective area is tabulated,existing_table_value,Iy_mm4,,existing_table_value,Iz_mm4,,derived_from_same_source_geometry,same_row_verified_source_geometry,,existing_table_value,It_mm4,,existing_table_value,Iw_mm6,,existing_table_value,Wel_y_mm3,,existing_table_value,Wpl_y_mm3,,derived_from_same_source_geometry,same_row_verified_source_geometry,"Weff,y = Wel,y when no effective strong-axis value is tabulated",derived_from_same_source_geometry,same_row_verified_source_geometry,"Wel,z = Iz / (b / 2)",derived_from_same_source_geometry,same_row_verified_source_geometry,"Wpl,z = b^2*tf/2 + tw^2*(h - 2tf)/4",derived_from_same_source_geometry,same_row_verified_source_geometry,"Weff,z = Wel,z when no effective weak-axis value is tabulated",existing_table_value,Avz_mm2,,derived_from_same_source_geometry,same_row_verified_source_geometry,"Av,y = A - tw*(h - 2tf)"
IPE,IPE O 270,open_i_or_h,ArcelorMittal Sections and Merchant Bars Sales Programme,V2026-1,https://sections.arcelormittal.com/repo/Sections/Sections%20and%20Merchant%20Bars-ArcelorMittal_V2026-1.xlsx,verified_published_table,true,274,136,7.5,12.2,12.2,15,,42.3,5388.535032,5388.535032,69470000,5134000,,249800,87640000000,507000,574600,507000,75500,116335.6,75500,2522,3516.535032,existing_table_value,h_mm,,existing_table_value,b_mm,,existing_table_value,tw_mm,,existing_table_value,tf_mm,,existing_table_value,tf_mm,,existing_table_value,r_mm,,derived_from_same_source_geometry,same_row_verified_source_geometry,,existing_table_value,mass_kg_m,,derived_from_same_source_geometry,same_row_verified_source_geometry,A = mass_kg_m / 7850 * 1e6,derived_from_same_source_geometry,same_row_verified_source_geometry,Aeff = A when no effective area is tabulated,existing_table_value,Iy_mm4,,existing_table_value,Iz_mm4,,derived_from_same_source_geometry,same_row_verified_source_geometry,,existing_table_value,It_mm4,,existing_table_value,Iw_mm6,,existing_table_value,Wel_y_mm3,,existing_table_value,Wpl_y_mm3,,derived_from_same_source_geometry,same_row_verified_source_geometry,"Weff,y = Wel,y when no effective strong-axis value is tabulated",derived_from_same_source_geometry,same_row_verified_source_geometry,"Wel,z = Iz / (b / 2)",derived_from_same_source_geometry,same_row_verified_source_geometry,"Wpl,z = b^2*tf/2 + tw^2*(h - 2tf)/4",derived_from_same_source_geometry,same_row_verified_source_geometry,"Weff,z = Wel,z when no effective weak-axis value is tabulated",existing_table_value,Avz_mm2,,derived_from_same_source_geometry,same_row_verified_source_geometry,"Av,y = A - tw*(h - 2tf)"
IPE,IPE A 300,open_i_or_h,ArcelorMittal Sections and Merchant Bars Sales Programme,V2026-1,https://sections.arcelormittal.com/repo/Sections/Sections%20and%20Merchant%20Bars-ArcelorMittal_V2026-1.xlsx,verified_published_table,true,297,150,6.1,9.2,9.2,15,,36.5,4649.681529,4649.681529,71730000,5189000,,133400,107100000000,483000,541700,483000,69186.666667,106091.6765,69186.666667,2224,2950.221529,existing_table_value,h_mm,,existing_table_value,b_mm,,existing_table_value,tw_mm,,existing_table_value,tf_mm,,existing_table_value,tf_mm,,existing_table_value,r_mm,,derived_from_same_source_geometry,same_row_verified_source_geometry,,existing_table_value,mass_kg_m,,derived_from_same_source_geometry,same_row_verified_source_geometry,A = mass_kg_m / 7850 * 1e6,derived_from_same_source_geometry,same_row_verified_source_geometry,Aeff = A when no effective area is tabulated,existing_table_value,Iy_mm4,,existing_table_value,Iz_mm4,,derived_from_same_source_geometry,same_row_verified_source_geometry,,existing_table_value,It_mm4,,existing_table_value,Iw_mm6,,existing_table_value,Wel_y_mm3,,existing_table_value,Wpl_y_mm3,,derived_from_same_source_geometry,same_row_verified_source_geometry,"Weff,y = Wel,y when no effective strong-axis value is tabulated",derived_from_same_source_geometry,same_row_verified_source_geometry,"Wel,z = Iz / (b / 2)",derived_from_same_source_geometry,same_row_verified_source_geometry,"Wpl,z = b^2*tf/2 + tw^2*(h - 2tf)/4",derived_from_same_source_geometry,same_row_verified_source_geometry,"Weff,z = Wel,z when no effective weak-axis value is tabulated",existing_table_value,Avz_mm2,,derived_from_same_source_geometry,same_row_verified_source_geometry,"Av,y = A - tw*(h - 2tf)"
IPE,IPE 300,open_i_or_h,ArcelorMittal Sections and Merchant Bars Sales Programme,V2026-1,https://sections.arcelormittal.com/repo/Sections/Sections%20and%20Merchant%20Bars-ArcelorMittal_V2026-1.xlsx,verified_published_table,true,300,150,7.1,10.7,10.7,15,,42.2,5375.796178,5375.796178,83560000,6037000,,199100,125900000000,557000,628300,557000,80493.333333,123886.0565,80493.333333,2568,3397.736178,existing_table_value,h_mm,,existing_table_value,b_mm,,existing_table_value,tw_mm,,existing_table_value,tf_mm,,existing_table_value,tf_mm,,existing_table_value,r_mm,,derived_from_same_source_geometry,same_row_verified_source_geometry,,existing_table_value,mass_kg_m,,derived_from_same_source_geometry,same_row_verified_source_geometry,A = mass_kg_m / 7850 * 1e6,derived_from_same_source_geometry,same_row_verified_source_geometry,Aeff = A when no effective area is tabulated,existing_table_value,Iy_mm4,,existing_table_value,Iz_mm4,,derived_from_same_source_geometry,same_row_verified_source_geometry,,existing_table_value,It_mm4,,existing_table_value,Iw_mm6,,existing_table_value,Wel_y_mm3,,existing_table_value,Wpl_y_mm3,,derived_from_same_source_geometry,same_row_verified_source_geometry,"Weff,y = Wel,y when no effective strong-axis value is tabulated",derived_from_same_source_geometry,same_row_verified_source_geometry,"Wel,z = Iz / (b / 2)",derived_from_same_source_geometry,same_row_verified_source_geometry,"Wpl,z = b^2*tf/2 + tw^2*(h - 2tf)/4",derived_from_same_source_geometry,same_row_verified_source_geometry,"Weff,z = Wel,z when no effective weak-axis value is tabulated",existing_table_value,Avz_mm2,,derived_from_same_source_geometry,same_row_verified_source_geometry,"Av,y = A - tw*(h - 2tf)"
IPE,IPE O 300,open_i_or_h,ArcelorMittal Sections and Merchant Bars Sales Programme,V2026-1,https://sections.arcelormittal.com/repo/Sections/Sections%20and%20Merchant%20Bars-ArcelorMittal_V2026-1.xlsx,verified_published_table,true,304,152,8,12.7,12.7,15,,49.3,6280.254777,6280.254777,99940000,7457000,,309700,157600000000,657500,743800,657500,98118.421053,151168,98118.421053,2904,4051.454777,existing_table_value,h_mm,,existing_table_value,b_mm,,existing_table_value,tw_mm,,existing_table_value,tf_mm,,existing_table_value,tf_mm,,existing_table_value,r_mm,,derived_from_same_source_geometry,same_row_verified_source_geometry,,existing_table_value,mass_kg_m,,derived_from_same_source_geometry,same_row_verified_source_geometry,A = mass_kg_m / 7850 * 1e6,derived_from_same_source_geometry,same_row_verified_source_geometry,Aeff = A when no effective area is tabulated,existing_table_value,Iy_mm4,,existing_table_value,Iz_mm4,,derived_from_same_source_geometry,same_row_verified_source_geometry,,existing_table_value,It_mm4,,existing_table_value,Iw_mm6,,existing_table_value,Wel_y_mm3,,existing_table_value,Wpl_y_mm3,,derived_from_same_source_geometry,same_row_verified_source_geometry,"Weff,y = Wel,y when no effective strong-axis value is tabulated",derived_from_same_source_geometry,same_row_verified_source_geometry,"Wel,z = Iz / (b / 2)",derived_from_same_source_geometry,same_row_verified_source_geometry,"Wpl,z = b^2*tf/2 + tw^2*(h - 2tf)/4",derived_from_same_source_geometry,same_row_verified_source_geometry,"Weff,z = Wel,z when no effective weak-axis value is tabulated",existing_table_value,Avz_mm2,,derived_from_same_source_geometry,same_row_verified_source_geometry,"Av,y = A - tw*(h - 2tf)"
IPE,IPE A 330,open_i_or_h,ArcelorMittal Sections and Merchant Bars Sales Programme,V2026-1,https://sections.arcelormittal.com/repo/Sections/Sections%20and%20Merchant%20Bars-ArcelorMittal_V2026-1.xlsx,verified_published_table,true,327,160,6.5,10,10,18,,43,5477.707006,5477.707006,102300000,6851000,,196300,171500000000,625700,701900,625700,85637.5,131242.6875,85637.5,2698,3482.207006,existing_table_value,h_mm,,existing_table_value,b_mm,,existing_table_value,tw_mm,,existing_table_value,tf_mm,,existing_table_value,tf_mm,,existing_table_value,r_mm,,derived_from_same_source_geometry,same_row_verified_source_geometry,,existing_table_value,mass_kg_m,,derived_from_same_source_geometry,same_row_verified_source_geometry,A = mass_kg_m / 7850 * 1e6,derived_from_same_source_geometry,same_row_verified_source_geometry,Aeff = A when no effective area is tabulated,existing_table_value,Iy_mm4,,existing_table_value,Iz_mm4,,derived_from_same_source_geometry,same_row_verified_source_geometry,,existing_table_value,It_mm4,,existing_table_value,Iw_mm6,,existing_table_value,Wel_y_mm3,,existing_table_value,Wpl_y_mm3,,derived_from_same_source_geometry,same_row_verified_source_geometry,"Weff,y = Wel,y when no effective strong-axis value is tabulated",derived_from_same_source_geometry,same_row_verified_source_geometry,"Wel,z = Iz / (b / 2)",derived_from_same_source_geometry,same_row_verified_source_geometry,"Wpl,z = b^2*tf/2 + tw^2*(h - 2tf)/4",derived_from_same_source_geometry,same_row_verified_source_geometry,"Weff,z = Wel,z when no effective weak-axis value is tabulated",existing_table_value,Avz_mm2,,derived_from_same_source_geometry,same_row_verified_source_geometry,"Av,y = A - tw*(h - 2tf)"
IPE,IPE 330,open_i_or_h,ArcelorMittal Sections and Merchant Bars Sales Programme,V2026-1,https://sections.arcelormittal.com/repo/Sections/Sections%20and%20Merchant%20Bars-ArcelorMittal_V2026-1.xlsx,verified_published_table,true,330,160,7.5,11.5,11.5,18,,49.1,6254.77707,6254.77707,117600000,7881000,,280600,199000000000,713100,804300,713100,98512.5,151517.1875,98512.5,3080,3952.27707,existing_table_value,h_mm,,existing_table_value,b_mm,,existing_table_value,tw_mm,,existing_table_value,tf_mm,,existing_table_value,tf_mm,,existing_table_value,r_mm,,derived_from_same_source_geometry,same_row_verified_source_geometry,,existing_table_value,mass_kg_m,,derived_from_same_source_geometry,same_row_verified_source_geometry,A = mass_kg_m / 7850 * 1e6,derived_from_same_source_geometry,same_row_verified_source_geometry,Aeff = A when no effective area is tabulated,existing_table_value,Iy_mm4,,existing_table_value,Iz_mm4,,derived_from_same_source_geometry,same_row_verified_source_geometry,,existing_table_value,It_mm4,,existing_table_value,Iw_mm6,,existing_table_value,Wel_y_mm3,,existing_table_value,Wpl_y_mm3,,derived_from_same_source_geometry,same_row_verified_source_geometry,"Weff,y = Wel,y when no effective strong-axis value is tabulated",derived_from_same_source_geometry,same_row_verified_source_geometry,"Wel,z = Iz / (b / 2)",derived_from_same_source_geometry,same_row_verified_source_geometry,"Wpl,z = b^2*tf/2 + tw^2*(h - 2tf)/4",derived_from_same_source_geometry,same_row_verified_source_geometry,"Weff,z = Wel,z when no effective weak-axis value is tabulated",existing_table_value,Avz_mm2,,derived_from_same_source_geometry,same_row_verified_source_geometry,"Av,y = A - tw*(h - 2tf)"
IPE,IPE O 330,open_i_or_h,ArcelorMittal Sections and Merchant Bars Sales Programme,V2026-1,https://sections.arcelormittal.com/repo/Sections/Sections%20and%20Merchant%20Bars-ArcelorMittal_V2026-1.xlsx,verified_published_table,true,334,162,8.5,13.5,13.5,18,,57,7261.146497,7261.146497,139100000,9603000,,422000,245600000000,832900,942700,832900,118555.555556,182692.1875,118555.555556,3488,4651.646497,existing_table_value,h_mm,,existing_table_value,b_mm,,existing_table_value,tw_mm,,existing_table_value,tf_mm,,existing_table_value,tf_mm,,existing_table_value,r_mm,,derived_from_same_source_geometry,same_row_verified_source_geometry,,existing_table_value,mass_kg_m,,derived_from_same_source_geometry,same_row_verified_source_geometry,A = mass_kg_m / 7850 * 1e6,derived_from_same_source_geometry,same_row_verified_source_geometry,Aeff = A when no effective area is tabulated,existing_table_value,Iy_mm4,,existing_table_value,Iz_mm4,,derived_from_same_source_geometry,same_row_verified_source_geometry,,existing_table_value,It_mm4,,existing_table_value,Iw_mm6,,existing_table_value,Wel_y_mm3,,existing_table_value,Wpl_y_mm3,,derived_from_same_source_geometry,same_row_verified_source_geometry,"Weff,y = Wel,y when no effective strong-axis value is tabulated",derived_from_same_source_geometry,same_row_verified_source_geometry,"Wel,z = Iz / (b / 2)",derived_from_same_source_geometry,same_row_verified_source_geometry,"Wpl,z = b^2*tf/2 + tw^2*(h - 2tf)/4",derived_from_same_source_geometry,same_row_verified_source_geometry,"Weff,z = Wel,z when no effective weak-axis value is tabulated",existing_table_value,Avz_mm2,,derived_from_same_source_geometry,same_row_verified_source_geometry,"Av,y = A - tw*(h - 2tf)"
IPE,IPE AA 360,open_i_or_h,ArcelorMittal Sections and Merchant Bars Sales Programme,"V2024-2 PDF, modified 2024-08-27",https://sections.arcelormittal.com/repo/Sections/Sections_MB_ArcelorMittal_FR_EN_DE_V2024-2.pdf,verified_published_table,true,356.4,170,6,10.9,10.9,18,,47,5987.261146,5987.261146,136700000,8948000,,233700,266300000000,767500,853500,767500,105270.588235,160516.4,105270.588235,2743,3979.661146,existing_table_value,h_mm,,existing_table_value,b_mm,,existing_table_value,tw_mm,,existing_table_value,tf_mm,,existing_table_value,tf_mm,,existing_table_value,r_mm,,derived_from_same_source_geometry,same_row_verified_source_geometry,,existing_table_value,mass_kg_m,,derived_from_same_source_geometry,same_row_verified_source_geometry,A = mass_kg_m / 7850 * 1e6,derived_from_same_source_geometry,same_row_verified_source_geometry,Aeff = A when no effective area is tabulated,existing_table_value,Iy_mm4,,existing_table_value,Iz_mm4,,derived_from_same_source_geometry,same_row_verified_source_geometry,,existing_table_value,It_mm4,,existing_table_value,Iw_mm6,,existing_table_value,Wel_y_mm3,,existing_table_value,Wpl_y_mm3,,derived_from_same_source_geometry,same_row_verified_source_geometry,"Weff,y = Wel,y when no effective strong-axis value is tabulated",derived_from_same_source_geometry,same_row_verified_source_geometry,"Wel,z = Iz / (b / 2)",derived_from_same_source_geometry,same_row_verified_source_geometry,"Wpl,z = b^2*tf/2 + tw^2*(h - 2tf)/4",derived_from_same_source_geometry,same_row_verified_source_geometry,"Weff,z = Wel,z when no effective weak-axis value is tabulated",existing_table_value,Avz_mm2,,derived_from_same_source_geometry,same_row_verified_source_geometry,"Av,y = A - tw*(h - 2tf)"
IPE,IPE A 360,open_i_or_h,ArcelorMittal Sections and Merchant Bars Sales Programme,V2026-1,https://sections.arcelormittal.com/repo/Sections/Sections%20and%20Merchant%20Bars-ArcelorMittal_V2026-1.xlsx,verified_published_table,true,357.6,170,6.6,11.5,11.5,18,,50.2,6394.904459,6394.904459,145100000,9442000,,273600,281900000000,811800,906700,811800,111082.352941,169818.794,111082.352941,2976,4186.544459,existing_table_value,h_mm,,existing_table_value,b_mm,,existing_table_value,tw_mm,,existing_table_value,tf_mm,,existing_table_value,tf_mm,,existing_table_value,r_mm,,derived_from_same_source_geometry,same_row_verified_source_geometry,,existing_table_value,mass_kg_m,,derived_from_same_source_geometry,same_row_verified_source_geometry,A = mass_kg_m / 7850 * 1e6,derived_from_same_source_geometry,same_row_verified_source_geometry,Aeff = A when no effective area is tabulated,existing_table_value,Iy_mm4,,existing_table_value,Iz_mm4,,derived_from_same_source_geometry,same_row_verified_source_geometry,,existing_table_value,It_mm4,,existing_table_value,Iw_mm6,,existing_table_value,Wel_y_mm3,,existing_table_value,Wpl_y_mm3,,derived_from_same_source_geometry,same_row_verified_source_geometry,"Weff,y = Wel,y when no effective strong-axis value is tabulated",derived_from_same_source_geometry,same_row_verified_source_geometry,"Wel,z = Iz / (b / 2)",derived_from_same_source_geometry,same_row_verified_source_geometry,"Wpl,z = b^2*tf/2 + tw^2*(h - 2tf)/4",derived_from_same_source_geometry,same_row_verified_source_geometry,"Weff,z = Wel,z when no effective weak-axis value is tabulated",existing_table_value,Avz_mm2,,derived_from_same_source_geometry,same_row_verified_source_geometry,"Av,y = A - tw*(h - 2tf)"
IPE,IPE 360,open_i_or_h,ArcelorMittal Sections and Merchant Bars Sales Programme,V2026-1,https://sections.arcelormittal.com/repo/Sections/Sections%20and%20Merchant%20Bars-ArcelorMittal_V2026-1.xlsx,verified_published_table,true,360,170,8,12.7,12.7,18,,57.1,7273.88535,7273.88535,162600000,10430000,,374400,313500000000,903600,1019000,903600,122705.882353,188868.6,122705.882353,3513,4597.08535,existing_table_value,h_mm,,existing_table_value,b_mm,,existing_table_value,tw_mm,,existing_table_value,tf_mm,,existing_table_value,tf_mm,,existing_table_value,r_mm,,derived_from_same_source_geometry,same_row_verified_source_geometry,,existing_table_value,mass_kg_m,,derived_from_same_source_geometry,same_row_verified_source_geometry,A = mass_kg_m / 7850 * 1e6,derived_from_same_source_geometry,same_row_verified_source_geometry,Aeff = A when no effective area is tabulated,existing_table_value,Iy_mm4,,existing_table_value,Iz_mm4,,derived_from_same_source_geometry,same_row_verified_source_geometry,,existing_table_value,It_mm4,,existing_table_value,Iw_mm6,,existing_table_value,Wel_y_mm3,,existing_table_value,Wpl_y_mm3,,derived_from_same_source_geometry,same_row_verified_source_geometry,"Weff,y = Wel,y when no effective strong-axis value is tabulated",derived_from_same_source_geometry,same_row_verified_source_geometry,"Wel,z = Iz / (b / 2)",derived_from_same_source_geometry,same_row_verified_source_geometry,"Wpl,z = b^2*tf/2 + tw^2*(h - 2tf)/4",derived_from_same_source_geometry,same_row_verified_source_geometry,"Weff,z = Wel,z when no effective weak-axis value is tabulated",existing_table_value,Avz_mm2,,derived_from_same_source_geometry,same_row_verified_source_geometry,"Av,y = A - tw*(h - 2tf)"
IPE,IPE O 360,open_i_or_h,ArcelorMittal Sections and Merchant Bars Sales Programme,V2026-1,https://sections.arcelormittal.com/repo/Sections/Sections%20and%20Merchant%20Bars-ArcelorMittal_V2026-1.xlsx,verified_published_table,true,364,172,9.2,14.7,14.7,18,,66,8407.643312,8407.643312,190400000,12510000,,557400,380200000000,1046000,1186000,1046000,145465.116279,224522.536,145465.116279,4020,5329.323312,existing_table_value,h_mm,,existing_table_value,b_mm,,existing_table_value,tw_mm,,existing_table_value,tf_mm,,existing_table_value,tf_mm,,existing_table_value,r_mm,,derived_from_same_source_geometry,same_row_verified_source_geometry,,existing_table_value,mass_kg_m,,derived_from_same_source_geometry,same_row_verified_source_geometry,A = mass_kg_m / 7850 * 1e6,derived_from_same_source_geometry,same_row_verified_source_geometry,Aeff = A when no effective area is tabulated,existing_table_value,Iy_mm4,,existing_table_value,Iz_mm4,,derived_from_same_source_geometry,same_row_verified_source_geometry,,existing_table_value,It_mm4,,existing_table_value,Iw_mm6,,existing_table_value,Wel_y_mm3,,existing_table_value,Wpl_y_mm3,,derived_from_same_source_geometry,same_row_verified_source_geometry,"Weff,y = Wel,y when no effective strong-axis value is tabulated",derived_from_same_source_geometry,same_row_verified_source_geometry,"Wel,z = Iz / (b / 2)",derived_from_same_source_geometry,same_row_verified_source_geometry,"Wpl,z = b^2*tf/2 + tw^2*(h - 2tf)/4",derived_from_same_source_geometry,same_row_verified_source_geometry,"Weff,z = Wel,z when no effective weak-axis value is tabulated",existing_table_value,Avz_mm2,,derived_from_same_source_geometry,same_row_verified_source_geometry,"Av,y = A - tw*(h - 2tf)"
IPE,IPE AA 400,open_i_or_h,ArcelorMittal Sections and Merchant Bars Sales Programme,"V2024-2 PDF, modified 2024-08-27",https://sections.arcelormittal.com/repo/Sections/Sections_MB_ArcelorMittal_FR_EN_DE_V2024-2.pdf,verified_published_table,true,395.6,180,6.3,11.3,11.3,21,,53.4,6802.547771,6802.547771,190000000,11020000,,305300,405500000000,960500,1069000,960500,122444.444444,186761.0925,122444.444444,3274,4452.647771,existing_table_value,h_mm,,existing_table_value,b_mm,,existing_table_value,tw_mm,,existing_table_value,tf_mm,,existing_table_value,tf_mm,,existing_table_value,r_mm,,derived_from_same_source_geometry,same_row_verified_source_geometry,,existing_table_value,mass_kg_m,,derived_from_same_source_geometry,same_row_verified_source_geometry,A = mass_kg_m / 7850 * 1e6,derived_from_same_source_geometry,same_row_verified_source_geometry,Aeff = A when no effective area is tabulated,existing_table_value,Iy_mm4,,existing_table_value,Iz_mm4,,derived_from_same_source_geometry,same_row_verified_source_geometry,,existing_table_value,It_mm4,,existing_table_value,Iw_mm6,,existing_table_value,Wel_y_mm3,,existing_table_value,Wpl_y_mm3,,derived_from_same_source_geometry,same_row_verified_source_geometry,"Weff,y = Wel,y when no effective strong-axis value is tabulated",derived_from_same_source_geometry,same_row_verified_source_geometry,"Wel,z = Iz / (b / 2)",derived_from_same_source_geometry,same_row_verified_source_geometry,"Wpl,z = b^2*tf/2 + tw^2*(h - 2tf)/4",derived_from_same_source_geometry,same_row_verified_source_geometry,"Weff,z = Wel,z when no effective weak-axis value is tabulated",existing_table_value,Avz_mm2,,derived_from_same_source_geometry,same_row_verified_source_geometry,"Av,y = A - tw*(h - 2tf)"
IPE,IPE A 400,open_i_or_h,ArcelorMittal Sections and Merchant Bars Sales Programme,V2026-1,https://sections.arcelormittal.com/repo/Sections/Sections%20and%20Merchant%20Bars-ArcelorMittal_V2026-1.xlsx,verified_published_table,true,397,180,7,12,12,21,,57.4,7312.101911,7312.101911,202900000,11700000,,361600,432200000000,1022000,1143000,1022000,130000,198969.25,130000,3577,4701.101911,existing_table_value,h_mm,,existing_table_value,b_mm,,existing_table_value,tw_mm,,existing_table_value,tf_mm,,existing_table_value,tf_mm,,existing_table_value,r_mm,,derived_from_same_source_geometry,same_row_verified_source_geometry,,existing_table_value,mass_kg_m,,derived_from_same_source_geometry,same_row_verified_source_geometry,A = mass_kg_m / 7850 * 1e6,derived_from_same_source_geometry,same_row_verified_source_geometry,Aeff = A when no effective area is tabulated,existing_table_value,Iy_mm4,,existing_table_value,Iz_mm4,,derived_from_same_source_geometry,same_row_verified_source_geometry,,existing_table_value,It_mm4,,existing_table_value,Iw_mm6,,existing_table_value,Wel_y_mm3,,existing_table_value,Wpl_y_mm3,,derived_from_same_source_geometry,same_row_verified_source_geometry,"Weff,y = Wel,y when no effective strong-axis value is tabulated",derived_from_same_source_geometry,same_row_verified_source_geometry,"Wel,z = Iz / (b / 2)",derived_from_same_source_geometry,same_row_verified_source_geometry,"Wpl,z = b^2*tf/2 + tw^2*(h - 2tf)/4",derived_from_same_source_geometry,same_row_verified_source_geometry,"Weff,z = Wel,z when no effective weak-axis value is tabulated",existing_table_value,Avz_mm2,,derived_from_same_source_geometry,same_row_verified_source_geometry,"Av,y = A - tw*(h - 2tf)"
IPE,IPE 400,open_i_or_h,ArcelorMittal Sections and Merchant Bars Sales Programme,V2026-1,https://sections.arcelormittal.com/repo/Sections/Sections%20and%20Merchant%20Bars-ArcelorMittal_V2026-1.xlsx,verified_published_table,true,400,180,8.6,13.5,13.5,21,,66.3,8445.859873,8445.859873,231200000,13170000,,512700,490000000000,1156000,1307000,1156000,146333.333333,225596.77,146333.333333,4269,5238.059873,existing_table_value,h_mm,,existing_table_value,b_mm,,existing_table_value,tw_mm,,existing_table_value,tf_mm,,existing_table_value,tf_mm,,existing_table_value,r_mm,,derived_from_same_source_geometry,same_row_verified_source_geometry,,existing_table_value,mass_kg_m,,derived_from_same_source_geometry,same_row_verified_source_geometry,A = mass_kg_m / 7850 * 1e6,derived_from_same_source_geometry,same_row_verified_source_geometry,Aeff = A when no effective area is tabulated,existing_table_value,Iy_mm4,,existing_table_value,Iz_mm4,,derived_from_same_source_geometry,same_row_verified_source_geometry,,existing_table_value,It_mm4,,existing_table_value,Iw_mm6,,existing_table_value,Wel_y_mm3,,existing_table_value,Wpl_y_mm3,,derived_from_same_source_geometry,same_row_verified_source_geometry,"Weff,y = Wel,y when no effective strong-axis value is tabulated",derived_from_same_source_geometry,same_row_verified_source_geometry,"Wel,z = Iz / (b / 2)",derived_from_same_source_geometry,same_row_verified_source_geometry,"Wpl,z = b^2*tf/2 + tw^2*(h - 2tf)/4",derived_from_same_source_geometry,same_row_verified_source_geometry,"Weff,z = Wel,z when no effective weak-axis value is tabulated",existing_table_value,Avz_mm2,,derived_from_same_source_geometry,same_row_verified_source_geometry,"Av,y = A - tw*(h - 2tf)"
IPE,IPE O 400,open_i_or_h,ArcelorMittal Sections and Merchant Bars Sales Programme,V2026-1,https://sections.arcelormittal.com/repo/Sections/Sections%20and%20Merchant%20Bars-ArcelorMittal_V2026-1.xlsx,verified_published_table,true,404,182,9.7,15.5,15.5,21,,75.7,9643.312102,9643.312102,267400000,15640000,,733400,587600000000,1324000,1502000,1324000,171868.131868,265484.8925,171868.131868,4798,6025.212102,existing_table_value,h_mm,,existing_table_value,b_mm,,existing_table_value,tw_mm,,existing_table_value,tf_mm,,existing_table_value,tf_mm,,existing_table_value,r_mm,,derived_from_same_source_geometry,same_row_verified_source_geometry,,existing_table_value,mass_kg_m,,derived_from_same_source_geometry,same_row_verified_source_geometry,A = mass_kg_m / 7850 * 1e6,derived_from_same_source_geometry,same_row_verified_source_geometry,Aeff = A when no effective area is tabulated,existing_table_value,Iy_mm4,,existing_table_value,Iz_mm4,,derived_from_same_source_geometry,same_row_verified_source_geometry,,existing_table_value,It_mm4,,existing_table_value,Iw_mm6,,existing_table_value,Wel_y_mm3,,existing_table_value,Wpl_y_mm3,,derived_from_same_source_geometry,same_row_verified_source_geometry,"Weff,y = Wel,y when no effective strong-axis value is tabulated",derived_from_same_source_geometry,same_row_verified_source_geometry,"Wel,z = Iz / (b / 2)",derived_from_same_source_geometry,same_row_verified_source_geometry,"Wpl,z = b^2*tf/2 + tw^2*(h - 2tf)/4",derived_from_same_source_geometry,same_row_verified_source_geometry,"Weff,z = Wel,z when no effective weak-axis value is tabulated",existing_table_value,Avz_mm2,,derived_from_same_source_geometry,same_row_verified_source_geometry,"Av,y = A - tw*(h - 2tf)"
IPE,IPE V 400,open_i_or_h,ArcelorMittal Sections and Merchant Bars Sales Programme,V2026-1,https://sections.arcelormittal.com/repo/Sections/Sections%20and%20Merchant%20Bars-ArcelorMittal_V2026-1.xlsx,verified_published_table,true,408,182,10.6,17.5,17.5,21,,84,10700.636943,10700.636943,301300000,17660000,,995800,670300000000,1477000,1681000,1477000,194065.934066,300312.57,194065.934066,5252,6746.836943,existing_table_value,h_mm,,existing_table_value,b_mm,,existing_table_value,tw_mm,,existing_table_value,tf_mm,,existing_table_value,tf_mm,,existing_table_value,r_mm,,derived_from_same_source_geometry,same_row_verified_source_geometry,,existing_table_value,mass_kg_m,,derived_from_same_source_geometry,same_row_verified_source_geometry,A = mass_kg_m / 7850 * 1e6,derived_from_same_source_geometry,same_row_verified_source_geometry,Aeff = A when no effective area is tabulated,existing_table_value,Iy_mm4,,existing_table_value,Iz_mm4,,derived_from_same_source_geometry,same_row_verified_source_geometry,,existing_table_value,It_mm4,,existing_table_value,Iw_mm6,,existing_table_value,Wel_y_mm3,,existing_table_value,Wpl_y_mm3,,derived_from_same_source_geometry,same_row_verified_source_geometry,"Weff,y = Wel,y when no effective strong-axis value is tabulated",derived_from_same_source_geometry,same_row_verified_source_geometry,"Wel,z = Iz / (b / 2)",derived_from_same_source_geometry,same_row_verified_source_geometry,"Wpl,z = b^2*tf/2 + tw^2*(h - 2tf)/4",derived_from_same_source_geometry,same_row_verified_source_geometry,"Weff,z = Wel,z when no effective weak-axis value is tabulated",existing_table_value,Avz_mm2,,derived_from_same_source_geometry,same_row_verified_source_geometry,"Av,y = A - tw*(h - 2tf)"
IPE,IPE AA 450,open_i_or_h,ArcelorMittal Sections and Merchant Bars Sales Programme,"V2024-2 PDF, modified 2024-08-27",https://sections.arcelormittal.com/repo/Sections/Sections_MB_ArcelorMittal_FR_EN_DE_V2024-2.pdf,verified_published_table,true,445.4,190,6.8,12.3,12.3,21,,62.1,7910.828025,7910.828025,277400000,14100000,,391600,659300000000,1246000,1391000,1246000,148421.052632,226879.448,148421.052632,3840,5049.388025,existing_table_value,h_mm,,existing_table_value,b_mm,,existing_table_value,tw_mm,,existing_table_value,tf_mm,,existing_table_value,tf_mm,,existing_table_value,r_mm,,derived_from_same_source_geometry,same_row_verified_source_geometry,,existing_table_value,mass_kg_m,,derived_from_same_source_geometry,same_row_verified_source_geometry,A = mass_kg_m / 7850 * 1e6,derived_from_same_source_geometry,same_row_verified_source_geometry,Aeff = A when no effective area is tabulated,existing_table_value,Iy_mm4,,existing_table_value,Iz_mm4,,derived_from_same_source_geometry,same_row_verified_source_geometry,,existing_table_value,It_mm4,,existing_table_value,Iw_mm6,,existing_table_value,Wel_y_mm3,,existing_table_value,Wpl_y_mm3,,derived_from_same_source_geometry,same_row_verified_source_geometry,"Weff,y = Wel,y when no effective strong-axis value is tabulated",derived_from_same_source_geometry,same_row_verified_source_geometry,"Wel,z = Iz / (b / 2)",derived_from_same_source_geometry,same_row_verified_source_geometry,"Wpl,z = b^2*tf/2 + tw^2*(h - 2tf)/4",derived_from_same_source_geometry,same_row_verified_source_geometry,"Weff,z = Wel,z when no effective weak-axis value is tabulated",existing_table_value,Avz_mm2,,derived_from_same_source_geometry,same_row_verified_source_geometry,"Av,y = A - tw*(h - 2tf)"
IPE,IPE A 450,open_i_or_h,ArcelorMittal Sections and Merchant Bars Sales Programme,V2026-1,https://sections.arcelormittal.com/repo/Sections/Sections%20and%20Merchant%20Bars-ArcelorMittal_V2026-1.xlsx,verified_published_table,true,447,190,7.6,13.1,13.1,21,,67.2,8560.509554,8560.509554,297500000,15020000,,471300,704800000000,1331000,1494000,1331000,158105.263158,242531.352,158105.263158,4226,5362.429554,existing_table_value,h_mm,,existing_table_value,b_mm,,existing_table_value,tw_mm,,existing_table_value,tf_mm,,existing_table_value,tf_mm,,existing_table_value,r_mm,,derived_from_same_source_geometry,same_row_verified_source_geometry,,existing_table_value,mass_kg_m,,derived_from_same_source_geometry,same_row_verified_source_geometry,A = mass_kg_m / 7850 * 1e6,derived_from_same_source_geometry,same_row_verified_source_geometry,Aeff = A when no effective area is tabulated,existing_table_value,Iy_mm4,,existing_table_value,Iz_mm4,,derived_from_same_source_geometry,same_row_verified_source_geometry,,existing_table_value,It_mm4,,existing_table_value,Iw_mm6,,existing_table_value,Wel_y_mm3,,existing_table_value,Wpl_y_mm3,,derived_from_same_source_geometry,same_row_verified_source_geometry,"Weff,y = Wel,y when no effective strong-axis value is tabulated",derived_from_same_source_geometry,same_row_verified_source_geometry,"Wel,z = Iz / (b / 2)",derived_from_same_source_geometry,same_row_verified_source_geometry,"Wpl,z = b^2*tf/2 + tw^2*(h - 2tf)/4",derived_from_same_source_geometry,same_row_verified_source_geometry,"Weff,z = Wel,z when no effective weak-axis value is tabulated",existing_table_value,Avz_mm2,,derived_from_same_source_geometry,same_row_verified_source_geometry,"Av,y = A - tw*(h - 2tf)"
IPE,IPE 450,open_i_or_h,ArcelorMittal Sections and Merchant Bars Sales Programme,V2026-1,https://sections.arcelormittal.com/repo/Sections/Sections%20and%20Merchant%20Bars-ArcelorMittal_V2026-1.xlsx,verified_published_table,true,450,190,9.4,14.6,14.6,21,,77.6,9885.350318,9885.350318,337400000,16750000,,667400,791000000000,1499000,1701000,1499000,176315.789474,272825.472,176315.789474,5084,5929.830318,existing_table_value,h_mm,,existing_table_value,b_mm,,existing_table_value,tw_mm,,existing_table_value,tf_mm,,existing_table_value,tf_mm,,existing_table_value,r_mm,,derived_from_same_source_geometry,same_row_verified_source_geometry,,existing_table_value,mass_kg_m,,derived_from_same_source_geometry,same_row_verified_source_geometry,A = mass_kg_m / 7850 * 1e6,derived_from_same_source_geometry,same_row_verified_source_geometry,Aeff = A when no effective area is tabulated,existing_table_value,Iy_mm4,,existing_table_value,Iz_mm4,,derived_from_same_source_geometry,same_row_verified_source_geometry,,existing_table_value,It_mm4,,existing_table_value,Iw_mm6,,existing_table_value,Wel_y_mm3,,existing_table_value,Wpl_y_mm3,,derived_from_same_source_geometry,same_row_verified_source_geometry,"Weff,y = Wel,y when no effective strong-axis value is tabulated",derived_from_same_source_geometry,same_row_verified_source_geometry,"Wel,z = Iz / (b / 2)",derived_from_same_source_geometry,same_row_verified_source_geometry,"Wpl,z = b^2*tf/2 + tw^2*(h - 2tf)/4",derived_from_same_source_geometry,same_row_verified_source_geometry,"Weff,z = Wel,z when no effective weak-axis value is tabulated",existing_table_value,Avz_mm2,,derived_from_same_source_geometry,same_row_verified_source_geometry,"Av,y = A - tw*(h - 2tf)"
IPE,IPE O 450,open_i_or_h,ArcelorMittal Sections and Merchant Bars Sales Programme,V2026-1,https://sections.arcelormittal.com/repo/Sections/Sections%20and%20Merchant%20Bars-ArcelorMittal_V2026-1.xlsx,verified_published_table,true,456,192,11,17.6,17.6,21,,92.4,11770.700637,11770.700637,409200000,20850000,,1089000,997500000000,1794000,2046000,1794000,217187.5,337132.4,217187.5,5940,7141.900637,existing_table_value,h_mm,,existing_table_value,b_mm,,existing_table_value,tw_mm,,existing_table_value,tf_mm,,existing_table_value,tf_mm,,existing_table_value,r_mm,,derived_from_same_source_geometry,same_row_verified_source_geometry,,existing_table_value,mass_kg_m,,derived_from_same_source_geometry,same_row_verified_source_geometry,A = mass_kg_m / 7850 * 1e6,derived_from_same_source_geometry,same_row_verified_source_geometry,Aeff = A when no effective area is tabulated,existing_table_value,Iy_mm4,,existing_table_value,Iz_mm4,,derived_from_same_source_geometry,same_row_verified_source_geometry,,existing_table_value,It_mm4,,existing_table_value,Iw_mm6,,existing_table_value,Wel_y_mm3,,existing_table_value,Wpl_y_mm3,,derived_from_same_source_geometry,same_row_verified_source_geometry,"Weff,y = Wel,y when no effective strong-axis value is tabulated",derived_from_same_source_geometry,same_row_verified_source_geometry,"Wel,z = Iz / (b / 2)",derived_from_same_source_geometry,same_row_verified_source_geometry,"Wpl,z = b^2*tf/2 + tw^2*(h - 2tf)/4",derived_from_same_source_geometry,same_row_verified_source_geometry,"Weff,z = Wel,z when no effective weak-axis value is tabulated",existing_table_value,Avz_mm2,,derived_from_same_source_geometry,same_row_verified_source_geometry,"Av,y = A - tw*(h - 2tf)"
IPE,IPE V 450,open_i_or_h,ArcelorMittal Sections and Merchant Bars Sales Programme,V2026-1,https://sections.arcelormittal.com/repo/Sections/Sections%20and%20Merchant%20Bars-ArcelorMittal_V2026-1.xlsx,verified_published_table,true,460,194,12.4,19.6,19.6,21,,107,13630.573248,13630.573248,462000000,23960000,,1488000,1156000000000,2008000,2301000,2008000,247010.309278,385008.352,247010.309278,6662,8412.653248,existing_table_value,h_mm,,existing_table_value,b_mm,,existing_table_value,tw_mm,,existing_table_value,tf_mm,,existing_table_value,tf_mm,,existing_table_value,r_mm,,derived_from_same_source_geometry,same_row_verified_source_geometry,,existing_table_value,mass_kg_m,,derived_from_same_source_geometry,same_row_verified_source_geometry,A = mass_kg_m / 7850 * 1e6,derived_from_same_source_geometry,same_row_verified_source_geometry,Aeff = A when no effective area is tabulated,existing_table_value,Iy_mm4,,existing_table_value,Iz_mm4,,derived_from_same_source_geometry,same_row_verified_source_geometry,,existing_table_value,It_mm4,,existing_table_value,Iw_mm6,,existing_table_value,Wel_y_mm3,,existing_table_value,Wpl_y_mm3,,derived_from_same_source_geometry,same_row_verified_source_geometry,"Weff,y = Wel,y when no effective strong-axis value is tabulated",derived_from_same_source_geometry,same_row_verified_source_geometry,"Wel,z = Iz / (b / 2)",derived_from_same_source_geometry,same_row_verified_source_geometry,"Wpl,z = b^2*tf/2 + tw^2*(h - 2tf)/4",derived_from_same_source_geometry,same_row_verified_source_geometry,"Weff,z = Wel,z when no effective weak-axis value is tabulated",existing_table_value,Avz_mm2,,derived_from_same_source_geometry,same_row_verified_source_geometry,"Av,y = A - tw*(h - 2tf)"
IPE,IPE AA 500,open_i_or_h,ArcelorMittal Sections and Merchant Bars Sales Programme,"V2024-2 PDF, modified 2024-08-27",https://sections.arcelormittal.com/repo/Sections/Sections_MB_ArcelorMittal_FR_EN_DE_V2024-2.pdf,verified_published_table,true,495.2,200,7.5,13.6,13.6,21,,73.2,9324.840764,9324.840764,399400000,18180000,,528600,1051000000000,1613000,1807000,1613000,181800,278581.25,181800,4561,5814.840764,existing_table_value,h_mm,,existing_table_value,b_mm,,existing_table_value,tw_mm,,existing_table_value,tf_mm,,existing_table_value,tf_mm,,existing_table_value,r_mm,,derived_from_same_source_geometry,same_row_verified_source_geometry,,existing_table_value,mass_kg_m,,derived_from_same_source_geometry,same_row_verified_source_geometry,A = mass_kg_m / 7850 * 1e6,derived_from_same_source_geometry,same_row_verified_source_geometry,Aeff = A when no effective area is tabulated,existing_table_value,Iy_mm4,,existing_table_value,Iz_mm4,,derived_from_same_source_geometry,same_row_verified_source_geometry,,existing_table_value,It_mm4,,existing_table_value,Iw_mm6,,existing_table_value,Wel_y_mm3,,existing_table_value,Wpl_y_mm3,,derived_from_same_source_geometry,same_row_verified_source_geometry,"Weff,y = Wel,y when no effective strong-axis value is tabulated",derived_from_same_source_geometry,same_row_verified_source_geometry,"Wel,z = Iz / (b / 2)",derived_from_same_source_geometry,same_row_verified_source_geometry,"Wpl,z = b^2*tf/2 + tw^2*(h - 2tf)/4",derived_from_same_source_geometry,same_row_verified_source_geometry,"Weff,z = Wel,z when no effective weak-axis value is tabulated",existing_table_value,Avz_mm2,,derived_from_same_source_geometry,same_row_verified_source_geometry,"Av,y = A - tw*(h - 2tf)"
IPE,IPE A 500,open_i_or_h,ArcelorMittal Sections and Merchant Bars Sales Programme,V2026-1,https://sections.arcelormittal.com/repo/Sections/Sections%20and%20Merchant%20Bars-ArcelorMittal_V2026-1.xlsx,verified_published_table,true,497,200,8.4,14.5,14.5,21,,79.4,10114.649682,10114.649682,429300000,19390000,,642800,1125000000000,1727000,1946000,1727000,193900,298255.52,193900,5040,6183.449682,existing_table_value,h_mm,,existing_table_value,b_mm,,existing_table_value,tw_mm,,existing_table_value,tf_mm,,existing_table_value,tf_mm,,existing_table_value,r_mm,,derived_from_same_source_geometry,same_row_verified_source_geometry,,existing_table_value,mass_kg_m,,derived_from_same_source_geometry,same_row_verified_source_geometry,A = mass_kg_m / 7850 * 1e6,derived_from_same_source_geometry,same_row_verified_source_geometry,Aeff = A when no effective area is tabulated,existing_table_value,Iy_mm4,,existing_table_value,Iz_mm4,,derived_from_same_source_geometry,same_row_verified_source_geometry,,existing_table_value,It_mm4,,existing_table_value,Iw_mm6,,existing_table_value,Wel_y_mm3,,existing_table_value,Wpl_y_mm3,,derived_from_same_source_geometry,same_row_verified_source_geometry,"Weff,y = Wel,y when no effective strong-axis value is tabulated",derived_from_same_source_geometry,same_row_verified_source_geometry,"Wel,z = Iz / (b / 2)",derived_from_same_source_geometry,same_row_verified_source_geometry,"Wpl,z = b^2*tf/2 + tw^2*(h - 2tf)/4",derived_from_same_source_geometry,same_row_verified_source_geometry,"Weff,z = Wel,z when no effective weak-axis value is tabulated",existing_table_value,Avz_mm2,,derived_from_same_source_geometry,same_row_verified_source_geometry,"Av,y = A - tw*(h - 2tf)"
IPE,IPE 500,open_i_or_h,ArcelorMittal Sections and Merchant Bars Sales Programme,V2026-1,https://sections.arcelormittal.com/repo/Sections/Sections%20and%20Merchant%20Bars-ArcelorMittal_V2026-1.xlsx,verified_published_table,true,500,200,10.2,16,16,21,,90.7,11554.140127,11554.140127,481900000,21410000,,890900,1249000000000,1927000,2194000,1927000,214100,332172.68,214100,5987,6780.540127,existing_table_value,h_mm,,existing_table_value,b_mm,,existing_table_value,tw_mm,,existing_table_value,tf_mm,,existing_table_value,tf_mm,,existing_table_value,r_mm,,derived_from_same_source_geometry,same_row_verified_source_geometry,,existing_table_value,mass_kg_m,,derived_from_same_source_geometry,same_row_verified_source_geometry,A = mass_kg_m / 7850 * 1e6,derived_from_same_source_geometry,same_row_verified_source_geometry,Aeff = A when no effective area is tabulated,existing_table_value,Iy_mm4,,existing_table_value,Iz_mm4,,derived_from_same_source_geometry,same_row_verified_source_geometry,,existing_table_value,It_mm4,,existing_table_value,Iw_mm6,,existing_table_value,Wel_y_mm3,,existing_table_value,Wpl_y_mm3,,derived_from_same_source_geometry,same_row_verified_source_geometry,"Weff,y = Wel,y when no effective strong-axis value is tabulated",derived_from_same_source_geometry,same_row_verified_source_geometry,"Wel,z = Iz / (b / 2)",derived_from_same_source_geometry,same_row_verified_source_geometry,"Wpl,z = b^2*tf/2 + tw^2*(h - 2tf)/4",derived_from_same_source_geometry,same_row_verified_source_geometry,"Weff,z = Wel,z when no effective weak-axis value is tabulated",existing_table_value,Avz_mm2,,derived_from_same_source_geometry,same_row_verified_source_geometry,"Av,y = A - tw*(h - 2tf)"
IPE,IPE O 500,open_i_or_h,ArcelorMittal Sections and Merchant Bars Sales Programme,V2026-1,https://sections.arcelormittal.com/repo/Sections/Sections%20and%20Merchant%20Bars-ArcelorMittal_V2026-1.xlsx,verified_published_table,true,506,202,12,19,19,21,,107,13630.573248,13630.573248,577700000,26210000,,1427000,1547000000000,2283000,2612000,2283000,259504.950495,404486,259504.950495,7020,8014.573248,existing_table_value,h_mm,,existing_table_value,b_mm,,existing_table_value,tw_mm,,existing_table_value,tf_mm,,existing_table_value,tf_mm,,existing_table_value,r_mm,,derived_from_same_source_geometry,same_row_verified_source_geometry,,existing_table_value,mass_kg_m,,derived_from_same_source_geometry,same_row_verified_source_geometry,A = mass_kg_m / 7850 * 1e6,derived_from_same_source_geometry,same_row_verified_source_geometry,Aeff = A when no effective area is tabulated,existing_table_value,Iy_mm4,,existing_table_value,Iz_mm4,,derived_from_same_source_geometry,same_row_verified_source_geometry,,existing_table_value,It_mm4,,existing_table_value,Iw_mm6,,existing_table_value,Wel_y_mm3,,existing_table_value,Wpl_y_mm3,,derived_from_same_source_geometry,same_row_verified_source_geometry,"Weff,y = Wel,y when no effective strong-axis value is tabulated",derived_from_same_source_geometry,same_row_verified_source_geometry,"Wel,z = Iz / (b / 2)",derived_from_same_source_geometry,same_row_verified_source_geometry,"Wpl,z = b^2*tf/2 + tw^2*(h - 2tf)/4",derived_from_same_source_geometry,same_row_verified_source_geometry,"Weff,z = Wel,z when no effective weak-axis value is tabulated",existing_table_value,Avz_mm2,,derived_from_same_source_geometry,same_row_verified_source_geometry,"Av,y = A - tw*(h - 2tf)"
IPE,IPE V 500,open_i_or_h,ArcelorMittal Sections and Merchant Bars Sales Programme,V2026-1,https://sections.arcelormittal.com/repo/Sections/Sections%20and%20Merchant%20Bars-ArcelorMittal_V2026-1.xlsx,verified_published_table,true,514,204,14.2,23,23,21,,129,16433.121019,16433.121019,707100000,32710000,,2415000,1961000000000,2751000,3168000,2751000,320686.27451,502175.88,320686.27451,8316,9787.521019,existing_table_value,h_mm,,existing_table_value,b_mm,,existing_table_value,tw_mm,,existing_table_value,tf_mm,,existing_table_value,tf_mm,,existing_table_value,r_mm,,derived_from_same_source_geometry,same_row_verified_source_geometry,,existing_table_value,mass_kg_m,,derived_from_same_source_geometry,same_row_verified_source_geometry,A = mass_kg_m / 7850 * 1e6,derived_from_same_source_geometry,same_row_verified_source_geometry,Aeff = A when no effective area is tabulated,existing_table_value,Iy_mm4,,existing_table_value,Iz_mm4,,derived_from_same_source_geometry,same_row_verified_source_geometry,,existing_table_value,It_mm4,,existing_table_value,Iw_mm6,,existing_table_value,Wel_y_mm3,,existing_table_value,Wpl_y_mm3,,derived_from_same_source_geometry,same_row_verified_source_geometry,"Weff,y = Wel,y when no effective strong-axis value is tabulated",derived_from_same_source_geometry,same_row_verified_source_geometry,"Wel,z = Iz / (b / 2)",derived_from_same_source_geometry,same_row_verified_source_geometry,"Wpl,z = b^2*tf/2 + tw^2*(h - 2tf)/4",derived_from_same_source_geometry,same_row_verified_source_geometry,"Weff,z = Wel,z when no effective weak-axis value is tabulated",existing_table_value,Avz_mm2,,derived_from_same_source_geometry,same_row_verified_source_geometry,"Av,y = A - tw*(h - 2tf)"
IPE,IPE AA 550,open_i_or_h,ArcelorMittal Sections and Merchant Bars Sales Programme,V2026-1,https://sections.arcelormittal.com/repo/Sections/Sections%20and%20Merchant%20Bars-ArcelorMittal_V2026-1.xlsx,verified_published_table,true,541,210,8.5,12.5,12.5,24,,79.5,10127.388535,10127.388535,495500000,19370000,,561800,1347000000000,1831000,2078000,1831000,184476.190476,284945.25,184476.190476,5586,5741.388535,existing_table_value,h_mm,,existing_table_value,b_mm,,existing_table_value,tw_mm,,existing_table_value,tf_mm,,existing_table_value,tf_mm,,existing_table_value,r_mm,,derived_from_same_source_geometry,same_row_verified_source_geometry,,existing_table_value,mass_kg_m,,derived_from_same_source_geometry,same_row_verified_source_geometry,A = mass_kg_m / 7850 * 1e6,derived_from_same_source_geometry,same_row_verified_source_geometry,Aeff = A when no effective area is tabulated,existing_table_value,Iy_mm4,,existing_table_value,Iz_mm4,,derived_from_same_source_geometry,same_row_verified_source_geometry,,existing_table_value,It_mm4,,existing_table_value,Iw_mm6,,existing_table_value,Wel_y_mm3,,existing_table_value,Wpl_y_mm3,,derived_from_same_source_geometry,same_row_verified_source_geometry,"Weff,y = Wel,y when no effective strong-axis value is tabulated",derived_from_same_source_geometry,same_row_verified_source_geometry,"Wel,z = Iz / (b / 2)",derived_from_same_source_geometry,same_row_verified_source_geometry,"Wpl,z = b^2*tf/2 + tw^2*(h - 2tf)/4",derived_from_same_source_geometry,same_row_verified_source_geometry,"Weff,z = Wel,z when no effective weak-axis value is tabulated",existing_table_value,Avz_mm2,,derived_from_same_source_geometry,same_row_verified_source_geometry,"Av,y = A - tw*(h - 2tf)"
IPE,IPE A 550,open_i_or_h,ArcelorMittal Sections and Merchant Bars Sales Programme,V2026-1,https://sections.arcelormittal.com/repo/Sections/Sections%20and%20Merchant%20Bars-ArcelorMittal_V2026-1.xlsx,verified_published_table,true,547,210,9,15.7,15.7,24,,92.1,11732.484076,11732.484076,599700000,24320000,,892900,1710000000000,2193000,2474000,2193000,231619.047619,356625.9,231619.047619,6029,7092.084076,existing_table_value,h_mm,,existing_table_value,b_mm,,existing_table_value,tw_mm,,existing_table_value,tf_mm,,existing_table_value,tf_mm,,existing_table_value,r_mm,,derived_from_same_source_geometry,same_row_verified_source_geometry,,existing_table_value,mass_kg_m,,derived_from_same_source_geometry,same_row_verified_source_geometry,A = mass_kg_m / 7850 * 1e6,derived_from_same_source_geometry,same_row_verified_source_geometry,Aeff = A when no effective area is tabulated,existing_table_value,Iy_mm4,,existing_table_value,Iz_mm4,,derived_from_same_source_geometry,same_row_verified_source_geometry,,existing_table_value,It_mm4,,existing_table_value,Iw_mm6,,existing_table_value,Wel_y_mm3,,existing_table_value,Wpl_y_mm3,,derived_from_same_source_geometry,same_row_verified_source_geometry,"Weff,y = Wel,y when no effective strong-axis value is tabulated",derived_from_same_source_geometry,same_row_verified_source_geometry,"Wel,z = Iz / (b / 2)",derived_from_same_source_geometry,same_row_verified_source_geometry,"Wpl,z = b^2*tf/2 + tw^2*(h - 2tf)/4",derived_from_same_source_geometry,same_row_verified_source_geometry,"Weff,z = Wel,z when no effective weak-axis value is tabulated",existing_table_value,Avz_mm2,,derived_from_same_source_geometry,same_row_verified_source_geometry,"Av,y = A - tw*(h - 2tf)"
IPE,IPE 550,open_i_or_h,ArcelorMittal Sections and Merchant Bars Sales Programme,V2026-1,https://sections.arcelormittal.com/repo/Sections/Sections%20and%20Merchant%20Bars-ArcelorMittal_V2026-1.xlsx,verified_published_table,true,550,210,11.1,17.2,17.2,24,,106,13503.184713,13503.184713,671100000,26670000,,1228000,1884000000000,2440000,2787000,2440000,254000,395141.769,254000,7234,7780.024713,existing_table_value,h_mm,,existing_table_value,b_mm,,existing_table_value,tw_mm,,existing_table_value,tf_mm,,existing_table_value,tf_mm,,existing_table_value,r_mm,,derived_from_same_source_geometry,same_row_verified_source_geometry,,existing_table_value,mass_kg_m,,derived_from_same_source_geometry,same_row_verified_source_geometry,A = mass_kg_m / 7850 * 1e6,derived_from_same_source_geometry,same_row_verified_source_geometry,Aeff = A when no effective area is tabulated,existing_table_value,Iy_mm4,,existing_table_value,Iz_mm4,,derived_from_same_source_geometry,same_row_verified_source_geometry,,existing_table_value,It_mm4,,existing_table_value,Iw_mm6,,existing_table_value,Wel_y_mm3,,existing_table_value,Wpl_y_mm3,,derived_from_same_source_geometry,same_row_verified_source_geometry,"Weff,y = Wel,y when no effective strong-axis value is tabulated",derived_from_same_source_geometry,same_row_verified_source_geometry,"Wel,z = Iz / (b / 2)",derived_from_same_source_geometry,same_row_verified_source_geometry,"Wpl,z = b^2*tf/2 + tw^2*(h - 2tf)/4",derived_from_same_source_geometry,same_row_verified_source_geometry,"Weff,z = Wel,z when no effective weak-axis value is tabulated",existing_table_value,Avz_mm2,,derived_from_same_source_geometry,same_row_verified_source_geometry,"Av,y = A - tw*(h - 2tf)"
IPE,IPE O 550,open_i_or_h,ArcelorMittal Sections and Merchant Bars Sales Programme,V2026-1,https://sections.arcelormittal.com/repo/Sections/Sections%20and%20Merchant%20Bars-ArcelorMittal_V2026-1.xlsx,verified_published_table,true,556,212,12.7,20.2,20.2,24,,123,15668.789809,15668.789809,791500000,32240000,,1871000,2302000000000,2847000,3263000,2847000,304150.943396,474724.681,304150.943396,8268,9120.669809,existing_table_value,h_mm,,existing_table_value,b_mm,,existing_table_value,tw_mm,,existing_table_value,tf_mm,,existing_table_value,tf_mm,,existing_table_value,r_mm,,derived_from_same_source_geometry,same_row_verified_source_geometry,,existing_table_value,mass_kg_m,,derived_from_same_source_geometry,same_row_verified_source_geometry,A = mass_kg_m / 7850 * 1e6,derived_from_same_source_geometry,same_row_verified_source_geometry,Aeff = A when no effective area is tabulated,existing_table_value,Iy_mm4,,existing_table_value,Iz_mm4,,derived_from_same_source_geometry,same_row_verified_source_geometry,,existing_table_value,It_mm4,,existing_table_value,Iw_mm6,,existing_table_value,Wel_y_mm3,,existing_table_value,Wpl_y_mm3,,derived_from_same_source_geometry,same_row_verified_source_geometry,"Weff,y = Wel,y when no effective strong-axis value is tabulated",derived_from_same_source_geometry,same_row_verified_source_geometry,"Wel,z = Iz / (b / 2)",derived_from_same_source_geometry,same_row_verified_source_geometry,"Wpl,z = b^2*tf/2 + tw^2*(h - 2tf)/4",derived_from_same_source_geometry,same_row_verified_source_geometry,"Weff,z = Wel,z when no effective weak-axis value is tabulated",existing_table_value,Avz_mm2,,derived_from_same_source_geometry,same_row_verified_source_geometry,"Av,y = A - tw*(h - 2tf)"
IPE,IPE A 600,open_i_or_h,ArcelorMittal Sections and Merchant Bars Sales Programme,V2026-1,https://sections.arcelormittal.com/repo/Sections/Sections%20and%20Merchant%20Bars-ArcelorMittal_V2026-1.xlsx,verified_published_table,true,597,220,9.8,17.5,17.5,24,,108,13757.961783,13757.961783,829100000,31160000,,1221000,2607000000000,2777000,3141000,2777000,283272.727273,436993.62,283272.727273,7013,8250.361783,existing_table_value,h_mm,,existing_table_value,b_mm,,existing_table_value,tw_mm,,existing_table_value,tf_mm,,existing_table_value,tf_mm,,existing_table_value,r_mm,,derived_from_same_source_geometry,same_row_verified_source_geometry,,existing_table_value,mass_kg_m,,derived_from_same_source_geometry,same_row_verified_source_geometry,A = mass_kg_m / 7850 * 1e6,derived_from_same_source_geometry,same_row_verified_source_geometry,Aeff = A when no effective area is tabulated,existing_table_value,Iy_mm4,,existing_table_value,Iz_mm4,,derived_from_same_source_geometry,same_row_verified_source_geometry,,existing_table_value,It_mm4,,existing_table_value,Iw_mm6,,existing_table_value,Wel_y_mm3,,existing_table_value,Wpl_y_mm3,,derived_from_same_source_geometry,same_row_verified_source_geometry,"Weff,y = Wel,y when no effective strong-axis value is tabulated",derived_from_same_source_geometry,same_row_verified_source_geometry,"Wel,z = Iz / (b / 2)",derived_from_same_source_geometry,same_row_verified_source_geometry,"Wpl,z = b^2*tf/2 + tw^2*(h - 2tf)/4",derived_from_same_source_geometry,same_row_verified_source_geometry,"Weff,z = Wel,z when no effective weak-axis value is tabulated",existing_table_value,Avz_mm2,,derived_from_same_source_geometry,same_row_verified_source_geometry,"Av,y = A - tw*(h - 2tf)"
IPE,IPE 600,open_i_or_h,ArcelorMittal Sections and Merchant Bars Sales Programme,V2026-1,https://sections.arcelormittal.com/repo/Sections/Sections%20and%20Merchant%20Bars-ArcelorMittal_V2026-1.xlsx,verified_published_table,true,600,220,12,19,19,24,,122,15541.401274,15541.401274,920800000,33870000,,1652000,2845000000000,3069000,3512000,3069000,307909.090909,480032,307909.090909,8378,8797.401274,existing_table_value,h_mm,,existing_table_value,b_mm,,existing_table_value,tw_mm,,existing_table_value,tf_mm,,existing_table_value,tf_mm,,existing_table_value,r_mm,,derived_from_same_source_geometry,same_row_verified_source_geometry,,existing_table_value,mass_kg_m,,derived_from_same_source_geometry,same_row_verified_source_geometry,A = mass_kg_m / 7850 * 1e6,derived_from_same_source_geometry,same_row_verified_source_geometry,Aeff = A when no effective area is tabulated,existing_table_value,Iy_mm4,,existing_table_value,Iz_mm4,,derived_from_same_source_geometry,same_row_verified_source_geometry,,existing_table_value,It_mm4,,existing_table_value,Iw_mm6,,existing_table_value,Wel_y_mm3,,existing_table_value,Wpl_y_mm3,,derived_from_same_source_geometry,same_row_verified_source_geometry,"Weff,y = Wel,y when no effective strong-axis value is tabulated",derived_from_same_source_geometry,same_row_verified_source_geometry,"Wel,z = Iz / (b / 2)",derived_from_same_source_geometry,same_row_verified_source_geometry,"Wpl,z = b^2*tf/2 + tw^2*(h - 2tf)/4",derived_from_same_source_geometry,same_row_verified_source_geometry,"Weff,z = Wel,z when no effective weak-axis value is tabulated",existing_table_value,Avz_mm2,,derived_from_same_source_geometry,same_row_verified_source_geometry,"Av,y = A - tw*(h - 2tf)"
IPE,IPE O 600,open_i_or_h,ArcelorMittal Sections and Merchant Bars Sales Programme,V2026-1,https://sections.arcelormittal.com/repo/Sections/Sections%20and%20Merchant%20Bars-ArcelorMittal_V2026-1.xlsx,verified_published_table,true,610,224,15,24,24,24,,154,19617.834395,19617.834395,1183000000,45200000,,3163000,3859000000000,3878000,4471000,3878000,403571.428571,633724.5,403571.428571,10430,11187.834395,existing_table_value,h_mm,,existing_table_value,b_mm,,existing_table_value,tw_mm,,existing_table_value,tf_mm,,existing_table_value,tf_mm,,existing_table_value,r_mm,,derived_from_same_source_geometry,same_row_verified_source_geometry,,existing_table_value,mass_kg_m,,derived_from_same_source_geometry,same_row_verified_source_geometry,A = mass_kg_m / 7850 * 1e6,derived_from_same_source_geometry,same_row_verified_source_geometry,Aeff = A when no effective area is tabulated,existing_table_value,Iy_mm4,,existing_table_value,Iz_mm4,,derived_from_same_source_geometry,same_row_verified_source_geometry,,existing_table_value,It_mm4,,existing_table_value,Iw_mm6,,existing_table_value,Wel_y_mm3,,existing_table_value,Wpl_y_mm3,,derived_from_same_source_geometry,same_row_verified_source_geometry,"Weff,y = Wel,y when no effective strong-axis value is tabulated",derived_from_same_source_geometry,same_row_verified_source_geometry,"Wel,z = Iz / (b / 2)",derived_from_same_source_geometry,same_row_verified_source_geometry,"Wpl,z = b^2*tf/2 + tw^2*(h - 2tf)/4",derived_from_same_source_geometry,same_row_verified_source_geometry,"Weff,z = Wel,z when no effective weak-axis value is tabulated",existing_table_value,Avz_mm2,,derived_from_same_source_geometry,same_row_verified_source_geometry,"Av,y = A - tw*(h - 2tf)"
IPE,IPE V 600,open_i_or_h,ArcelorMittal Sections and Merchant Bars Sales Programme,V2026-1,https://sections.arcelormittal.com/repo/Sections/Sections%20and%20Merchant%20Bars-ArcelorMittal_V2026-1.xlsx,verified_published_table,true,618,228,18,28,28,24,,184,23439.490446,23439.490446,1415800000,55690000,,5058000,4813000000000,4581000,5324000,4581000,488508.77193,773298,488508.77193,12450,13323.490446,existing_table_value,h_mm,,existing_table_value,b_mm,,existing_table_value,tw_mm,,existing_table_value,tf_mm,,existing_table_value,tf_mm,,existing_table_value,r_mm,,derived_from_same_source_geometry,same_row_verified_source_geometry,,existing_table_value,mass_kg_m,,derived_from_same_source_geometry,same_row_verified_source_geometry,A = mass_kg_m / 7850 * 1e6,derived_from_same_source_geometry,same_row_verified_source_geometry,Aeff = A when no effective area is tabulated,existing_table_value,Iy_mm4,,existing_table_value,Iz_mm4,,derived_from_same_source_geometry,same_row_verified_source_geometry,,existing_table_value,It_mm4,,existing_table_value,Iw_mm6,,existing_table_value,Wel_y_mm3,,existing_table_value,Wpl_y_mm3,,derived_from_same_source_geometry,same_row_verified_source_geometry,"Weff,y = Wel,y when no effective strong-axis value is tabulated",derived_from_same_source_geometry,same_row_verified_source_geometry,"Wel,z = Iz / (b / 2)",derived_from_same_source_geometry,same_row_verified_source_geometry,"Wpl,z = b^2*tf/2 + tw^2*(h - 2tf)/4",derived_from_same_source_geometry,same_row_verified_source_geometry,"Weff,z = Wel,z when no effective weak-axis value is tabulated",existing_table_value,Avz_mm2,,derived_from_same_source_geometry,same_row_verified_source_geometry,"Av,y = A - tw*(h - 2tf)"
IPE,IPE 750 x 134,open_i_or_h,ArcelorMittal Sections and Merchant Bars Sales Programme,V2026-1,https://sections.arcelormittal.com/repo/Sections/Sections%20and%20Merchant%20Bars-ArcelorMittal_V2026-1.xlsx,verified_published_table,true,750,264,12,15.5,15.5,20,,134,17070.063694,17070.063694,1518900000,47670000,,1249000,6410000000000,4050000,4678000,4050000,361136.363636,566028,361136.363636,9777,8442.063694,existing_table_value,h_mm,,existing_table_value,b_mm,,existing_table_value,tw_mm,,existing_table_value,tf_mm,,existing_table_value,tf_mm,,existing_table_value,r_mm,,derived_from_same_source_geometry,same_row_verified_source_geometry,,existing_table_value,mass_kg_m,,derived_from_same_source_geometry,same_row_verified_source_geometry,A = mass_kg_m / 7850 * 1e6,derived_from_same_source_geometry,same_row_verified_source_geometry,Aeff = A when no effective area is tabulated,existing_table_value,Iy_mm4,,existing_table_value,Iz_mm4,,derived_from_same_source_geometry,same_row_verified_source_geometry,,existing_table_value,It_mm4,,existing_table_value,Iw_mm6,,existing_table_value,Wel_y_mm3,,existing_table_value,Wpl_y_mm3,,derived_from_same_source_geometry,same_row_verified_source_geometry,"Weff,y = Wel,y when no effective strong-axis value is tabulated",derived_from_same_source_geometry,same_row_verified_source_geometry,"Wel,z = Iz / (b / 2)",derived_from_same_source_geometry,same_row_verified_source_geometry,"Wpl,z = b^2*tf/2 + tw^2*(h - 2tf)/4",derived_from_same_source_geometry,same_row_verified_source_geometry,"Weff,z = Wel,z when no effective weak-axis value is tabulated",existing_table_value,Avz_mm2,,derived_from_same_source_geometry,same_row_verified_source_geometry,"Av,y = A - tw*(h - 2tf)"
IPE,IPE 750 x 147,open_i_or_h,ArcelorMittal Sections and Merchant Bars Sales Programme,V2026-1,https://sections.arcelormittal.com/repo/Sections/Sections%20and%20Merchant%20Bars-ArcelorMittal_V2026-1.xlsx,verified_published_table,true,753,265,13.2,17,17,20,,147,18726.11465,18726.11465,1672500000,52910000,,1632000,7140000000000,4442000,5143000,4442000,399320.754717,628232.14,399320.754717,10730,9235.31465,existing_table_value,h_mm,,existing_table_value,b_mm,,existing_table_value,tw_mm,,existing_table_value,tf_mm,,existing_table_value,tf_mm,,existing_table_value,r_mm,,derived_from_same_source_geometry,same_row_verified_source_geometry,,existing_table_value,mass_kg_m,,derived_from_same_source_geometry,same_row_verified_source_geometry,A = mass_kg_m / 7850 * 1e6,derived_from_same_source_geometry,same_row_verified_source_geometry,Aeff = A when no effective area is tabulated,existing_table_value,Iy_mm4,,existing_table_value,Iz_mm4,,derived_from_same_source_geometry,same_row_verified_source_geometry,,existing_table_value,It_mm4,,existing_table_value,Iw_mm6,,existing_table_value,Wel_y_mm3,,existing_table_value,Wpl_y_mm3,,derived_from_same_source_geometry,same_row_verified_source_geometry,"Weff,y = Wel,y when no effective strong-axis value is tabulated",derived_from_same_source_geometry,same_row_verified_source_geometry,"Wel,z = Iz / (b / 2)",derived_from_same_source_geometry,same_row_verified_source_geometry,"Wpl,z = b^2*tf/2 + tw^2*(h - 2tf)/4",derived_from_same_source_geometry,same_row_verified_source_geometry,"Weff,z = Wel,z when no effective weak-axis value is tabulated",existing_table_value,Avz_mm2,,derived_from_same_source_geometry,same_row_verified_source_geometry,"Av,y = A - tw*(h - 2tf)"
IPE,IPE 750 x 173,open_i_or_h,ArcelorMittal Sections and Merchant Bars Sales Programme,V2026-1,https://sections.arcelormittal.com/repo/Sections/Sections%20and%20Merchant%20Bars-ArcelorMittal_V2026-1.xlsx,verified_published_table,true,762,267,14.4,21.6,21.6,20,,173,22038.216561,22038.216561,2070100000,68750000,,2787000,9390000000000,5433000,6251000,5433000,514981.273408,807183.792,514981.273408,11860,11687.496561,existing_table_value,h_mm,,existing_table_value,b_mm,,existing_table_value,tw_mm,,existing_table_value,tf_mm,,existing_table_value,tf_mm,,existing_table_value,r_mm,,derived_from_same_source_geometry,same_row_verified_source_geometry,,existing_table_value,mass_kg_m,,derived_from_same_source_geometry,same_row_verified_source_geometry,A = mass_kg_m / 7850 * 1e6,derived_from_same_source_geometry,same_row_verified_source_geometry,Aeff = A when no effective area is tabulated,existing_table_value,Iy_mm4,,existing_table_value,Iz_mm4,,derived_from_same_source_geometry,same_row_verified_source_geometry,,existing_table_value,It_mm4,,existing_table_value,Iw_mm6,,existing_table_value,Wel_y_mm3,,existing_table_value,Wpl_y_mm3,,derived_from_same_source_geometry,same_row_verified_source_geometry,"Weff,y = Wel,y when no effective strong-axis value is tabulated",derived_from_same_source_geometry,same_row_verified_source_geometry,"Wel,z = Iz / (b / 2)",derived_from_same_source_geometry,same_row_verified_source_geometry,"Wpl,z = b^2*tf/2 + tw^2*(h - 2tf)/4",derived_from_same_source_geometry,same_row_verified_source_geometry,"Weff,z = Wel,z when no effective weak-axis value is tabulated",existing_table_value,Avz_mm2,,derived_from_same_source_geometry,same_row_verified_source_geometry,"Av,y = A - tw*(h - 2tf)"
IPE,IPE 750 x 196,open_i_or_h,ArcelorMittal Sections and Merchant Bars Sales Programme,V2026-1,https://sections.arcelormittal.com/repo/Sections/Sections%20and%20Merchant%20Bars-ArcelorMittal_V2026-1.xlsx,verified_published_table,true,770,268,15.6,25.4,25.4,20,,196,24968.152866,24968.152866,2414700000,81770000,,4165000,11290000000000,6271000,7207000,6271000,610223.880597,955920.928,610223.880597,12970,13748.632866,existing_table_value,h_mm,,existing_table_value,b_mm,,existing_table_value,tw_mm,,existing_table_value,tf_mm,,existing_table_value,tf_mm,,existing_table_value,r_mm,,derived_from_same_source_geometry,same_row_verified_source_geometry,,existing_table_value,mass_kg_m,,derived_from_same_source_geometry,same_row_verified_source_geometry,A = mass_kg_m / 7850 * 1e6,derived_from_same_source_geometry,same_row_verified_source_geometry,Aeff = A when no effective area is tabulated,existing_table_value,Iy_mm4,,existing_table_value,Iz_mm4,,derived_from_same_source_geometry,same_row_verified_source_geometry,,existing_table_value,It_mm4,,existing_table_value,Iw_mm6,,existing_table_value,Wel_y_mm3,,existing_table_value,Wpl_y_mm3,,derived_from_same_source_geometry,same_row_verified_source_geometry,"Weff,y = Wel,y when no effective strong-axis value is tabulated",derived_from_same_source_geometry,same_row_verified_source_geometry,"Wel,z = Iz / (b / 2)",derived_from_same_source_geometry,same_row_verified_source_geometry,"Wpl,z = b^2*tf/2 + tw^2*(h - 2tf)/4",derived_from_same_source_geometry,same_row_verified_source_geometry,"Weff,z = Wel,z when no effective weak-axis value is tabulated",existing_table_value,Avz_mm2,,derived_from_same_source_geometry,same_row_verified_source_geometry,"Av,y = A - tw*(h - 2tf)"
IPE,IPE 750 x 220,open_i_or_h,ArcelorMittal Sections and Merchant Bars Sales Programme,V2026-1,https://sections.arcelormittal.com/repo/Sections/Sections%20and%20Merchant%20Bars-ArcelorMittal_V2026-1.xlsx,verified_published_table,true,779,266,16.5,30,30,20,,220,28025.477707,28025.477707,2793900000,94430000,,6205000,13190000000000,7173000,8231000,7173000,710000,1110276.9375,710000,13900,16161.977707,existing_table_value,h_mm,,existing_table_value,b_mm,,existing_table_value,tw_mm,,existing_table_value,tf_mm,,existing_table_value,tf_mm,,existing_table_value,r_mm,,derived_from_same_source_geometry,same_row_verified_source_geometry,,existing_table_value,mass_kg_m,,derived_from_same_source_geometry,same_row_verified_source_geometry,A = mass_kg_m / 7850 * 1e6,derived_from_same_source_geometry,same_row_verified_source_geometry,Aeff = A when no effective area is tabulated,existing_table_value,Iy_mm4,,existing_table_value,Iz_mm4,,derived_from_same_source_geometry,same_row_verified_source_geometry,,existing_table_value,It_mm4,,existing_table_value,Iw_mm6,,existing_table_value,Wel_y_mm3,,existing_table_value,Wpl_y_mm3,,derived_from_same_source_geometry,same_row_verified_source_geometry,"Weff,y = Wel,y when no effective strong-axis value is tabulated",derived_from_same_source_geometry,same_row_verified_source_geometry,"Wel,z = Iz / (b / 2)",derived_from_same_source_geometry,same_row_verified_source_geometry,"Wpl,z = b^2*tf/2 + tw^2*(h - 2tf)/4",derived_from_same_source_geometry,same_row_verified_source_geometry,"Weff,z = Wel,z when no effective weak-axis value is tabulated",existing_table_value,Avz_mm2,,derived_from_same_source_geometry,same_row_verified_source_geometry,"Av,y = A - tw*(h - 2tf)"
HEM,HE 100 M,open_i_or_h,ArcelorMittal Sections and Merchant Bars Sales Programme,V2026-1,https://sections.arcelormittal.com/repo/Sections/Sections%20and%20Merchant%20Bars-ArcelorMittal_V2026-1.xlsx,verified_published_table,true,120,106,12,20,20,12,,41.8,5324.840764,5324.840764,11420000,3991000,,672300,9925000000,190400,235800,190400,75301.886792,115240,75301.886792,1803,4364.840764,existing_table_value,h_mm,,existing_table_value,b_mm,,existing_table_value,tw_mm,,existing_table_value,tf_mm,,existing_table_value,tf_mm,,existing_table_value,r_mm,,derived_from_same_source_geometry,same_row_verified_source_geometry,,existing_table_value,mass_kg_m,,derived_from_same_source_geometry,same_row_verified_source_geometry,A = mass_kg_m / 7850 * 1e6,derived_from_same_source_geometry,same_row_verified_source_geometry,Aeff = A when no effective area is tabulated,existing_table_value,Iy_mm4,,existing_table_value,Iz_mm4,,derived_from_same_source_geometry,same_row_verified_source_geometry,,existing_table_value,It_mm4,,existing_table_value,Iw_mm6,,existing_table_value,Wel_y_mm3,,existing_table_value,Wpl_y_mm3,,derived_from_same_source_geometry,same_row_verified_source_geometry,"Weff,y = Wel,y when no effective strong-axis value is tabulated",derived_from_same_source_geometry,same_row_verified_source_geometry,"Wel,z = Iz / (b / 2)",derived_from_same_source_geometry,same_row_verified_source_geometry,"Wpl,z = b^2*tf/2 + tw^2*(h - 2tf)/4",derived_from_same_source_geometry,same_row_verified_source_geometry,"Weff,z = Wel,z when no effective weak-axis value is tabulated",existing_table_value,Avz_mm2,,derived_from_same_source_geometry,same_row_verified_source_geometry,"Av,y = A - tw*(h - 2tf)"
HEM,HE 120 M,open_i_or_h,ArcelorMittal Sections and Merchant Bars Sales Programme,V2026-1,https://sections.arcelormittal.com/repo/Sections/Sections%20and%20Merchant%20Bars-ArcelorMittal_V2026-1.xlsx,verified_published_table,true,140,126,12.5,21,21,12,,52.1,6636.942675,6636.942675,20170000,7027000,,905100,24780000000,288200,350600,288200,111539.68254,170526.125,111539.68254,2115,5411.942675,existing_table_value,h_mm,,existing_table_value,b_mm,,existing_table_value,tw_mm,,existing_table_value,tf_mm,,existing_table_value,tf_mm,,existing_table_value,r_mm,,derived_from_same_source_geometry,same_row_verified_source_geometry,,existing_table_value,mass_kg_m,,derived_from_same_source_geometry,same_row_verified_source_geometry,A = mass_kg_m / 7850 * 1e6,derived_from_same_source_geometry,same_row_verified_source_geometry,Aeff = A when no effective area is tabulated,existing_table_value,Iy_mm4,,existing_table_value,Iz_mm4,,derived_from_same_source_geometry,same_row_verified_source_geometry,,existing_table_value,It_mm4,,existing_table_value,Iw_mm6,,existing_table_value,Wel_y_mm3,,existing_table_value,Wpl_y_mm3,,derived_from_same_source_geometry,same_row_verified_source_geometry,"Weff,y = Wel,y when no effective strong-axis value is tabulated",derived_from_same_source_geometry,same_row_verified_source_geometry,"Wel,z = Iz / (b / 2)",derived_from_same_source_geometry,same_row_verified_source_geometry,"Wpl,z = b^2*tf/2 + tw^2*(h - 2tf)/4",derived_from_same_source_geometry,same_row_verified_source_geometry,"Weff,z = Wel,z when no effective weak-axis value is tabulated",existing_table_value,Avz_mm2,,derived_from_same_source_geometry,same_row_verified_source_geometry,"Av,y = A - tw*(h - 2tf)"
HEM,HE 140 M,open_i_or_h,ArcelorMittal Sections and Merchant Bars Sales Programme,V2026-1,https://sections.arcelormittal.com/repo/Sections/Sections%20and%20Merchant%20Bars-ArcelorMittal_V2026-1.xlsx,verified_published_table,true,160,146,13,22,22,12,,63.2,8050.955414,8050.955414,32910000,11440000,,1186000,54320000000,411400,493800,411400,156712.328767,239377,156712.328767,2445,6542.955414,existing_table_value,h_mm,,existing_table_value,b_mm,,existing_table_value,tw_mm,,existing_table_value,tf_mm,,existing_table_value,tf_mm,,existing_table_value,r_mm,,derived_from_same_source_geometry,same_row_verified_source_geometry,,existing_table_value,mass_kg_m,,derived_from_same_source_geometry,same_row_verified_source_geometry,A = mass_kg_m / 7850 * 1e6,derived_from_same_source_geometry,same_row_verified_source_geometry,Aeff = A when no effective area is tabulated,existing_table_value,Iy_mm4,,existing_table_value,Iz_mm4,,derived_from_same_source_geometry,same_row_verified_source_geometry,,existing_table_value,It_mm4,,existing_table_value,Iw_mm6,,existing_table_value,Wel_y_mm3,,existing_table_value,Wpl_y_mm3,,derived_from_same_source_geometry,same_row_verified_source_geometry,"Weff,y = Wel,y when no effective strong-axis value is tabulated",derived_from_same_source_geometry,same_row_verified_source_geometry,"Wel,z = Iz / (b / 2)",derived_from_same_source_geometry,same_row_verified_source_geometry,"Wpl,z = b^2*tf/2 + tw^2*(h - 2tf)/4",derived_from_same_source_geometry,same_row_verified_source_geometry,"Weff,z = Wel,z when no effective weak-axis value is tabulated",existing_table_value,Avz_mm2,,derived_from_same_source_geometry,same_row_verified_source_geometry,"Av,y = A - tw*(h - 2tf)"
HEM,HE 160 M,open_i_or_h,ArcelorMittal Sections and Merchant Bars Sales Programme,V2026-1,https://sections.arcelormittal.com/repo/Sections/Sections%20and%20Merchant%20Bars-ArcelorMittal_V2026-1.xlsx,verified_published_table,true,180,166,14,23,23,15,,76.2,9707.006369,9707.006369,50980000,17580000,,1605000,108000000000,566400,674500,566400,211807.228916,323460,211807.228916,3081,7831.006369,existing_table_value,h_mm,,existing_table_value,b_mm,,existing_table_value,tw_mm,,existing_table_value,tf_mm,,existing_table_value,tf_mm,,existing_table_value,r_mm,,derived_from_same_source_geometry,same_row_verified_source_geometry,,existing_table_value,mass_kg_m,,derived_from_same_source_geometry,same_row_verified_source_geometry,A = mass_kg_m / 7850 * 1e6,derived_from_same_source_geometry,same_row_verified_source_geometry,Aeff = A when no effective area is tabulated,existing_table_value,Iy_mm4,,existing_table_value,Iz_mm4,,derived_from_same_source_geometry,same_row_verified_source_geometry,,existing_table_value,It_mm4,,existing_table_value,Iw_mm6,,existing_table_value,Wel_y_mm3,,existing_table_value,Wpl_y_mm3,,derived_from_same_source_geometry,same_row_verified_source_geometry,"Weff,y = Wel,y when no effective strong-axis value is tabulated",derived_from_same_source_geometry,same_row_verified_source_geometry,"Wel,z = Iz / (b / 2)",derived_from_same_source_geometry,same_row_verified_source_geometry,"Wpl,z = b^2*tf/2 + tw^2*(h - 2tf)/4",derived_from_same_source_geometry,same_row_verified_source_geometry,"Weff,z = Wel,z when no effective weak-axis value is tabulated",existing_table_value,Avz_mm2,,derived_from_same_source_geometry,same_row_verified_source_geometry,"Av,y = A - tw*(h - 2tf)"
HEM,HE 180 M,open_i_or_h,ArcelorMittal Sections and Merchant Bars Sales Programme,V2026-1,https://sections.arcelormittal.com/repo/Sections/Sections%20and%20Merchant%20Bars-ArcelorMittal_V2026-1.xlsx,verified_published_table,true,200,186,14.5,24,24,15,,88.9,11324.840764,11324.840764,74830000,25800000,,2011000,199300000000,748300,883400,748300,277419.354839,423141.5,277419.354839,3465,9120.840764,existing_table_value,h_mm,,existing_table_value,b_mm,,existing_table_value,tw_mm,,existing_table_value,tf_mm,,existing_table_value,tf_mm,,existing_table_value,r_mm,,derived_from_same_source_geometry,same_row_verified_source_geometry,,existing_table_value,mass_kg_m,,derived_from_same_source_geometry,same_row_verified_source_geometry,A = mass_kg_m / 7850 * 1e6,derived_from_same_source_geometry,same_row_verified_source_geometry,Aeff = A when no effective area is tabulated,existing_table_value,Iy_mm4,,existing_table_value,Iz_mm4,,derived_from_same_source_geometry,same_row_verified_source_geometry,,existing_table_value,It_mm4,,existing_table_value,Iw_mm6,,existing_table_value,Wel_y_mm3,,existing_table_value,Wpl_y_mm3,,derived_from_same_source_geometry,same_row_verified_source_geometry,"Weff,y = Wel,y when no effective strong-axis value is tabulated",derived_from_same_source_geometry,same_row_verified_source_geometry,"Wel,z = Iz / (b / 2)",derived_from_same_source_geometry,same_row_verified_source_geometry,"Wpl,z = b^2*tf/2 + tw^2*(h - 2tf)/4",derived_from_same_source_geometry,same_row_verified_source_geometry,"Weff,z = Wel,z when no effective weak-axis value is tabulated",existing_table_value,Avz_mm2,,derived_from_same_source_geometry,same_row_verified_source_geometry,"Av,y = A - tw*(h - 2tf)"
HEM,HE 200 M,open_i_or_h,ArcelorMittal Sections and Merchant Bars Sales Programme,V2026-1,https://sections.arcelormittal.com/repo/Sections/Sections%20and%20Merchant%20Bars-ArcelorMittal_V2026-1.xlsx,verified_published_table,true,220,206,15,25,25,18,,103,13121.019108,13121.019108,106400000,36510000,,2575000,346200000000,967400,1135000,967400,354466.019417,540012.5,354466.019417,4103,10571.019108,existing_table_value,h_mm,,existing_table_value,b_mm,,existing_table_value,tw_mm,,existing_table_value,tf_mm,,existing_table_value,tf_mm,,existing_table_value,r_mm,,derived_from_same_source_geometry,same_row_verified_source_geometry,,existing_table_value,mass_kg_m,,derived_from_same_source_geometry,same_row_verified_source_geometry,A = mass_kg_m / 7850 * 1e6,derived_from_same_source_geometry,same_row_verified_source_geometry,Aeff = A when no effective area is tabulated,existing_table_value,Iy_mm4,,existing_table_value,Iz_mm4,,derived_from_same_source_geometry,same_row_verified_source_geometry,,existing_table_value,It_mm4,,existing_table_value,Iw_mm6,,existing_table_value,Wel_y_mm3,,existing_table_value,Wpl_y_mm3,,derived_from_same_source_geometry,same_row_verified_source_geometry,"Weff,y = Wel,y when no effective strong-axis value is tabulated",derived_from_same_source_geometry,same_row_verified_source_geometry,"Wel,z = Iz / (b / 2)",derived_from_same_source_geometry,same_row_verified_source_geometry,"Wpl,z = b^2*tf/2 + tw^2*(h - 2tf)/4",derived_from_same_source_geometry,same_row_verified_source_geometry,"Weff,z = Wel,z when no effective weak-axis value is tabulated",existing_table_value,Avz_mm2,,derived_from_same_source_geometry,same_row_verified_source_geometry,"Av,y = A - tw*(h - 2tf)"
HEM,HE 220 M,open_i_or_h,ArcelorMittal Sections and Merchant Bars Sales Programme,V2026-1,https://sections.arcelormittal.com/repo/Sections/Sections%20and%20Merchant%20Bars-ArcelorMittal_V2026-1.xlsx,verified_published_table,true,240,226,15.5,26,26,18,,117,14904.458599,14904.458599,146000000,50120000,,3130000,572600000000,1217000,1419000,1217000,443539.823009,675279.75,443539.823009,4531,11990.458599,existing_table_value,h_mm,,existing_table_value,b_mm,,existing_table_value,tw_mm,,existing_table_value,tf_mm,,existing_table_value,tf_mm,,existing_table_value,r_mm,,derived_from_same_source_geometry,same_row_verified_source_geometry,,existing_table_value,mass_kg_m,,derived_from_same_source_geometry,same_row_verified_source_geometry,A = mass_kg_m / 7850 * 1e6,derived_from_same_source_geometry,same_row_verified_source_geometry,Aeff = A when no effective area is tabulated,existing_table_value,Iy_mm4,,existing_table_value,Iz_mm4,,derived_from_same_source_geometry,same_row_verified_source_geometry,,existing_table_value,It_mm4,,existing_table_value,Iw_mm6,,existing_table_value,Wel_y_mm3,,existing_table_value,Wpl_y_mm3,,derived_from_same_source_geometry,same_row_verified_source_geometry,"Weff,y = Wel,y when no effective strong-axis value is tabulated",derived_from_same_source_geometry,same_row_verified_source_geometry,"Wel,z = Iz / (b / 2)",derived_from_same_source_geometry,same_row_verified_source_geometry,"Wpl,z = b^2*tf/2 + tw^2*(h - 2tf)/4",derived_from_same_source_geometry,same_row_verified_source_geometry,"Weff,z = Wel,z when no effective weak-axis value is tabulated",existing_table_value,Avz_mm2,,derived_from_same_source_geometry,same_row_verified_source_geometry,"Av,y = A - tw*(h - 2tf)"
HEM,HE 240 M,open_i_or_h,ArcelorMittal Sections and Merchant Bars Sales Programme,V2026-1,https://sections.arcelormittal.com/repo/Sections/Sections%20and%20Merchant%20Bars-ArcelorMittal_V2026-1.xlsx,verified_published_table,true,270,248,18,32,32,21,,157,20000,20000,242800000,81520000,,6260000,1151000000000,1799000,2116000,1799000,657419.354839,1000750,657419.354839,6006,16292,existing_table_value,h_mm,,existing_table_value,b_mm,,existing_table_value,tw_mm,,existing_table_value,tf_mm,,existing_table_value,tf_mm,,existing_table_value,r_mm,,derived_from_same_source_geometry,same_row_verified_source_geometry,,existing_table_value,mass_kg_m,,derived_from_same_source_geometry,same_row_verified_source_geometry,A = mass_kg_m / 7850 * 1e6,derived_from_same_source_geometry,same_row_verified_source_geometry,Aeff = A when no effective area is tabulated,existing_table_value,Iy_mm4,,existing_table_value,Iz_mm4,,derived_from_same_source_geometry,same_row_verified_source_geometry,,existing_table_value,It_mm4,,existing_table_value,Iw_mm6,,existing_table_value,Wel_y_mm3,,existing_table_value,Wpl_y_mm3,,derived_from_same_source_geometry,same_row_verified_source_geometry,"Weff,y = Wel,y when no effective strong-axis value is tabulated",derived_from_same_source_geometry,same_row_verified_source_geometry,"Wel,z = Iz / (b / 2)",derived_from_same_source_geometry,same_row_verified_source_geometry,"Wpl,z = b^2*tf/2 + tw^2*(h - 2tf)/4",derived_from_same_source_geometry,same_row_verified_source_geometry,"Weff,z = Wel,z when no effective weak-axis value is tabulated",existing_table_value,Avz_mm2,,derived_from_same_source_geometry,same_row_verified_source_geometry,"Av,y = A - tw*(h - 2tf)"
HEM,HE 260 M,open_i_or_h,ArcelorMittal Sections and Merchant Bars Sales Programme,V2026-1,https://sections.arcelormittal.com/repo/Sections/Sections%20and%20Merchant%20Bars-ArcelorMittal_V2026-1.xlsx,verified_published_table,true,290,268,18,32.5,32.5,24,,172,21910.828025,21910.828025,313000000,104400000,,7201000,1728000000000,2159000,2523000,2159000,779104.477612,1185365,779104.477612,6689,17860.828025,existing_table_value,h_mm,,existing_table_value,b_mm,,existing_table_value,tw_mm,,existing_table_value,tf_mm,,existing_table_value,tf_mm,,existing_table_value,r_mm,,derived_from_same_source_geometry,same_row_verified_source_geometry,,existing_table_value,mass_kg_m,,derived_from_same_source_geometry,same_row_verified_source_geometry,A = mass_kg_m / 7850 * 1e6,derived_from_same_source_geometry,same_row_verified_source_geometry,Aeff = A when no effective area is tabulated,existing_table_value,Iy_mm4,,existing_table_value,Iz_mm4,,derived_from_same_source_geometry,same_row_verified_source_geometry,,existing_table_value,It_mm4,,existing_table_value,Iw_mm6,,existing_table_value,Wel_y_mm3,,existing_table_value,Wpl_y_mm3,,derived_from_same_source_geometry,same_row_verified_source_geometry,"Weff,y = Wel,y when no effective strong-axis value is tabulated",derived_from_same_source_geometry,same_row_verified_source_geometry,"Wel,z = Iz / (b / 2)",derived_from_same_source_geometry,same_row_verified_source_geometry,"Wpl,z = b^2*tf/2 + tw^2*(h - 2tf)/4",derived_from_same_source_geometry,same_row_verified_source_geometry,"Weff,z = Wel,z when no effective weak-axis value is tabulated",existing_table_value,Avz_mm2,,derived_from_same_source_geometry,same_row_verified_source_geometry,"Av,y = A - tw*(h - 2tf)"
HEM,HEM280,open_i_or_h,ArcelorMittal Sections and Merchant Bars Sales Programme,V2026-1,https://sections.arcelormittal.com/repo/Sections/Sections%20and%20Merchant%20Bars-ArcelorMittal_V2026-1.xlsx,verified_published_table,true,310,288,18.5,33,33,24,,188.6,24020,24020,395500000,131600000,8100000,8072000,2520000000000,2552000,2966000,2552000,913900,1397000,913900,12673,19506,existing_table_value,h_mm,,existing_table_value,b_mm,,existing_table_value,tw_mm,,existing_table_value,tf_mm,,existing_table_value,tf_mm,,existing_table_value,r_mm,,derived_from_same_source_geometry,same_row_verified_source_geometry,,existing_table_value,mass_kg_m,,existing_table_value,A_mm2,,existing_table_value,Aeff_mm2,,existing_table_value,Iy_mm4,,existing_table_value,Iz_mm4,,existing_table_value,Ix_mm4,,existing_table_value,It_mm4,,existing_table_value,Iw_mm6,,existing_table_value,Wel_y_mm3,,existing_table_value,Wpl_y_mm3,,existing_table_value,Weff_y_mm3,,existing_table_value,Wel_z_mm3,,existing_table_value,Wpl_z_mm3,,existing_table_value,Weff_z_mm3,,existing_table_value,Avz_mm2,,derived_from_same_source_geometry,same_row_verified_source_geometry,"Av,y = A - tw*(h - 2tf)"
HEM,HE 300 M,open_i_or_h,ArcelorMittal Sections and Merchant Bars Sales Programme,V2026-1,https://sections.arcelormittal.com/repo/Sections/Sections%20and%20Merchant%20Bars-ArcelorMittal_V2026-1.xlsx,verified_published_table,true,340,310,21,39,39,27,,238,30318.471338,30318.471338,592000000,194000000,,14100000,4386000000000,3482000,4077000,3482000,1251612.903226,1902835.5,1251612.903226,9052,24816.471338,existing_table_value,h_mm,,existing_table_value,b_mm,,existing_table_value,tw_mm,,existing_table_value,tf_mm,,existing_table_value,tf_mm,,existing_table_value,r_mm,,derived_from_same_source_geometry,same_row_verified_source_geometry,,existing_table_value,mass_kg_m,,derived_from_same_source_geometry,same_row_verified_source_geometry,A = mass_kg_m / 7850 * 1e6,derived_from_same_source_geometry,same_row_verified_source_geometry,Aeff = A when no effective area is tabulated,existing_table_value,Iy_mm4,,existing_table_value,Iz_mm4,,derived_from_same_source_geometry,same_row_verified_source_geometry,,existing_table_value,It_mm4,,existing_table_value,Iw_mm6,,existing_table_value,Wel_y_mm3,,existing_table_value,Wpl_y_mm3,,derived_from_same_source_geometry,same_row_verified_source_geometry,"Weff,y = Wel,y when no effective strong-axis value is tabulated",derived_from_same_source_geometry,same_row_verified_source_geometry,"Wel,z = Iz / (b / 2)",derived_from_same_source_geometry,same_row_verified_source_geometry,"Wpl,z = b^2*tf/2 + tw^2*(h - 2tf)/4",derived_from_same_source_geometry,same_row_verified_source_geometry,"Weff,z = Wel,z when no effective weak-axis value is tabulated",existing_table_value,Avz_mm2,,derived_from_same_source_geometry,same_row_verified_source_geometry,"Av,y = A - tw*(h - 2tf)"
HEM,HE 320 M,open_i_or_h,ArcelorMittal Sections and Merchant Bars Sales Programme,V2026-1,https://sections.arcelormittal.com/repo/Sections/Sections%20and%20Merchant%20Bars-ArcelorMittal_V2026-1.xlsx,verified_published_table,true,359,309,21,40,40,27,,245,31210.191083,31210.191083,681300000,197000000,,15060000,5003000000000,3795000,4435000,3795000,1275080.906149,1940379.75,1275080.906149,9484,25351.191083,existing_table_value,h_mm,,existing_table_value,b_mm,,existing_table_value,tw_mm,,existing_table_value,tf_mm,,existing_table_value,tf_mm,,existing_table_value,r_mm,,derived_from_same_source_geometry,same_row_verified_source_geometry,,existing_table_value,mass_kg_m,,derived_from_same_source_geometry,same_row_verified_source_geometry,A = mass_kg_m / 7850 * 1e6,derived_from_same_source_geometry,same_row_verified_source_geometry,Aeff = A when no effective area is tabulated,existing_table_value,Iy_mm4,,existing_table_value,Iz_mm4,,derived_from_same_source_geometry,same_row_verified_source_geometry,,existing_table_value,It_mm4,,existing_table_value,Iw_mm6,,existing_table_value,Wel_y_mm3,,existing_table_value,Wpl_y_mm3,,derived_from_same_source_geometry,same_row_verified_source_geometry,"Weff,y = Wel,y when no effective strong-axis value is tabulated",derived_from_same_source_geometry,same_row_verified_source_geometry,"Wel,z = Iz / (b / 2)",derived_from_same_source_geometry,same_row_verified_source_geometry,"Wpl,z = b^2*tf/2 + tw^2*(h - 2tf)/4",derived_from_same_source_geometry,same_row_verified_source_geometry,"Weff,z = Wel,z when no effective weak-axis value is tabulated",existing_table_value,Avz_mm2,,derived_from_same_source_geometry,same_row_verified_source_geometry,"Av,y = A - tw*(h - 2tf)"
HEM,HE 340 M,open_i_or_h,ArcelorMittal Sections and Merchant Bars Sales Programme,V2026-1,https://sections.arcelormittal.com/repo/Sections/Sections%20and%20Merchant%20Bars-ArcelorMittal_V2026-1.xlsx,verified_published_table,true,377,309,21,40,40,27,,248,31592.356688,31592.356688,763700000,197100000,,15110000,5584000000000,4051000,4717000,4051000,1275728.15534,1942364.25,1275728.15534,9862,25355.356688,existing_table_value,h_mm,,existing_table_value,b_mm,,existing_table_value,tw_mm,,existing_table_value,tf_mm,,existing_table_value,tf_mm,,existing_table_value,r_mm,,derived_from_same_source_geometry,same_row_verified_source_geometry,,existing_table_value,mass_kg_m,,derived_from_same_source_geometry,same_row_verified_source_geometry,A = mass_kg_m / 7850 * 1e6,derived_from_same_source_geometry,same_row_verified_source_geometry,Aeff = A when no effective area is tabulated,existing_table_value,Iy_mm4,,existing_table_value,Iz_mm4,,derived_from_same_source_geometry,same_row_verified_source_geometry,,existing_table_value,It_mm4,,existing_table_value,Iw_mm6,,existing_table_value,Wel_y_mm3,,existing_table_value,Wpl_y_mm3,,derived_from_same_source_geometry,same_row_verified_source_geometry,"Weff,y = Wel,y when no effective strong-axis value is tabulated",derived_from_same_source_geometry,same_row_verified_source_geometry,"Wel,z = Iz / (b / 2)",derived_from_same_source_geometry,same_row_verified_source_geometry,"Wpl,z = b^2*tf/2 + tw^2*(h - 2tf)/4",derived_from_same_source_geometry,same_row_verified_source_geometry,"Weff,z = Wel,z when no effective weak-axis value is tabulated",existing_table_value,Avz_mm2,,derived_from_same_source_geometry,same_row_verified_source_geometry,"Av,y = A - tw*(h - 2tf)"
HEM,HE 360 M,open_i_or_h,ArcelorMittal Sections and Merchant Bars Sales Programme,V2026-1,https://sections.arcelormittal.com/repo/Sections/Sections%20and%20Merchant%20Bars-ArcelorMittal_V2026-1.xlsx,verified_published_table,true,395,308,21,40,40,27,,250,31847.133758,31847.133758,848600000,195200000,,15120000,6137000000000,4297000,4989000,4297000,1267532.467532,1932008.75,1267532.467532,10240,25232.133758,existing_table_value,h_mm,,existing_table_value,b_mm,,existing_table_value,tw_mm,,existing_table_value,tf_mm,,existing_table_value,tf_mm,,existing_table_value,r_mm,,derived_from_same_source_geometry,same_row_verified_source_geometry,,existing_table_value,mass_kg_m,,derived_from_same_source_geometry,same_row_verified_source_geometry,A = mass_kg_m / 7850 * 1e6,derived_from_same_source_geometry,same_row_verified_source_geometry,Aeff = A when no effective area is tabulated,existing_table_value,Iy_mm4,,existing_table_value,Iz_mm4,,derived_from_same_source_geometry,same_row_verified_source_geometry,,existing_table_value,It_mm4,,existing_table_value,Iw_mm6,,existing_table_value,Wel_y_mm3,,existing_table_value,Wpl_y_mm3,,derived_from_same_source_geometry,same_row_verified_source_geometry,"Weff,y = Wel,y when no effective strong-axis value is tabulated",derived_from_same_source_geometry,same_row_verified_source_geometry,"Wel,z = Iz / (b / 2)",derived_from_same_source_geometry,same_row_verified_source_geometry,"Wpl,z = b^2*tf/2 + tw^2*(h - 2tf)/4",derived_from_same_source_geometry,same_row_verified_source_geometry,"Weff,z = Wel,z when no effective weak-axis value is tabulated",existing_table_value,Avz_mm2,,derived_from_same_source_geometry,same_row_verified_source_geometry,"Av,y = A - tw*(h - 2tf)"
HEM,HE 400 M,open_i_or_h,ArcelorMittal Sections and Merchant Bars Sales Programme,V2026-1,https://sections.arcelormittal.com/repo/Sections/Sections%20and%20Merchant%20Bars-ArcelorMittal_V2026-1.xlsx,verified_published_table,true,432,307,21,40,40,27,,256,32611.464968,32611.464968,1041100000,193300000,,15200000,7410000000000,4820000,5570000,4820000,1259283.387622,1923788,1259283.387622,11010,25219.464968,existing_table_value,h_mm,,existing_table_value,b_mm,,existing_table_value,tw_mm,,existing_table_value,tf_mm,,existing_table_value,tf_mm,,existing_table_value,r_mm,,derived_from_same_source_geometry,same_row_verified_source_geometry,,existing_table_value,mass_kg_m,,derived_from_same_source_geometry,same_row_verified_source_geometry,A = mass_kg_m / 7850 * 1e6,derived_from_same_source_geometry,same_row_verified_source_geometry,Aeff = A when no effective area is tabulated,existing_table_value,Iy_mm4,,existing_table_value,Iz_mm4,,derived_from_same_source_geometry,same_row_verified_source_geometry,,existing_table_value,It_mm4,,existing_table_value,Iw_mm6,,existing_table_value,Wel_y_mm3,,existing_table_value,Wpl_y_mm3,,derived_from_same_source_geometry,same_row_verified_source_geometry,"Weff,y = Wel,y when no effective strong-axis value is tabulated",derived_from_same_source_geometry,same_row_verified_source_geometry,"Wel,z = Iz / (b / 2)",derived_from_same_source_geometry,same_row_verified_source_geometry,"Wpl,z = b^2*tf/2 + tw^2*(h - 2tf)/4",derived_from_same_source_geometry,same_row_verified_source_geometry,"Weff,z = Wel,z when no effective weak-axis value is tabulated",existing_table_value,Avz_mm2,,derived_from_same_source_geometry,same_row_verified_source_geometry,"Av,y = A - tw*(h - 2tf)"
HEM,HE 450 M,open_i_or_h,ArcelorMittal Sections and Merchant Bars Sales Programme,V2026-1,https://sections.arcelormittal.com/repo/Sections/Sections%20and%20Merchant%20Bars-ArcelorMittal_V2026-1.xlsx,verified_published_table,true,478,307,21,40,40,27,,263,33503.184713,33503.184713,1314800000,193300000,,15340000,9251000000000,5501000,6331000,5501000,1259283.387622,1928859.5,1259283.387622,11980,25145.184713,existing_table_value,h_mm,,existing_table_value,b_mm,,existing_table_value,tw_mm,,existing_table_value,tf_mm,,existing_table_value,tf_mm,,existing_table_value,r_mm,,derived_from_same_source_geometry,same_row_verified_source_geometry,,existing_table_value,mass_kg_m,,derived_from_same_source_geometry,same_row_verified_source_geometry,A = mass_kg_m / 7850 * 1e6,derived_from_same_source_geometry,same_row_verified_source_geometry,Aeff = A when no effective area is tabulated,existing_table_value,Iy_mm4,,existing_table_value,Iz_mm4,,derived_from_same_source_geometry,same_row_verified_source_geometry,,existing_table_value,It_mm4,,existing_table_value,Iw_mm6,,existing_table_value,Wel_y_mm3,,existing_table_value,Wpl_y_mm3,,derived_from_same_source_geometry,same_row_verified_source_geometry,"Weff,y = Wel,y when no effective strong-axis value is tabulated",derived_from_same_source_geometry,same_row_verified_source_geometry,"Wel,z = Iz / (b / 2)",derived_from_same_source_geometry,same_row_verified_source_geometry,"Wpl,z = b^2*tf/2 + tw^2*(h - 2tf)/4",derived_from_same_source_geometry,same_row_verified_source_geometry,"Weff,z = Wel,z when no effective weak-axis value is tabulated",existing_table_value,Avz_mm2,,derived_from_same_source_geometry,same_row_verified_source_geometry,"Av,y = A - tw*(h - 2tf)"
HEM,HE 500 M,open_i_or_h,ArcelorMittal Sections and Merchant Bars Sales Programme,V2026-1,https://sections.arcelormittal.com/repo/Sections/Sections%20and%20Merchant%20Bars-ArcelorMittal_V2026-1.xlsx,verified_published_table,true,524,306,21,40,40,27,,270,34394.904459,34394.904459,1619200000,191500000,,15440000,11180000000000,6180000,7094000,6180000,1251633.986928,1921671,1251633.986928,12940,25070.904459,existing_table_value,h_mm,,existing_table_value,b_mm,,existing_table_value,tw_mm,,existing_table_value,tf_mm,,existing_table_value,tf_mm,,existing_table_value,r_mm,,derived_from_same_source_geometry,same_row_verified_source_geometry,,existing_table_value,mass_kg_m,,derived_from_same_source_geometry,same_row_verified_source_geometry,A = mass_kg_m / 7850 * 1e6,derived_from_same_source_geometry,same_row_verified_source_geometry,Aeff = A when no effective area is tabulated,existing_table_value,Iy_mm4,,existing_table_value,Iz_mm4,,derived_from_same_source_geometry,same_row_verified_source_geometry,,existing_table_value,It_mm4,,existing_table_value,Iw_mm6,,existing_table_value,Wel_y_mm3,,existing_table_value,Wpl_y_mm3,,derived_from_same_source_geometry,same_row_verified_source_geometry,"Weff,y = Wel,y when no effective strong-axis value is tabulated",derived_from_same_source_geometry,same_row_verified_source_geometry,"Wel,z = Iz / (b / 2)",derived_from_same_source_geometry,same_row_verified_source_geometry,"Wpl,z = b^2*tf/2 + tw^2*(h - 2tf)/4",derived_from_same_source_geometry,same_row_verified_source_geometry,"Weff,z = Wel,z when no effective weak-axis value is tabulated",existing_table_value,Avz_mm2,,derived_from_same_source_geometry,same_row_verified_source_geometry,"Av,y = A - tw*(h - 2tf)"
HEM,HE 550 M,open_i_or_h,ArcelorMittal Sections and Merchant Bars Sales Programme,V2026-1,https://sections.arcelormittal.com/repo/Sections/Sections%20and%20Merchant%20Bars-ArcelorMittal_V2026-1.xlsx,verified_published_table,true,572,306,21,40,40,27,,278,35414.012739,35414.012739,1979800000,191500000,,15580000,13510000000000,6922000,7932000,6922000,1251633.986928,1926963,1251633.986928,13950,25082.012739,existing_table_value,h_mm,,existing_table_value,b_mm,,existing_table_value,tw_mm,,existing_table_value,tf_mm,,existing_table_value,tf_mm,,existing_table_value,r_mm,,derived_from_same_source_geometry,same_row_verified_source_geometry,,existing_table_value,mass_kg_m,,derived_from_same_source_geometry,same_row_verified_source_geometry,A = mass_kg_m / 7850 * 1e6,derived_from_same_source_geometry,same_row_verified_source_geometry,Aeff = A when no effective area is tabulated,existing_table_value,Iy_mm4,,existing_table_value,Iz_mm4,,derived_from_same_source_geometry,same_row_verified_source_geometry,,existing_table_value,It_mm4,,existing_table_value,Iw_mm6,,existing_table_value,Wel_y_mm3,,existing_table_value,Wpl_y_mm3,,derived_from_same_source_geometry,same_row_verified_source_geometry,"Weff,y = Wel,y when no effective strong-axis value is tabulated",derived_from_same_source_geometry,same_row_verified_source_geometry,"Wel,z = Iz / (b / 2)",derived_from_same_source_geometry,same_row_verified_source_geometry,"Wpl,z = b^2*tf/2 + tw^2*(h - 2tf)/4",derived_from_same_source_geometry,same_row_verified_source_geometry,"Weff,z = Wel,z when no effective weak-axis value is tabulated",existing_table_value,Avz_mm2,,derived_from_same_source_geometry,same_row_verified_source_geometry,"Av,y = A - tw*(h - 2tf)"
HEM,HE 600 M,open_i_or_h,ArcelorMittal Sections and Merchant Bars Sales Programme,V2026-1,https://sections.arcelormittal.com/repo/Sections/Sections%20and%20Merchant%20Bars-ArcelorMittal_V2026-1.xlsx,verified_published_table,true,620,305,21,40,40,27,,285,36305.732484,36305.732484,2374400000,189700000,,15690000,15900000000000,7659000,8772000,7659000,1243934.42623,1920035,1243934.42623,14960,24965.732484,existing_table_value,h_mm,,existing_table_value,b_mm,,existing_table_value,tw_mm,,existing_table_value,tf_mm,,existing_table_value,tf_mm,,existing_table_value,r_mm,,derived_from_same_source_geometry,same_row_verified_source_geometry,,existing_table_value,mass_kg_m,,derived_from_same_source_geometry,same_row_verified_source_geometry,A = mass_kg_m / 7850 * 1e6,derived_from_same_source_geometry,same_row_verified_source_geometry,Aeff = A when no effective area is tabulated,existing_table_value,Iy_mm4,,existing_table_value,Iz_mm4,,derived_from_same_source_geometry,same_row_verified_source_geometry,,existing_table_value,It_mm4,,existing_table_value,Iw_mm6,,existing_table_value,Wel_y_mm3,,existing_table_value,Wpl_y_mm3,,derived_from_same_source_geometry,same_row_verified_source_geometry,"Weff,y = Wel,y when no effective strong-axis value is tabulated",derived_from_same_source_geometry,same_row_verified_source_geometry,"Wel,z = Iz / (b / 2)",derived_from_same_source_geometry,same_row_verified_source_geometry,"Wpl,z = b^2*tf/2 + tw^2*(h - 2tf)/4",derived_from_same_source_geometry,same_row_verified_source_geometry,"Weff,z = Wel,z when no effective weak-axis value is tabulated",existing_table_value,Avz_mm2,,derived_from_same_source_geometry,same_row_verified_source_geometry,"Av,y = A - tw*(h - 2tf)"
HEM,HE 650 M,open_i_or_h,ArcelorMittal Sections and Merchant Bars Sales Programme,V2026-1,https://sections.arcelormittal.com/repo/Sections/Sections%20and%20Merchant%20Bars-ArcelorMittal_V2026-1.xlsx,verified_published_table,true,668,305,21,40,40,27,,293,37324.840764,37324.840764,2816600000,189700000,,15840000,18640000000000,8433000,9656000,8433000,1243934.42623,1925327,1243934.42623,15970,24976.840764,existing_table_value,h_mm,,existing_table_value,b_mm,,existing_table_value,tw_mm,,existing_table_value,tf_mm,,existing_table_value,tf_mm,,existing_table_value,r_mm,,derived_from_same_source_geometry,same_row_verified_source_geometry,,existing_table_value,mass_kg_m,,derived_from_same_source_geometry,same_row_verified_source_geometry,A = mass_kg_m / 7850 * 1e6,derived_from_same_source_geometry,same_row_verified_source_geometry,Aeff = A when no effective area is tabulated,existing_table_value,Iy_mm4,,existing_table_value,Iz_mm4,,derived_from_same_source_geometry,same_row_verified_source_geometry,,existing_table_value,It_mm4,,existing_table_value,Iw_mm6,,existing_table_value,Wel_y_mm3,,existing_table_value,Wpl_y_mm3,,derived_from_same_source_geometry,same_row_verified_source_geometry,"Weff,y = Wel,y when no effective strong-axis value is tabulated",derived_from_same_source_geometry,same_row_verified_source_geometry,"Wel,z = Iz / (b / 2)",derived_from_same_source_geometry,same_row_verified_source_geometry,"Wpl,z = b^2*tf/2 + tw^2*(h - 2tf)/4",derived_from_same_source_geometry,same_row_verified_source_geometry,"Weff,z = Wel,z when no effective weak-axis value is tabulated",existing_table_value,Avz_mm2,,derived_from_same_source_geometry,same_row_verified_source_geometry,"Av,y = A - tw*(h - 2tf)"
HEM,HE 700 M,open_i_or_h,ArcelorMittal Sections and Merchant Bars Sales Programme,V2026-1,https://sections.arcelormittal.com/repo/Sections/Sections%20and%20Merchant%20Bars-ArcelorMittal_V2026-1.xlsx,verified_published_table,true,716,304,21,40,40,27,,301,38343.949045,38343.949045,3292700000,187900000,,15940000,21390000000000,9197000,10530000,9197000,1236184.210526,1918439,1236184.210526,16980,24987.949045,existing_table_value,h_mm,,existing_table_value,b_mm,,existing_table_value,tw_mm,,existing_table_value,tf_mm,,existing_table_value,tf_mm,,existing_table_value,r_mm,,derived_from_same_source_geometry,same_row_verified_source_geometry,,existing_table_value,mass_kg_m,,derived_from_same_source_geometry,same_row_verified_source_geometry,A = mass_kg_m / 7850 * 1e6,derived_from_same_source_geometry,same_row_verified_source_geometry,Aeff = A when no effective area is tabulated,existing_table_value,Iy_mm4,,existing_table_value,Iz_mm4,,derived_from_same_source_geometry,same_row_verified_source_geometry,,existing_table_value,It_mm4,,existing_table_value,Iw_mm6,,existing_table_value,Wel_y_mm3,,existing_table_value,Wpl_y_mm3,,derived_from_same_source_geometry,same_row_verified_source_geometry,"Weff,y = Wel,y when no effective strong-axis value is tabulated",derived_from_same_source_geometry,same_row_verified_source_geometry,"Wel,z = Iz / (b / 2)",derived_from_same_source_geometry,same_row_verified_source_geometry,"Wpl,z = b^2*tf/2 + tw^2*(h - 2tf)/4",derived_from_same_source_geometry,same_row_verified_source_geometry,"Weff,z = Wel,z when no effective weak-axis value is tabulated",existing_table_value,Avz_mm2,,derived_from_same_source_geometry,same_row_verified_source_geometry,"Av,y = A - tw*(h - 2tf)"
HEM,HE 800 M,open_i_or_h,ArcelorMittal Sections and Merchant Bars Sales Programme,V2026-1,https://sections.arcelormittal.com/repo/Sections/Sections%20and%20Merchant%20Bars-ArcelorMittal_V2026-1.xlsx,verified_published_table,true,814,303,21,40,40,30,,317,40382.165605,40382.165605,4425900000,186200000,,16570000,27770000000000,10870000,12480000,10870000,1229042.90429,1917103.5,1229042.90429,19420,24968.165605,existing_table_value,h_mm,,existing_table_value,b_mm,,existing_table_value,tw_mm,,existing_table_value,tf_mm,,existing_table_value,tf_mm,,existing_table_value,r_mm,,derived_from_same_source_geometry,same_row_verified_source_geometry,,existing_table_value,mass_kg_m,,derived_from_same_source_geometry,same_row_verified_source_geometry,A = mass_kg_m / 7850 * 1e6,derived_from_same_source_geometry,same_row_verified_source_geometry,Aeff = A when no effective area is tabulated,existing_table_value,Iy_mm4,,existing_table_value,Iz_mm4,,derived_from_same_source_geometry,same_row_verified_source_geometry,,existing_table_value,It_mm4,,existing_table_value,Iw_mm6,,existing_table_value,Wel_y_mm3,,existing_table_value,Wpl_y_mm3,,derived_from_same_source_geometry,same_row_verified_source_geometry,"Weff,y = Wel,y when no effective strong-axis value is tabulated",derived_from_same_source_geometry,same_row_verified_source_geometry,"Wel,z = Iz / (b / 2)",derived_from_same_source_geometry,same_row_verified_source_geometry,"Wpl,z = b^2*tf/2 + tw^2*(h - 2tf)/4",derived_from_same_source_geometry,same_row_verified_source_geometry,"Weff,z = Wel,z when no effective weak-axis value is tabulated",existing_table_value,Avz_mm2,,derived_from_same_source_geometry,same_row_verified_source_geometry,"Av,y = A - tw*(h - 2tf)"
HEM,HEM900,open_i_or_h,ArcelorMittal Sections and Merchant Bars Sales Programme,V2026-1,https://sections.arcelormittal.com/repo/Sections/Sections%20and%20Merchant%20Bars-ArcelorMittal_V2026-1.xlsx,verified_published_table,true,910,302,21,40,40,30,,332.5,42360,40919,5704000000,184500000,16800000,16820000,34740000000000,12540000,14440000,12540000,1222000,1929000,1222000,21445,24930,existing_table_value,h_mm,,existing_table_value,b_mm,,existing_table_value,tw_mm,,existing_table_value,tf_mm,,existing_table_value,tf_mm,,existing_table_value,r_mm,,derived_from_same_source_geometry,same_row_verified_source_geometry,,existing_table_value,mass_kg_m,,existing_table_value,A_mm2,,existing_table_value,Aeff_mm2,,existing_table_value,Iy_mm4,,existing_table_value,Iz_mm4,,existing_table_value,Ix_mm4,,existing_table_value,It_mm4,,existing_table_value,Iw_mm6,,existing_table_value,Wel_y_mm3,,existing_table_value,Wpl_y_mm3,,existing_table_value,Weff_y_mm3,,existing_table_value,Wel_z_mm3,,existing_table_value,Wpl_z_mm3,,existing_table_value,Weff_z_mm3,,existing_table_value,Avz_mm2,,derived_from_same_source_geometry,same_row_verified_source_geometry,"Av,y = A - tw*(h - 2tf)"
HEM,HE 1000 M,open_i_or_h,ArcelorMittal Sections and Merchant Bars Sales Programme,V2026-1,https://sections.arcelormittal.com/repo/Sections/Sections%20and%20Merchant%20Bars-ArcelorMittal_V2026-1.xlsx,verified_published_table,true,1008,302,21,40,40,30,,349,44458.598726,44458.598726,7222900000,184500000,,17120000,43010000000000,14330000,16560000,14330000,1221854.304636,1926392,1221854.304636,23500,24970.598726,existing_table_value,h_mm,,existing_table_value,b_mm,,existing_table_value,tw_mm,,existing_table_value,tf_mm,,existing_table_value,tf_mm,,existing_table_value,r_mm,,derived_from_same_source_geometry,same_row_verified_source_geometry,,existing_table_value,mass_kg_m,,derived_from_same_source_geometry,same_row_verified_source_geometry,A = mass_kg_m / 7850 * 1e6,derived_from_same_source_geometry,same_row_verified_source_geometry,Aeff = A when no effective area is tabulated,existing_table_value,Iy_mm4,,existing_table_value,Iz_mm4,,derived_from_same_source_geometry,same_row_verified_source_geometry,,existing_table_value,It_mm4,,existing_table_value,Iw_mm6,,existing_table_value,Wel_y_mm3,,existing_table_value,Wpl_y_mm3,,derived_from_same_source_geometry,same_row_verified_source_geometry,"Weff,y = Wel,y when no effective strong-axis value is tabulated",derived_from_same_source_geometry,same_row_verified_source_geometry,"Wel,z = Iz / (b / 2)",derived_from_same_source_geometry,same_row_verified_source_geometry,"Wpl,z = b^2*tf/2 + tw^2*(h - 2tf)/4",derived_from_same_source_geometry,same_row_verified_source_geometry,"Weff,z = Wel,z when no effective weak-axis value is tabulated",existing_table_value,Avz_mm2,,derived_from_same_source_geometry,same_row_verified_source_geometry,"Av,y = A - tw*(h - 2tf)"
HEB,HE 100 B,open_i_or_h,ArcelorMittal Sections and Merchant Bars Sales Programme,V2026-1,https://sections.arcelormittal.com/repo/Sections/Sections%20and%20Merchant%20Bars-ArcelorMittal_V2026-1.xlsx,verified_published_table,true,100,100,6,10,10,12,,20.4,2598.726115,2598.726115,4495000,1672000,,93300,3375000000,89900,104200,89900,33440,50720,33440,903.6,2118.726115,existing_table_value,h_mm,,existing_table_value,b_mm,,existing_table_value,tw_mm,,existing_table_value,tf_mm,,existing_table_value,tf_mm,,existing_table_value,r_mm,,derived_from_same_source_geometry,same_row_verified_source_geometry,,existing_table_value,mass_kg_m,,derived_from_same_source_geometry,same_row_verified_source_geometry,A = mass_kg_m / 7850 * 1e6,derived_from_same_source_geometry,same_row_verified_source_geometry,Aeff = A when no effective area is tabulated,existing_table_value,Iy_mm4,,existing_table_value,Iz_mm4,,derived_from_same_source_geometry,same_row_verified_source_geometry,,existing_table_value,It_mm4,,existing_table_value,Iw_mm6,,existing_table_value,Wel_y_mm3,,existing_table_value,Wpl_y_mm3,,derived_from_same_source_geometry,same_row_verified_source_geometry,"Weff,y = Wel,y when no effective strong-axis value is tabulated",derived_from_same_source_geometry,same_row_verified_source_geometry,"Wel,z = Iz / (b / 2)",derived_from_same_source_geometry,same_row_verified_source_geometry,"Wpl,z = b^2*tf/2 + tw^2*(h - 2tf)/4",derived_from_same_source_geometry,same_row_verified_source_geometry,"Weff,z = Wel,z when no effective weak-axis value is tabulated",existing_table_value,Avz_mm2,,derived_from_same_source_geometry,same_row_verified_source_geometry,"Av,y = A - tw*(h - 2tf)"
HEB,HE 120 B,open_i_or_h,ArcelorMittal Sections and Merchant Bars Sales Programme,V2026-1,https://sections.arcelormittal.com/repo/Sections/Sections%20and%20Merchant%20Bars-ArcelorMittal_V2026-1.xlsx,verified_published_table,true,120,120,6.5,11,11,12,,26.7,3401.273885,3401.273885,8643000,3175000,,139300,9409000000,144000,165200,144000,52916.666667,80235.125,52916.666667,1096,2764.273885,existing_table_value,h_mm,,existing_table_value,b_mm,,existing_table_value,tw_mm,,existing_table_value,tf_mm,,existing_table_value,tf_mm,,existing_table_value,r_mm,,derived_from_same_source_geometry,same_row_verified_source_geometry,,existing_table_value,mass_kg_m,,derived_from_same_source_geometry,same_row_verified_source_geometry,A = mass_kg_m / 7850 * 1e6,derived_from_same_source_geometry,same_row_verified_source_geometry,Aeff = A when no effective area is tabulated,existing_table_value,Iy_mm4,,existing_table_value,Iz_mm4,,derived_from_same_source_geometry,same_row_verified_source_geometry,,existing_table_value,It_mm4,,existing_table_value,Iw_mm6,,existing_table_value,Wel_y_mm3,,existing_table_value,Wpl_y_mm3,,derived_from_same_source_geometry,same_row_verified_source_geometry,"Weff,y = Wel,y when no effective strong-axis value is tabulated",derived_from_same_source_geometry,same_row_verified_source_geometry,"Wel,z = Iz / (b / 2)",derived_from_same_source_geometry,same_row_verified_source_geometry,"Wpl,z = b^2*tf/2 + tw^2*(h - 2tf)/4",derived_from_same_source_geometry,same_row_verified_source_geometry,"Weff,z = Wel,z when no effective weak-axis value is tabulated",existing_table_value,Avz_mm2,,derived_from_same_source_geometry,same_row_verified_source_geometry,"Av,y = A - tw*(h - 2tf)"
HEB,HE 140 B,open_i_or_h,ArcelorMittal Sections and Merchant Bars Sales Programme,V2026-1,https://sections.arcelormittal.com/repo/Sections/Sections%20and%20Merchant%20Bars-ArcelorMittal_V2026-1.xlsx,verified_published_table,true,140,140,7,12,12,12,,33.7,4292.993631,4292.993631,15090000,5496000,,201500,22470000000,215600,245400,215600,78514.285714,119021,78514.285714,1307,3480.993631,existing_table_value,h_mm,,existing_table_value,b_mm,,existing_table_value,tw_mm,,existing_table_value,tf_mm,,existing_table_value,tf_mm,,existing_table_value,r_mm,,derived_from_same_source_geometry,same_row_verified_source_geometry,,existing_table_value,mass_kg_m,,derived_from_same_source_geometry,same_row_verified_source_geometry,A = mass_kg_m / 7850 * 1e6,derived_from_same_source_geometry,same_row_verified_source_geometry,Aeff = A when no effective area is tabulated,existing_table_value,Iy_mm4,,existing_table_value,Iz_mm4,,derived_from_same_source_geometry,same_row_verified_source_geometry,,existing_table_value,It_mm4,,existing_table_value,Iw_mm6,,existing_table_value,Wel_y_mm3,,existing_table_value,Wpl_y_mm3,,derived_from_same_source_geometry,same_row_verified_source_geometry,"Weff,y = Wel,y when no effective strong-axis value is tabulated",derived_from_same_source_geometry,same_row_verified_source_geometry,"Wel,z = Iz / (b / 2)",derived_from_same_source_geometry,same_row_verified_source_geometry,"Wpl,z = b^2*tf/2 + tw^2*(h - 2tf)/4",derived_from_same_source_geometry,same_row_verified_source_geometry,"Weff,z = Wel,z when no effective weak-axis value is tabulated",existing_table_value,Avz_mm2,,derived_from_same_source_geometry,same_row_verified_source_geometry,"Av,y = A - tw*(h - 2tf)"
HEB,HE 160 B,open_i_or_h,ArcelorMittal Sections and Merchant Bars Sales Programme,V2026-1,https://sections.arcelormittal.com/repo/Sections/Sections%20and%20Merchant%20Bars-ArcelorMittal_V2026-1.xlsx,verified_published_table,true,160,160,8,13,13,15,,42.6,5426.751592,5426.751592,24910000,8892000,,312700,47940000000,311400,353900,311400,111150,168544,111150,1759,4354.751592,existing_table_value,h_mm,,existing_table_value,b_mm,,existing_table_value,tw_mm,,existing_table_value,tf_mm,,existing_table_value,tf_mm,,existing_table_value,r_mm,,derived_from_same_source_geometry,same_row_verified_source_geometry,,existing_table_value,mass_kg_m,,derived_from_same_source_geometry,same_row_verified_source_geometry,A = mass_kg_m / 7850 * 1e6,derived_from_same_source_geometry,same_row_verified_source_geometry,Aeff = A when no effective area is tabulated,existing_table_value,Iy_mm4,,existing_table_value,Iz_mm4,,derived_from_same_source_geometry,same_row_verified_source_geometry,,existing_table_value,It_mm4,,existing_table_value,Iw_mm6,,existing_table_value,Wel_y_mm3,,existing_table_value,Wpl_y_mm3,,derived_from_same_source_geometry,same_row_verified_source_geometry,"Weff,y = Wel,y when no effective strong-axis value is tabulated",derived_from_same_source_geometry,same_row_verified_source_geometry,"Wel,z = Iz / (b / 2)",derived_from_same_source_geometry,same_row_verified_source_geometry,"Wpl,z = b^2*tf/2 + tw^2*(h - 2tf)/4",derived_from_same_source_geometry,same_row_verified_source_geometry,"Weff,z = Wel,z when no effective weak-axis value is tabulated",existing_table_value,Avz_mm2,,derived_from_same_source_geometry,same_row_verified_source_geometry,"Av,y = A - tw*(h - 2tf)"
HEB,HE 180 B,open_i_or_h,ArcelorMittal Sections and Merchant Bars Sales Programme,V2026-1,https://sections.arcelormittal.com/repo/Sections/Sections%20and%20Merchant%20Bars-ArcelorMittal_V2026-1.xlsx,verified_published_table,true,180,180,8.5,14,14,15,,51.2,6522.292994,6522.292994,38310000,13620000,,422100,93740000000,425600,481400,425600,151333.333333,229545.5,151333.333333,2024,5230.292994,existing_table_value,h_mm,,existing_table_value,b_mm,,existing_table_value,tw_mm,,existing_table_value,tf_mm,,existing_table_value,tf_mm,,existing_table_value,r_mm,,derived_from_same_source_geometry,same_row_verified_source_geometry,,existing_table_value,mass_kg_m,,derived_from_same_source_geometry,same_row_verified_source_geometry,A = mass_kg_m / 7850 * 1e6,derived_from_same_source_geometry,same_row_verified_source_geometry,Aeff = A when no effective area is tabulated,existing_table_value,Iy_mm4,,existing_table_value,Iz_mm4,,derived_from_same_source_geometry,same_row_verified_source_geometry,,existing_table_value,It_mm4,,existing_table_value,Iw_mm6,,existing_table_value,Wel_y_mm3,,existing_table_value,Wpl_y_mm3,,derived_from_same_source_geometry,same_row_verified_source_geometry,"Weff,y = Wel,y when no effective strong-axis value is tabulated",derived_from_same_source_geometry,same_row_verified_source_geometry,"Wel,z = Iz / (b / 2)",derived_from_same_source_geometry,same_row_verified_source_geometry,"Wpl,z = b^2*tf/2 + tw^2*(h - 2tf)/4",derived_from_same_source_geometry,same_row_verified_source_geometry,"Weff,z = Wel,z when no effective weak-axis value is tabulated",existing_table_value,Avz_mm2,,derived_from_same_source_geometry,same_row_verified_source_geometry,"Av,y = A - tw*(h - 2tf)"
HEB,HE 200 B,open_i_or_h,ArcelorMittal Sections and Merchant Bars Sales Programme,V2026-1,https://sections.arcelormittal.com/repo/Sections/Sections%20and%20Merchant%20Bars-ArcelorMittal_V2026-1.xlsx,verified_published_table,true,200,200,9,15,15,18,,61.3,7808.917197,7808.917197,56960000,20030000,,597000,171100000000,569600,642500,569600,200300,303442.5,200300,2483,6278.917197,existing_table_value,h_mm,,existing_table_value,b_mm,,existing_table_value,tw_mm,,existing_table_value,tf_mm,,existing_table_value,tf_mm,,existing_table_value,r_mm,,derived_from_same_source_geometry,same_row_verified_source_geometry,,existing_table_value,mass_kg_m,,derived_from_same_source_geometry,same_row_verified_source_geometry,A = mass_kg_m / 7850 * 1e6,derived_from_same_source_geometry,same_row_verified_source_geometry,Aeff = A when no effective area is tabulated,existing_table_value,Iy_mm4,,existing_table_value,Iz_mm4,,derived_from_same_source_geometry,same_row_verified_source_geometry,,existing_table_value,It_mm4,,existing_table_value,Iw_mm6,,existing_table_value,Wel_y_mm3,,existing_table_value,Wpl_y_mm3,,derived_from_same_source_geometry,same_row_verified_source_geometry,"Weff,y = Wel,y when no effective strong-axis value is tabulated",derived_from_same_source_geometry,same_row_verified_source_geometry,"Wel,z = Iz / (b / 2)",derived_from_same_source_geometry,same_row_verified_source_geometry,"Wpl,z = b^2*tf/2 + tw^2*(h - 2tf)/4",derived_from_same_source_geometry,same_row_verified_source_geometry,"Weff,z = Wel,z when no effective weak-axis value is tabulated",existing_table_value,Avz_mm2,,derived_from_same_source_geometry,same_row_verified_source_geometry,"Av,y = A - tw*(h - 2tf)"
HEB,HE 220 B,open_i_or_h,ArcelorMittal Sections and Merchant Bars Sales Programme,V2026-1,https://sections.arcelormittal.com/repo/Sections/Sections%20and%20Merchant%20Bars-ArcelorMittal_V2026-1.xlsx,verified_published_table,true,220,220,9.5,16,16,18,,71.5,9108.280255,9108.280255,80900000,28430000,,770200,295400000000,735500,827000,735500,258454.545455,391441.75,258454.545455,2792,7322.280255,existing_table_value,h_mm,,existing_table_value,b_mm,,existing_table_value,tw_mm,,existing_table_value,tf_mm,,existing_table_value,tf_mm,,existing_table_value,r_mm,,derived_from_same_source_geometry,same_row_verified_source_geometry,,existing_table_value,mass_kg_m,,derived_from_same_source_geometry,same_row_verified_source_geometry,A = mass_kg_m / 7850 * 1e6,derived_from_same_source_geometry,same_row_verified_source_geometry,Aeff = A when no effective area is tabulated,existing_table_value,Iy_mm4,,existing_table_value,Iz_mm4,,derived_from_same_source_geometry,same_row_verified_source_geometry,,existing_table_value,It_mm4,,existing_table_value,Iw_mm6,,existing_table_value,Wel_y_mm3,,existing_table_value,Wpl_y_mm3,,derived_from_same_source_geometry,same_row_verified_source_geometry,"Weff,y = Wel,y when no effective strong-axis value is tabulated",derived_from_same_source_geometry,same_row_verified_source_geometry,"Wel,z = Iz / (b / 2)",derived_from_same_source_geometry,same_row_verified_source_geometry,"Wpl,z = b^2*tf/2 + tw^2*(h - 2tf)/4",derived_from_same_source_geometry,same_row_verified_source_geometry,"Weff,z = Wel,z when no effective weak-axis value is tabulated",existing_table_value,Avz_mm2,,derived_from_same_source_geometry,same_row_verified_source_geometry,"Av,y = A - tw*(h - 2tf)"
HEB,HE 240 B,open_i_or_h,ArcelorMittal Sections and Merchant Bars Sales Programme,V2026-1,https://sections.arcelormittal.com/repo/Sections/Sections%20and%20Merchant%20Bars-ArcelorMittal_V2026-1.xlsx,verified_published_table,true,240,240,10,17,17,21,,83.2,10598.726115,10598.726115,112500000,39220000,,1038000,486900000000,938200,1053000,938200,326833.333333,494750,326833.333333,3322,8538.726115,existing_table_value,h_mm,,existing_table_value,b_mm,,existing_table_value,tw_mm,,existing_table_value,tf_mm,,existing_table_value,tf_mm,,existing_table_value,r_mm,,derived_from_same_source_geometry,same_row_verified_source_geometry,,existing_table_value,mass_kg_m,,derived_from_same_source_geometry,same_row_verified_source_geometry,A = mass_kg_m / 7850 * 1e6,derived_from_same_source_geometry,same_row_verified_source_geometry,Aeff = A when no effective area is tabulated,existing_table_value,Iy_mm4,,existing_table_value,Iz_mm4,,derived_from_same_source_geometry,same_row_verified_source_geometry,,existing_table_value,It_mm4,,existing_table_value,Iw_mm6,,existing_table_value,Wel_y_mm3,,existing_table_value,Wpl_y_mm3,,derived_from_same_source_geometry,same_row_verified_source_geometry,"Weff,y = Wel,y when no effective strong-axis value is tabulated",derived_from_same_source_geometry,same_row_verified_source_geometry,"Wel,z = Iz / (b / 2)",derived_from_same_source_geometry,same_row_verified_source_geometry,"Wpl,z = b^2*tf/2 + tw^2*(h - 2tf)/4",derived_from_same_source_geometry,same_row_verified_source_geometry,"Weff,z = Wel,z when no effective weak-axis value is tabulated",existing_table_value,Avz_mm2,,derived_from_same_source_geometry,same_row_verified_source_geometry,"Av,y = A - tw*(h - 2tf)"
HEB,HE 260 B,open_i_or_h,ArcelorMittal Sections and Merchant Bars Sales Programme,V2026-1,https://sections.arcelormittal.com/repo/Sections/Sections%20and%20Merchant%20Bars-ArcelorMittal_V2026-1.xlsx,verified_published_table,true,260,260,10,17.5,17.5,24,,93,11847.133758,11847.133758,149100000,51340000,,1266000,753600000000,1147000,1282000,1147000,394923.076923,597125,394923.076923,3759,9597.133758,existing_table_value,h_mm,,existing_table_value,b_mm,,existing_table_value,tw_mm,,existing_table_value,tf_mm,,existing_table_value,tf_mm,,existing_table_value,r_mm,,derived_from_same_source_geometry,same_row_verified_source_geometry,,existing_table_value,mass_kg_m,,derived_from_same_source_geometry,same_row_verified_source_geometry,A = mass_kg_m / 7850 * 1e6,derived_from_same_source_geometry,same_row_verified_source_geometry,Aeff = A when no effective area is tabulated,existing_table_value,Iy_mm4,,existing_table_value,Iz_mm4,,derived_from_same_source_geometry,same_row_verified_source_geometry,,existing_table_value,It_mm4,,existing_table_value,Iw_mm6,,existing_table_value,Wel_y_mm3,,existing_table_value,Wpl_y_mm3,,derived_from_same_source_geometry,same_row_verified_source_geometry,"Weff,y = Wel,y when no effective strong-axis value is tabulated",derived_from_same_source_geometry,same_row_verified_source_geometry,"Wel,z = Iz / (b / 2)",derived_from_same_source_geometry,same_row_verified_source_geometry,"Wpl,z = b^2*tf/2 + tw^2*(h - 2tf)/4",derived_from_same_source_geometry,same_row_verified_source_geometry,"Weff,z = Wel,z when no effective weak-axis value is tabulated",existing_table_value,Avz_mm2,,derived_from_same_source_geometry,same_row_verified_source_geometry,"Av,y = A - tw*(h - 2tf)"
HEB,HE 280 B,open_i_or_h,ArcelorMittal Sections and Merchant Bars Sales Programme,V2026-1,https://sections.arcelormittal.com/repo/Sections/Sections%20and%20Merchant%20Bars-ArcelorMittal_V2026-1.xlsx,verified_published_table,true,280,280,10.5,18,18,24,,103,13121.019108,13121.019108,192700000,65940000,,1460000,1130000000000,1376000,1534000,1376000,471000,712325.25,471000,4109,10559.019108,existing_table_value,h_mm,,existing_table_value,b_mm,,existing_table_value,tw_mm,,existing_table_value,tf_mm,,existing_table_value,tf_mm,,existing_table_value,r_mm,,derived_from_same_source_geometry,same_row_verified_source_geometry,,existing_table_value,mass_kg_m,,derived_from_same_source_geometry,same_row_verified_source_geometry,A = mass_kg_m / 7850 * 1e6,derived_from_same_source_geometry,same_row_verified_source_geometry,Aeff = A when no effective area is tabulated,existing_table_value,Iy_mm4,,existing_table_value,Iz_mm4,,derived_from_same_source_geometry,same_row_verified_source_geometry,,existing_table_value,It_mm4,,existing_table_value,Iw_mm6,,existing_table_value,Wel_y_mm3,,existing_table_value,Wpl_y_mm3,,derived_from_same_source_geometry,same_row_verified_source_geometry,"Weff,y = Wel,y when no effective strong-axis value is tabulated",derived_from_same_source_geometry,same_row_verified_source_geometry,"Wel,z = Iz / (b / 2)",derived_from_same_source_geometry,same_row_verified_source_geometry,"Wpl,z = b^2*tf/2 + tw^2*(h - 2tf)/4",derived_from_same_source_geometry,same_row_verified_source_geometry,"Weff,z = Wel,z when no effective weak-axis value is tabulated",existing_table_value,Avz_mm2,,derived_from_same_source_geometry,same_row_verified_source_geometry,"Av,y = A - tw*(h - 2tf)"
HEB,HE 300 B,open_i_or_h,ArcelorMittal Sections and Merchant Bars Sales Programme,V2026-1,https://sections.arcelormittal.com/repo/Sections/Sections%20and%20Merchant%20Bars-ArcelorMittal_V2026-1.xlsx,verified_published_table,true,300,300,11,19,19,27,,117,14904.458599,14904.458599,251600000,85620000,,1891000,1687000000000,1677000,1868000,1677000,570800,862925.5,570800,4742,12022.458599,existing_table_value,h_mm,,existing_table_value,b_mm,,existing_table_value,tw_mm,,existing_table_value,tf_mm,,existing_table_value,tf_mm,,existing_table_value,r_mm,,derived_from_same_source_geometry,same_row_verified_source_geometry,,existing_table_value,mass_kg_m,,derived_from_same_source_geometry,same_row_verified_source_geometry,A = mass_kg_m / 7850 * 1e6,derived_from_same_source_geometry,same_row_verified_source_geometry,Aeff = A when no effective area is tabulated,existing_table_value,Iy_mm4,,existing_table_value,Iz_mm4,,derived_from_same_source_geometry,same_row_verified_source_geometry,,existing_table_value,It_mm4,,existing_table_value,Iw_mm6,,existing_table_value,Wel_y_mm3,,existing_table_value,Wpl_y_mm3,,derived_from_same_source_geometry,same_row_verified_source_geometry,"Weff,y = Wel,y when no effective strong-axis value is tabulated",derived_from_same_source_geometry,same_row_verified_source_geometry,"Wel,z = Iz / (b / 2)",derived_from_same_source_geometry,same_row_verified_source_geometry,"Wpl,z = b^2*tf/2 + tw^2*(h - 2tf)/4",derived_from_same_source_geometry,same_row_verified_source_geometry,"Weff,z = Wel,z when no effective weak-axis value is tabulated",existing_table_value,Avz_mm2,,derived_from_same_source_geometry,same_row_verified_source_geometry,"Av,y = A - tw*(h - 2tf)"
HEB,HE 320 B,open_i_or_h,ArcelorMittal Sections and Merchant Bars Sales Programme,V2026-1,https://sections.arcelormittal.com/repo/Sections/Sections%20and%20Merchant%20Bars-ArcelorMittal_V2026-1.xlsx,verified_published_table,true,320,300,11.5,20.5,20.5,27,,127,16178.343949,16178.343949,308200000,92380000,,2304000,2068000000000,1926000,2149000,1926000,615866.666667,931724.4375,615866.666667,5177,12969.843949,existing_table_value,h_mm,,existing_table_value,b_mm,,existing_table_value,tw_mm,,existing_table_value,tf_mm,,existing_table_value,tf_mm,,existing_table_value,r_mm,,derived_from_same_source_geometry,same_row_verified_source_geometry,,existing_table_value,mass_kg_m,,derived_from_same_source_geometry,same_row_verified_source_geometry,A = mass_kg_m / 7850 * 1e6,derived_from_same_source_geometry,same_row_verified_source_geometry,Aeff = A when no effective area is tabulated,existing_table_value,Iy_mm4,,existing_table_value,Iz_mm4,,derived_from_same_source_geometry,same_row_verified_source_geometry,,existing_table_value,It_mm4,,existing_table_value,Iw_mm6,,existing_table_value,Wel_y_mm3,,existing_table_value,Wpl_y_mm3,,derived_from_same_source_geometry,same_row_verified_source_geometry,"Weff,y = Wel,y when no effective strong-axis value is tabulated",derived_from_same_source_geometry,same_row_verified_source_geometry,"Wel,z = Iz / (b / 2)",derived_from_same_source_geometry,same_row_verified_source_geometry,"Wpl,z = b^2*tf/2 + tw^2*(h - 2tf)/4",derived_from_same_source_geometry,same_row_verified_source_geometry,"Weff,z = Wel,z when no effective weak-axis value is tabulated",existing_table_value,Avz_mm2,,derived_from_same_source_geometry,same_row_verified_source_geometry,"Av,y = A - tw*(h - 2tf)"
HEB,HE 340 B,open_i_or_h,ArcelorMittal Sections and Merchant Bars Sales Programme,V2026-1,https://sections.arcelormittal.com/repo/Sections/Sections%20and%20Merchant%20Bars-ArcelorMittal_V2026-1.xlsx,verified_published_table,true,340,300,12,21.5,21.5,27,,134,17070.063694,17070.063694,366500000,96890000,,2628000,2453000000000,2156000,2408000,2156000,645933.333333,978192,645933.333333,5608,13506.063694,existing_table_value,h_mm,,existing_table_value,b_mm,,existing_table_value,tw_mm,,existing_table_value,tf_mm,,existing_table_value,tf_mm,,existing_table_value,r_mm,,derived_from_same_source_geometry,same_row_verified_source_geometry,,existing_table_value,mass_kg_m,,derived_from_same_source_geometry,same_row_verified_source_geometry,A = mass_kg_m / 7850 * 1e6,derived_from_same_source_geometry,same_row_verified_source_geometry,Aeff = A when no effective area is tabulated,existing_table_value,Iy_mm4,,existing_table_value,Iz_mm4,,derived_from_same_source_geometry,same_row_verified_source_geometry,,existing_table_value,It_mm4,,existing_table_value,Iw_mm6,,existing_table_value,Wel_y_mm3,,existing_table_value,Wpl_y_mm3,,derived_from_same_source_geometry,same_row_verified_source_geometry,"Weff,y = Wel,y when no effective strong-axis value is tabulated",derived_from_same_source_geometry,same_row_verified_source_geometry,"Wel,z = Iz / (b / 2)",derived_from_same_source_geometry,same_row_verified_source_geometry,"Wpl,z = b^2*tf/2 + tw^2*(h - 2tf)/4",derived_from_same_source_geometry,same_row_verified_source_geometry,"Weff,z = Wel,z when no effective weak-axis value is tabulated",existing_table_value,Avz_mm2,,derived_from_same_source_geometry,same_row_verified_source_geometry,"Av,y = A - tw*(h - 2tf)"
HEB,HE 360 B,open_i_or_h,ArcelorMittal Sections and Merchant Bars Sales Programme,V2026-1,https://sections.arcelormittal.com/repo/Sections/Sections%20and%20Merchant%20Bars-ArcelorMittal_V2026-1.xlsx,verified_published_table,true,360,300,12.5,22.5,22.5,27,,142,18089.171975,18089.171975,431900000,101400000,,2983000,2883000000000,2399000,2682000,2399000,676000,1024804.6875,676000,6059,14151.671975,existing_table_value,h_mm,,existing_table_value,b_mm,,existing_table_value,tw_mm,,existing_table_value,tf_mm,,existing_table_value,tf_mm,,existing_table_value,r_mm,,derived_from_same_source_geometry,same_row_verified_source_geometry,,existing_table_value,mass_kg_m,,derived_from_same_source_geometry,same_row_verified_source_geometry,A = mass_kg_m / 7850 * 1e6,derived_from_same_source_geometry,same_row_verified_source_geometry,Aeff = A when no effective area is tabulated,existing_table_value,Iy_mm4,,existing_table_value,Iz_mm4,,derived_from_same_source_geometry,same_row_verified_source_geometry,,existing_table_value,It_mm4,,existing_table_value,Iw_mm6,,existing_table_value,Wel_y_mm3,,existing_table_value,Wpl_y_mm3,,derived_from_same_source_geometry,same_row_verified_source_geometry,"Weff,y = Wel,y when no effective strong-axis value is tabulated",derived_from_same_source_geometry,same_row_verified_source_geometry,"Wel,z = Iz / (b / 2)",derived_from_same_source_geometry,same_row_verified_source_geometry,"Wpl,z = b^2*tf/2 + tw^2*(h - 2tf)/4",derived_from_same_source_geometry,same_row_verified_source_geometry,"Weff,z = Wel,z when no effective weak-axis value is tabulated",existing_table_value,Avz_mm2,,derived_from_same_source_geometry,same_row_verified_source_geometry,"Av,y = A - tw*(h - 2tf)"
HEB,HE 400 B,open_i_or_h,ArcelorMittal Sections and Merchant Bars Sales Programme,V2026-1,https://sections.arcelormittal.com/repo/Sections/Sections%20and%20Merchant%20Bars-ArcelorMittal_V2026-1.xlsx,verified_published_table,true,400,300,13.5,24,24,27,,155,19745.22293,19745.22293,576800000,108100000,,3610000,3817000000000,2884000,3231000,2884000,720666.666667,1096038,720666.666667,6997,14993.22293,existing_table_value,h_mm,,existing_table_value,b_mm,,existing_table_value,tw_mm,,existing_table_value,tf_mm,,existing_table_value,tf_mm,,existing_table_value,r_mm,,derived_from_same_source_geometry,same_row_verified_source_geometry,,existing_table_value,mass_kg_m,,derived_from_same_source_geometry,same_row_verified_source_geometry,A = mass_kg_m / 7850 * 1e6,derived_from_same_source_geometry,same_row_verified_source_geometry,Aeff = A when no effective area is tabulated,existing_table_value,Iy_mm4,,existing_table_value,Iz_mm4,,derived_from_same_source_geometry,same_row_verified_source_geometry,,existing_table_value,It_mm4,,existing_table_value,Iw_mm6,,existing_table_value,Wel_y_mm3,,existing_table_value,Wpl_y_mm3,,derived_from_same_source_geometry,same_row_verified_source_geometry,"Weff,y = Wel,y when no effective strong-axis value is tabulated",derived_from_same_source_geometry,same_row_verified_source_geometry,"Wel,z = Iz / (b / 2)",derived_from_same_source_geometry,same_row_verified_source_geometry,"Wpl,z = b^2*tf/2 + tw^2*(h - 2tf)/4",derived_from_same_source_geometry,same_row_verified_source_geometry,"Weff,z = Wel,z when no effective weak-axis value is tabulated",existing_table_value,Avz_mm2,,derived_from_same_source_geometry,same_row_verified_source_geometry,"Av,y = A - tw*(h - 2tf)"
HEB,HE 450 B,open_i_or_h,ArcelorMittal Sections and Merchant Bars Sales Programme,V2026-1,https://sections.arcelormittal.com/repo/Sections/Sections%20and%20Merchant%20Bars-ArcelorMittal_V2026-1.xlsx,verified_published_table,true,450,300,14,26,26,27,,171,21783.43949,21783.43949,798800000,117200000,,4479000,5258000000000,3550000,3982000,3550000,781333.333333,1189502,781333.333333,7965,16211.43949,existing_table_value,h_mm,,existing_table_value,b_mm,,existing_table_value,tw_mm,,existing_table_value,tf_mm,,existing_table_value,tf_mm,,existing_table_value,r_mm,,derived_from_same_source_geometry,same_row_verified_source_geometry,,existing_table_value,mass_kg_m,,derived_from_same_source_geometry,same_row_verified_source_geometry,A = mass_kg_m / 7850 * 1e6,derived_from_same_source_geometry,same_row_verified_source_geometry,Aeff = A when no effective area is tabulated,existing_table_value,Iy_mm4,,existing_table_value,Iz_mm4,,derived_from_same_source_geometry,same_row_verified_source_geometry,,existing_table_value,It_mm4,,existing_table_value,Iw_mm6,,existing_table_value,Wel_y_mm3,,existing_table_value,Wpl_y_mm3,,derived_from_same_source_geometry,same_row_verified_source_geometry,"Weff,y = Wel,y when no effective strong-axis value is tabulated",derived_from_same_source_geometry,same_row_verified_source_geometry,"Wel,z = Iz / (b / 2)",derived_from_same_source_geometry,same_row_verified_source_geometry,"Wpl,z = b^2*tf/2 + tw^2*(h - 2tf)/4",derived_from_same_source_geometry,same_row_verified_source_geometry,"Weff,z = Wel,z when no effective weak-axis value is tabulated",existing_table_value,Avz_mm2,,derived_from_same_source_geometry,same_row_verified_source_geometry,"Av,y = A - tw*(h - 2tf)"
HEB,HE 500 B,open_i_or_h,ArcelorMittal Sections and Merchant Bars Sales Programme,V2026-1,https://sections.arcelormittal.com/repo/Sections/Sections%20and%20Merchant%20Bars-ArcelorMittal_V2026-1.xlsx,verified_published_table,true,500,300,14.5,28,28,27,,187,23821.656051,23821.656051,1071700000,126200000,,5481000,7017000000000,4287000,4814000,4287000,841333.333333,1283337.75,841333.333333,8981,17383.656051,existing_table_value,h_mm,,existing_table_value,b_mm,,existing_table_value,tw_mm,,existing_table_value,tf_mm,,existing_table_value,tf_mm,,existing_table_value,r_mm,,derived_from_same_source_geometry,same_row_verified_source_geometry,,existing_table_value,mass_kg_m,,derived_from_same_source_geometry,same_row_verified_source_geometry,A = mass_kg_m / 7850 * 1e6,derived_from_same_source_geometry,same_row_verified_source_geometry,Aeff = A when no effective area is tabulated,existing_table_value,Iy_mm4,,existing_table_value,Iz_mm4,,derived_from_same_source_geometry,same_row_verified_source_geometry,,existing_table_value,It_mm4,,existing_table_value,Iw_mm6,,existing_table_value,Wel_y_mm3,,existing_table_value,Wpl_y_mm3,,derived_from_same_source_geometry,same_row_verified_source_geometry,"Weff,y = Wel,y when no effective strong-axis value is tabulated",derived_from_same_source_geometry,same_row_verified_source_geometry,"Wel,z = Iz / (b / 2)",derived_from_same_source_geometry,same_row_verified_source_geometry,"Wpl,z = b^2*tf/2 + tw^2*(h - 2tf)/4",derived_from_same_source_geometry,same_row_verified_source_geometry,"Weff,z = Wel,z when no effective weak-axis value is tabulated",existing_table_value,Avz_mm2,,derived_from_same_source_geometry,same_row_verified_source_geometry,"Av,y = A - tw*(h - 2tf)"
HEB,HE 550 B,open_i_or_h,ArcelorMittal Sections and Merchant Bars Sales Programme,V2026-1,https://sections.arcelormittal.com/repo/Sections/Sections%20and%20Merchant%20Bars-ArcelorMittal_V2026-1.xlsx,verified_published_table,true,550,300,15,29,29,27,,199,25350.318471,25350.318471,1366900000,130700000,,6101000,8855000000000,4970000,5590000,4970000,871333.333333,1332675,871333.333333,10000,17970.318471,existing_table_value,h_mm,,existing_table_value,b_mm,,existing_table_value,tw_mm,,existing_table_value,tf_mm,,existing_table_value,tf_mm,,existing_table_value,r_mm,,derived_from_same_source_geometry,same_row_verified_source_geometry,,existing_table_value,mass_kg_m,,derived_from_same_source_geometry,same_row_verified_source_geometry,A = mass_kg_m / 7850 * 1e6,derived_from_same_source_geometry,same_row_verified_source_geometry,Aeff = A when no effective area is tabulated,existing_table_value,Iy_mm4,,existing_table_value,Iz_mm4,,derived_from_same_source_geometry,same_row_verified_source_geometry,,existing_table_value,It_mm4,,existing_table_value,Iw_mm6,,existing_table_value,Wel_y_mm3,,existing_table_value,Wpl_y_mm3,,derived_from_same_source_geometry,same_row_verified_source_geometry,"Weff,y = Wel,y when no effective strong-axis value is tabulated",derived_from_same_source_geometry,same_row_verified_source_geometry,"Wel,z = Iz / (b / 2)",derived_from_same_source_geometry,same_row_verified_source_geometry,"Wpl,z = b^2*tf/2 + tw^2*(h - 2tf)/4",derived_from_same_source_geometry,same_row_verified_source_geometry,"Weff,z = Wel,z when no effective weak-axis value is tabulated",existing_table_value,Avz_mm2,,derived_from_same_source_geometry,same_row_verified_source_geometry,"Av,y = A - tw*(h - 2tf)"
HEB,HE 600 B,open_i_or_h,ArcelorMittal Sections and Merchant Bars Sales Programme,V2026-1,https://sections.arcelormittal.com/repo/Sections/Sections%20and%20Merchant%20Bars-ArcelorMittal_V2026-1.xlsx,verified_published_table,true,600,300,15.5,30,30,27,,212,27006.369427,27006.369427,1710400000,135300000,,6771000,10960000000000,5701000,6425000,5701000,902000,1382433.75,902000,11080,18636.369427,existing_table_value,h_mm,,existing_table_value,b_mm,,existing_table_value,tw_mm,,existing_table_value,tf_mm,,existing_table_value,tf_mm,,existing_table_value,r_mm,,derived_from_same_source_geometry,same_row_verified_source_geometry,,existing_table_value,mass_kg_m,,derived_from_same_source_geometry,same_row_verified_source_geometry,A = mass_kg_m / 7850 * 1e6,derived_from_same_source_geometry,same_row_verified_source_geometry,Aeff = A when no effective area is tabulated,existing_table_value,Iy_mm4,,existing_table_value,Iz_mm4,,derived_from_same_source_geometry,same_row_verified_source_geometry,,existing_table_value,It_mm4,,existing_table_value,Iw_mm6,,existing_table_value,Wel_y_mm3,,existing_table_value,Wpl_y_mm3,,derived_from_same_source_geometry,same_row_verified_source_geometry,"Weff,y = Wel,y when no effective strong-axis value is tabulated",derived_from_same_source_geometry,same_row_verified_source_geometry,"Wel,z = Iz / (b / 2)",derived_from_same_source_geometry,same_row_verified_source_geometry,"Wpl,z = b^2*tf/2 + tw^2*(h - 2tf)/4",derived_from_same_source_geometry,same_row_verified_source_geometry,"Weff,z = Wel,z when no effective weak-axis value is tabulated",existing_table_value,Avz_mm2,,derived_from_same_source_geometry,same_row_verified_source_geometry,"Av,y = A - tw*(h - 2tf)"
HEB,HE 650 B,open_i_or_h,ArcelorMittal Sections and Merchant Bars Sales Programme,V2026-1,https://sections.arcelormittal.com/repo/Sections/Sections%20and%20Merchant%20Bars-ArcelorMittal_V2026-1.xlsx,verified_published_table,true,650,300,16,31,31,27,,225,28662.420382,28662.420382,2106100000,139800000,,7492000,13360000000000,6480000,7319000,6480000,932000,1432632,932000,12200,19254.420382,existing_table_value,h_mm,,existing_table_value,b_mm,,existing_table_value,tw_mm,,existing_table_value,tf_mm,,existing_table_value,tf_mm,,existing_table_value,r_mm,,derived_from_same_source_geometry,same_row_verified_source_geometry,,existing_table_value,mass_kg_m,,derived_from_same_source_geometry,same_row_verified_source_geometry,A = mass_kg_m / 7850 * 1e6,derived_from_same_source_geometry,same_row_verified_source_geometry,Aeff = A when no effective area is tabulated,existing_table_value,Iy_mm4,,existing_table_value,Iz_mm4,,derived_from_same_source_geometry,same_row_verified_source_geometry,,existing_table_value,It_mm4,,existing_table_value,Iw_mm6,,existing_table_value,Wel_y_mm3,,existing_table_value,Wpl_y_mm3,,derived_from_same_source_geometry,same_row_verified_source_geometry,"Weff,y = Wel,y when no effective strong-axis value is tabulated",derived_from_same_source_geometry,same_row_verified_source_geometry,"Wel,z = Iz / (b / 2)",derived_from_same_source_geometry,same_row_verified_source_geometry,"Wpl,z = b^2*tf/2 + tw^2*(h - 2tf)/4",derived_from_same_source_geometry,same_row_verified_source_geometry,"Weff,z = Wel,z when no effective weak-axis value is tabulated",existing_table_value,Avz_mm2,,derived_from_same_source_geometry,same_row_verified_source_geometry,"Av,y = A - tw*(h - 2tf)"
HEB,HE 700 B,open_i_or_h,ArcelorMittal Sections and Merchant Bars Sales Programme,V2026-1,https://sections.arcelormittal.com/repo/Sections/Sections%20and%20Merchant%20Bars-ArcelorMittal_V2026-1.xlsx,verified_published_table,true,700,300,17,32,32,27,,241,30700.636943,30700.636943,2568800000,144400000,,8388000,16060000000000,7339000,8327000,7339000,962666.666667,1485951,962666.666667,13700,19888.636943,existing_table_value,h_mm,,existing_table_value,b_mm,,existing_table_value,tw_mm,,existing_table_value,tf_mm,,existing_table_value,tf_mm,,existing_table_value,r_mm,,derived_from_same_source_geometry,same_row_verified_source_geometry,,existing_table_value,mass_kg_m,,derived_from_same_source_geometry,same_row_verified_source_geometry,A = mass_kg_m / 7850 * 1e6,derived_from_same_source_geometry,same_row_verified_source_geometry,Aeff = A when no effective area is tabulated,existing_table_value,Iy_mm4,,existing_table_value,Iz_mm4,,derived_from_same_source_geometry,same_row_verified_source_geometry,,existing_table_value,It_mm4,,existing_table_value,Iw_mm6,,existing_table_value,Wel_y_mm3,,existing_table_value,Wpl_y_mm3,,derived_from_same_source_geometry,same_row_verified_source_geometry,"Weff,y = Wel,y when no effective strong-axis value is tabulated",derived_from_same_source_geometry,same_row_verified_source_geometry,"Wel,z = Iz / (b / 2)",derived_from_same_source_geometry,same_row_verified_source_geometry,"Wpl,z = b^2*tf/2 + tw^2*(h - 2tf)/4",derived_from_same_source_geometry,same_row_verified_source_geometry,"Weff,z = Wel,z when no effective weak-axis value is tabulated",existing_table_value,Avz_mm2,,derived_from_same_source_geometry,same_row_verified_source_geometry,"Av,y = A - tw*(h - 2tf)"
HEB,HE 800 B,open_i_or_h,ArcelorMittal Sections and Merchant Bars Sales Programme,V2026-1,https://sections.arcelormittal.com/repo/Sections/Sections%20and%20Merchant%20Bars-ArcelorMittal_V2026-1.xlsx,verified_published_table,true,800,300,17.5,33,33,30,,262,33375.796178,33375.796178,3590800000,149000000,,9587000,21840000000000,8977000,10220000,8977000,993333.333333,1541196.875,993333.333333,16170,20530.796178,existing_table_value,h_mm,,existing_table_value,b_mm,,existing_table_value,tw_mm,,existing_table_value,tf_mm,,existing_table_value,tf_mm,,existing_table_value,r_mm,,derived_from_same_source_geometry,same_row_verified_source_geometry,,existing_table_value,mass_kg_m,,derived_from_same_source_geometry,same_row_verified_source_geometry,A = mass_kg_m / 7850 * 1e6,derived_from_same_source_geometry,same_row_verified_source_geometry,Aeff = A when no effective area is tabulated,existing_table_value,Iy_mm4,,existing_table_value,Iz_mm4,,derived_from_same_source_geometry,same_row_verified_source_geometry,,existing_table_value,It_mm4,,existing_table_value,Iw_mm6,,existing_table_value,Wel_y_mm3,,existing_table_value,Wpl_y_mm3,,derived_from_same_source_geometry,same_row_verified_source_geometry,"Weff,y = Wel,y when no effective strong-axis value is tabulated",derived_from_same_source_geometry,same_row_verified_source_geometry,"Wel,z = Iz / (b / 2)",derived_from_same_source_geometry,same_row_verified_source_geometry,"Wpl,z = b^2*tf/2 + tw^2*(h - 2tf)/4",derived_from_same_source_geometry,same_row_verified_source_geometry,"Weff,z = Wel,z when no effective weak-axis value is tabulated",existing_table_value,Avz_mm2,,derived_from_same_source_geometry,same_row_verified_source_geometry,"Av,y = A - tw*(h - 2tf)"
HEB,HE 900 B,open_i_or_h,ArcelorMittal Sections and Merchant Bars Sales Programme,V2026-1,https://sections.arcelormittal.com/repo/Sections/Sections%20and%20Merchant%20Bars-ArcelorMittal_V2026-1.xlsx,verified_published_table,true,900,300,18.5,35,35,30,,291,37070.063694,37070.063694,4940600000,158100000,,11500000,29460000000000,10970000,12580000,10970000,1054000,1646016.875,1054000,18870,21715.063694,existing_table_value,h_mm,,existing_table_value,b_mm,,existing_table_value,tw_mm,,existing_table_value,tf_mm,,existing_table_value,tf_mm,,existing_table_value,r_mm,,derived_from_same_source_geometry,same_row_verified_source_geometry,,existing_table_value,mass_kg_m,,derived_from_same_source_geometry,same_row_verified_source_geometry,A = mass_kg_m / 7850 * 1e6,derived_from_same_source_geometry,same_row_verified_source_geometry,Aeff = A when no effective area is tabulated,existing_table_value,Iy_mm4,,existing_table_value,Iz_mm4,,derived_from_same_source_geometry,same_row_verified_source_geometry,,existing_table_value,It_mm4,,existing_table_value,Iw_mm6,,existing_table_value,Wel_y_mm3,,existing_table_value,Wpl_y_mm3,,derived_from_same_source_geometry,same_row_verified_source_geometry,"Weff,y = Wel,y when no effective strong-axis value is tabulated",derived_from_same_source_geometry,same_row_verified_source_geometry,"Wel,z = Iz / (b / 2)",derived_from_same_source_geometry,same_row_verified_source_geometry,"Wpl,z = b^2*tf/2 + tw^2*(h - 2tf)/4",derived_from_same_source_geometry,same_row_verified_source_geometry,"Weff,z = Wel,z when no effective weak-axis value is tabulated",existing_table_value,Avz_mm2,,derived_from_same_source_geometry,same_row_verified_source_geometry,"Av,y = A - tw*(h - 2tf)"
HEB,HE 1000 B,open_i_or_h,ArcelorMittal Sections and Merchant Bars Sales Programme,V2026-1,https://sections.arcelormittal.com/repo/Sections/Sections%20and%20Merchant%20Bars-ArcelorMittal_V2026-1.xlsx,verified_published_table,true,1000,300,19,36,36,30,,314,40000,40000,6447400000,162700000,,12670000,37630000000000,12890000,14850000,12890000,1084666.666667,1703752,1084666.666667,21240,22368,existing_table_value,h_mm,,existing_table_value,b_mm,,existing_table_value,tw_mm,,existing_table_value,tf_mm,,existing_table_value,tf_mm,,existing_table_value,r_mm,,derived_from_same_source_geometry,same_row_verified_source_geometry,,existing_table_value,mass_kg_m,,derived_from_same_source_geometry,same_row_verified_source_geometry,A = mass_kg_m / 7850 * 1e6,derived_from_same_source_geometry,same_row_verified_source_geometry,Aeff = A when no effective area is tabulated,existing_table_value,Iy_mm4,,existing_table_value,Iz_mm4,,derived_from_same_source_geometry,same_row_verified_source_geometry,,existing_table_value,It_mm4,,existing_table_value,Iw_mm6,,existing_table_value,Wel_y_mm3,,existing_table_value,Wpl_y_mm3,,derived_from_same_source_geometry,same_row_verified_source_geometry,"Weff,y = Wel,y when no effective strong-axis value is tabulated",derived_from_same_source_geometry,same_row_verified_source_geometry,"Wel,z = Iz / (b / 2)",derived_from_same_source_geometry,same_row_verified_source_geometry,"Wpl,z = b^2*tf/2 + tw^2*(h - 2tf)/4",derived_from_same_source_geometry,same_row_verified_source_geometry,"Weff,z = Wel,z when no effective weak-axis value is tabulated",existing_table_value,Avz_mm2,,derived_from_same_source_geometry,same_row_verified_source_geometry,"Av,y = A - tw*(h - 2tf)"
HEA,HE 100 A,open_i_or_h,ArcelorMittal Sections and Merchant Bars Sales Programme,V2026-1,https://sections.arcelormittal.com/repo/Sections/Sections%20and%20Merchant%20Bars-ArcelorMittal_V2026-1.xlsx,verified_published_table,true,96,100,5,8,8,12,,16.7,2127.388535,2127.388535,3492000,1338000,,52830,2581000000,72750,83010,72750,26760,40500,26760,755.6,1727.388535,existing_table_value,h_mm,,existing_table_value,b_mm,,existing_table_value,tw_mm,,existing_table_value,tf_mm,,existing_table_value,tf_mm,,existing_table_value,r_mm,,derived_from_same_source_geometry,same_row_verified_source_geometry,,existing_table_value,mass_kg_m,,derived_from_same_source_geometry,same_row_verified_source_geometry,A = mass_kg_m / 7850 * 1e6,derived_from_same_source_geometry,same_row_verified_source_geometry,Aeff = A when no effective area is tabulated,existing_table_value,Iy_mm4,,existing_table_value,Iz_mm4,,derived_from_same_source_geometry,same_row_verified_source_geometry,,existing_table_value,It_mm4,,existing_table_value,Iw_mm6,,existing_table_value,Wel_y_mm3,,existing_table_value,Wpl_y_mm3,,derived_from_same_source_geometry,same_row_verified_source_geometry,"Weff,y = Wel,y when no effective strong-axis value is tabulated",derived_from_same_source_geometry,same_row_verified_source_geometry,"Wel,z = Iz / (b / 2)",derived_from_same_source_geometry,same_row_verified_source_geometry,"Wpl,z = b^2*tf/2 + tw^2*(h - 2tf)/4",derived_from_same_source_geometry,same_row_verified_source_geometry,"Weff,z = Wel,z when no effective weak-axis value is tabulated",existing_table_value,Avz_mm2,,derived_from_same_source_geometry,same_row_verified_source_geometry,"Av,y = A - tw*(h - 2tf)"
HEA,HE 120 A,open_i_or_h,ArcelorMittal Sections and Merchant Bars Sales Programme,V2026-1,https://sections.arcelormittal.com/repo/Sections/Sections%20and%20Merchant%20Bars-ArcelorMittal_V2026-1.xlsx,verified_published_table,true,114,120,5,8,8,12,,19.9,2535.031847,2535.031847,6061000,2308000,,60410,6471000000,106300,119400,106300,38466.666667,58212.5,38466.666667,845.6,2045.031847,existing_table_value,h_mm,,existing_table_value,b_mm,,existing_table_value,tw_mm,,existing_table_value,tf_mm,,existing_table_value,tf_mm,,existing_table_value,r_mm,,derived_from_same_source_geometry,same_row_verified_source_geometry,,existing_table_value,mass_kg_m,,derived_from_same_source_geometry,same_row_verified_source_geometry,A = mass_kg_m / 7850 * 1e6,derived_from_same_source_geometry,same_row_verified_source_geometry,Aeff = A when no effective area is tabulated,existing_table_value,Iy_mm4,,existing_table_value,Iz_mm4,,derived_from_same_source_geometry,same_row_verified_source_geometry,,existing_table_value,It_mm4,,existing_table_value,Iw_mm6,,existing_table_value,Wel_y_mm3,,existing_table_value,Wpl_y_mm3,,derived_from_same_source_geometry,same_row_verified_source_geometry,"Weff,y = Wel,y when no effective strong-axis value is tabulated",derived_from_same_source_geometry,same_row_verified_source_geometry,"Wel,z = Iz / (b / 2)",derived_from_same_source_geometry,same_row_verified_source_geometry,"Wpl,z = b^2*tf/2 + tw^2*(h - 2tf)/4",derived_from_same_source_geometry,same_row_verified_source_geometry,"Weff,z = Wel,z when no effective weak-axis value is tabulated",existing_table_value,Avz_mm2,,derived_from_same_source_geometry,same_row_verified_source_geometry,"Av,y = A - tw*(h - 2tf)"
HEA,HE 140 A,open_i_or_h,ArcelorMittal Sections and Merchant Bars Sales Programme,V2026-1,https://sections.arcelormittal.com/repo/Sections/Sections%20and%20Merchant%20Bars-ArcelorMittal_V2026-1.xlsx,verified_published_table,true,133,140,5.5,8.5,8.5,12,,24.7,3146.496815,3146.496815,10330000,3893000,,81010,15060000000,155300,173400,155300,55614.285714,84177.25,55614.285714,1012,2508.496815,existing_table_value,h_mm,,existing_table_value,b_mm,,existing_table_value,tw_mm,,existing_table_value,tf_mm,,existing_table_value,tf_mm,,existing_table_value,r_mm,,derived_from_same_source_geometry,same_row_verified_source_geometry,,existing_table_value,mass_kg_m,,derived_from_same_source_geometry,same_row_verified_source_geometry,A = mass_kg_m / 7850 * 1e6,derived_from_same_source_geometry,same_row_verified_source_geometry,Aeff = A when no effective area is tabulated,existing_table_value,Iy_mm4,,existing_table_value,Iz_mm4,,derived_from_same_source_geometry,same_row_verified_source_geometry,,existing_table_value,It_mm4,,existing_table_value,Iw_mm6,,existing_table_value,Wel_y_mm3,,existing_table_value,Wpl_y_mm3,,derived_from_same_source_geometry,same_row_verified_source_geometry,"Weff,y = Wel,y when no effective strong-axis value is tabulated",derived_from_same_source_geometry,same_row_verified_source_geometry,"Wel,z = Iz / (b / 2)",derived_from_same_source_geometry,same_row_verified_source_geometry,"Wpl,z = b^2*tf/2 + tw^2*(h - 2tf)/4",derived_from_same_source_geometry,same_row_verified_source_geometry,"Weff,z = Wel,z when no effective weak-axis value is tabulated",existing_table_value,Avz_mm2,,derived_from_same_source_geometry,same_row_verified_source_geometry,"Av,y = A - tw*(h - 2tf)"
HEA,HE 160 A,open_i_or_h,ArcelorMittal Sections and Merchant Bars Sales Programme,V2026-1,https://sections.arcelormittal.com/repo/Sections/Sections%20and%20Merchant%20Bars-ArcelorMittal_V2026-1.xlsx,verified_published_table,true,152,160,6,9,9,15,,30.4,3872.611465,3872.611465,16720000,6155000,,120900,31400000000,220100,245100,220100,76937.5,116406,76937.5,1321,3068.611465,existing_table_value,h_mm,,existing_table_value,b_mm,,existing_table_value,tw_mm,,existing_table_value,tf_mm,,existing_table_value,tf_mm,,existing_table_value,r_mm,,derived_from_same_source_geometry,same_row_verified_source_geometry,,existing_table_value,mass_kg_m,,derived_from_same_source_geometry,same_row_verified_source_geometry,A = mass_kg_m / 7850 * 1e6,derived_from_same_source_geometry,same_row_verified_source_geometry,Aeff = A when no effective area is tabulated,existing_table_value,Iy_mm4,,existing_table_value,Iz_mm4,,derived_from_same_source_geometry,same_row_verified_source_geometry,,existing_table_value,It_mm4,,existing_table_value,Iw_mm6,,existing_table_value,Wel_y_mm3,,existing_table_value,Wpl_y_mm3,,derived_from_same_source_geometry,same_row_verified_source_geometry,"Weff,y = Wel,y when no effective strong-axis value is tabulated",derived_from_same_source_geometry,same_row_verified_source_geometry,"Wel,z = Iz / (b / 2)",derived_from_same_source_geometry,same_row_verified_source_geometry,"Wpl,z = b^2*tf/2 + tw^2*(h - 2tf)/4",derived_from_same_source_geometry,same_row_verified_source_geometry,"Weff,z = Wel,z when no effective weak-axis value is tabulated",existing_table_value,Avz_mm2,,derived_from_same_source_geometry,same_row_verified_source_geometry,"Av,y = A - tw*(h - 2tf)"
HEA,HE 180 A,open_i_or_h,ArcelorMittal Sections and Merchant Bars Sales Programme,V2026-1,https://sections.arcelormittal.com/repo/Sections/Sections%20and%20Merchant%20Bars-ArcelorMittal_V2026-1.xlsx,verified_published_table,true,171,180,6,9.5,9.5,15,,35.5,4522.292994,4522.292994,25100000,9246000,,148800,60210000000,293600,324800,293600,102733.333333,155268,102733.333333,1447,3610.292994,existing_table_value,h_mm,,existing_table_value,b_mm,,existing_table_value,tw_mm,,existing_table_value,tf_mm,,existing_table_value,tf_mm,,existing_table_value,r_mm,,derived_from_same_source_geometry,same_row_verified_source_geometry,,existing_table_value,mass_kg_m,,derived_from_same_source_geometry,same_row_verified_source_geometry,A = mass_kg_m / 7850 * 1e6,derived_from_same_source_geometry,same_row_verified_source_geometry,Aeff = A when no effective area is tabulated,existing_table_value,Iy_mm4,,existing_table_value,Iz_mm4,,derived_from_same_source_geometry,same_row_verified_source_geometry,,existing_table_value,It_mm4,,existing_table_value,Iw_mm6,,existing_table_value,Wel_y_mm3,,existing_table_value,Wpl_y_mm3,,derived_from_same_source_geometry,same_row_verified_source_geometry,"Weff,y = Wel,y when no effective strong-axis value is tabulated",derived_from_same_source_geometry,same_row_verified_source_geometry,"Wel,z = Iz / (b / 2)",derived_from_same_source_geometry,same_row_verified_source_geometry,"Wpl,z = b^2*tf/2 + tw^2*(h - 2tf)/4",derived_from_same_source_geometry,same_row_verified_source_geometry,"Weff,z = Wel,z when no effective weak-axis value is tabulated",existing_table_value,Avz_mm2,,derived_from_same_source_geometry,same_row_verified_source_geometry,"Av,y = A - tw*(h - 2tf)"
HEA,HE 200 A,open_i_or_h,ArcelorMittal Sections and Merchant Bars Sales Programme,V2026-1,https://sections.arcelormittal.com/repo/Sections/Sections%20and%20Merchant%20Bars-ArcelorMittal_V2026-1.xlsx,verified_published_table,true,190,200,6.5,10,10,18,,42.3,5388.535032,5388.535032,36920000,13350000,,210400,108000000000,388600,429400,388600,133500,201795.625,133500,1808,4283.535032,existing_table_value,h_mm,,existing_table_value,b_mm,,existing_table_value,tw_mm,,existing_table_value,tf_mm,,existing_table_value,tf_mm,,existing_table_value,r_mm,,derived_from_same_source_geometry,same_row_verified_source_geometry,,existing_table_value,mass_kg_m,,derived_from_same_source_geometry,same_row_verified_source_geometry,A = mass_kg_m / 7850 * 1e6,derived_from_same_source_geometry,same_row_verified_source_geometry,Aeff = A when no effective area is tabulated,existing_table_value,Iy_mm4,,existing_table_value,Iz_mm4,,derived_from_same_source_geometry,same_row_verified_source_geometry,,existing_table_value,It_mm4,,existing_table_value,Iw_mm6,,existing_table_value,Wel_y_mm3,,existing_table_value,Wpl_y_mm3,,derived_from_same_source_geometry,same_row_verified_source_geometry,"Weff,y = Wel,y when no effective strong-axis value is tabulated",derived_from_same_source_geometry,same_row_verified_source_geometry,"Wel,z = Iz / (b / 2)",derived_from_same_source_geometry,same_row_verified_source_geometry,"Wpl,z = b^2*tf/2 + tw^2*(h - 2tf)/4",derived_from_same_source_geometry,same_row_verified_source_geometry,"Weff,z = Wel,z when no effective weak-axis value is tabulated",existing_table_value,Avz_mm2,,derived_from_same_source_geometry,same_row_verified_source_geometry,"Av,y = A - tw*(h - 2tf)"
HEA,HE 220 A,open_i_or_h,ArcelorMittal Sections and Merchant Bars Sales Programme,V2026-1,https://sections.arcelormittal.com/repo/Sections/Sections%20and%20Merchant%20Bars-ArcelorMittal_V2026-1.xlsx,verified_published_table,true,210,220,7,11,11,18,,50.5,6433.121019,6433.121019,54090000,19540000,,286100,193200000000,515200,568400,515200,177636.363636,268503,177636.363636,2067,5117.121019,existing_table_value,h_mm,,existing_table_value,b_mm,,existing_table_value,tw_mm,,existing_table_value,tf_mm,,existing_table_value,tf_mm,,existing_table_value,r_mm,,derived_from_same_source_geometry,same_row_verified_source_geometry,,existing_table_value,mass_kg_m,,derived_from_same_source_geometry,same_row_verified_source_geometry,A = mass_kg_m / 7850 * 1e6,derived_from_same_source_geometry,same_row_verified_source_geometry,Aeff = A when no effective area is tabulated,existing_table_value,Iy_mm4,,existing_table_value,Iz_mm4,,derived_from_same_source_geometry,same_row_verified_source_geometry,,existing_table_value,It_mm4,,existing_table_value,Iw_mm6,,existing_table_value,Wel_y_mm3,,existing_table_value,Wpl_y_mm3,,derived_from_same_source_geometry,same_row_verified_source_geometry,"Weff,y = Wel,y when no effective strong-axis value is tabulated",derived_from_same_source_geometry,same_row_verified_source_geometry,"Wel,z = Iz / (b / 2)",derived_from_same_source_geometry,same_row_verified_source_geometry,"Wpl,z = b^2*tf/2 + tw^2*(h - 2tf)/4",derived_from_same_source_geometry,same_row_verified_source_geometry,"Weff,z = Wel,z when no effective weak-axis value is tabulated",existing_table_value,Avz_mm2,,derived_from_same_source_geometry,same_row_verified_source_geometry,"Av,y = A - tw*(h - 2tf)"
HEA,HE 240 A,open_i_or_h,ArcelorMittal Sections and Merchant Bars Sales Programme,V2026-1,https://sections.arcelormittal.com/repo/Sections/Sections%20and%20Merchant%20Bars-ArcelorMittal_V2026-1.xlsx,verified_published_table,true,230,240,7.5,12,12,21,,60.3,7681.528662,7681.528662,77630000,27680000,,421400,328400000000,675000,744600,675000,230666.666667,348496.875,230666.666667,2517,6136.528662,existing_table_value,h_mm,,existing_table_value,b_mm,,existing_table_value,tw_mm,,existing_table_value,tf_mm,,existing_table_value,tf_mm,,existing_table_value,r_mm,,derived_from_same_source_geometry,same_row_verified_source_geometry,,existing_table_value,mass_kg_m,,derived_from_same_source_geometry,same_row_verified_source_geometry,A = mass_kg_m / 7850 * 1e6,derived_from_same_source_geometry,same_row_verified_source_geometry,Aeff = A when no effective area is tabulated,existing_table_value,Iy_mm4,,existing_table_value,Iz_mm4,,derived_from_same_source_geometry,same_row_verified_source_geometry,,existing_table_value,It_mm4,,existing_table_value,Iw_mm6,,existing_table_value,Wel_y_mm3,,existing_table_value,Wpl_y_mm3,,derived_from_same_source_geometry,same_row_verified_source_geometry,"Weff,y = Wel,y when no effective strong-axis value is tabulated",derived_from_same_source_geometry,same_row_verified_source_geometry,"Wel,z = Iz / (b / 2)",derived_from_same_source_geometry,same_row_verified_source_geometry,"Wpl,z = b^2*tf/2 + tw^2*(h - 2tf)/4",derived_from_same_source_geometry,same_row_verified_source_geometry,"Weff,z = Wel,z when no effective weak-axis value is tabulated",existing_table_value,Avz_mm2,,derived_from_same_source_geometry,same_row_verified_source_geometry,"Av,y = A - tw*(h - 2tf)"
HEA,HE 260 A,open_i_or_h,ArcelorMittal Sections and Merchant Bars Sales Programme,V2026-1,https://sections.arcelormittal.com/repo/Sections/Sections%20and%20Merchant%20Bars-ArcelorMittal_V2026-1.xlsx,verified_published_table,true,250,260,7.5,12.5,12.5,24,,68.2,8687.898089,8687.898089,104500000,36670000,,541900,516300000000,836300,919700,836300,282076.923077,425664.0625,282076.923077,2875,7000.398089,existing_table_value,h_mm,,existing_table_value,b_mm,,existing_table_value,tw_mm,,existing_table_value,tf_mm,,existing_table_value,tf_mm,,existing_table_value,r_mm,,derived_from_same_source_geometry,same_row_verified_source_geometry,,existing_table_value,mass_kg_m,,derived_from_same_source_geometry,same_row_verified_source_geometry,A = mass_kg_m / 7850 * 1e6,derived_from_same_source_geometry,same_row_verified_source_geometry,Aeff = A when no effective area is tabulated,existing_table_value,Iy_mm4,,existing_table_value,Iz_mm4,,derived_from_same_source_geometry,same_row_verified_source_geometry,,existing_table_value,It_mm4,,existing_table_value,Iw_mm6,,existing_table_value,Wel_y_mm3,,existing_table_value,Wpl_y_mm3,,derived_from_same_source_geometry,same_row_verified_source_geometry,"Weff,y = Wel,y when no effective strong-axis value is tabulated",derived_from_same_source_geometry,same_row_verified_source_geometry,"Wel,z = Iz / (b / 2)",derived_from_same_source_geometry,same_row_verified_source_geometry,"Wpl,z = b^2*tf/2 + tw^2*(h - 2tf)/4",derived_from_same_source_geometry,same_row_verified_source_geometry,"Weff,z = Wel,z when no effective weak-axis value is tabulated",existing_table_value,Avz_mm2,,derived_from_same_source_geometry,same_row_verified_source_geometry,"Av,y = A - tw*(h - 2tf)"
HEA,HE 280 A,open_i_or_h,ArcelorMittal Sections and Merchant Bars Sales Programme,V2026-1,https://sections.arcelormittal.com/repo/Sections/Sections%20and%20Merchant%20Bars-ArcelorMittal_V2026-1.xlsx,verified_published_table,true,270,280,8,13,13,24,,76.4,9732.484076,9732.484076,136700000,47620000,,634500,785300000000,1012000,1112000,1012000,340142.857143,513504,340142.857143,3174,7780.484076,existing_table_value,h_mm,,existing_table_value,b_mm,,existing_table_value,tw_mm,,existing_table_value,tf_mm,,existing_table_value,tf_mm,,existing_table_value,r_mm,,derived_from_same_source_geometry,same_row_verified_source_geometry,,existing_table_value,mass_kg_m,,derived_from_same_source_geometry,same_row_verified_source_geometry,A = mass_kg_m / 7850 * 1e6,derived_from_same_source_geometry,same_row_verified_source_geometry,Aeff = A when no effective area is tabulated,existing_table_value,Iy_mm4,,existing_table_value,Iz_mm4,,derived_from_same_source_geometry,same_row_verified_source_geometry,,existing_table_value,It_mm4,,existing_table_value,Iw_mm6,,existing_table_value,Wel_y_mm3,,existing_table_value,Wpl_y_mm3,,derived_from_same_source_geometry,same_row_verified_source_geometry,"Weff,y = Wel,y when no effective strong-axis value is tabulated",derived_from_same_source_geometry,same_row_verified_source_geometry,"Wel,z = Iz / (b / 2)",derived_from_same_source_geometry,same_row_verified_source_geometry,"Wpl,z = b^2*tf/2 + tw^2*(h - 2tf)/4",derived_from_same_source_geometry,same_row_verified_source_geometry,"Weff,z = Wel,z when no effective weak-axis value is tabulated",existing_table_value,Avz_mm2,,derived_from_same_source_geometry,same_row_verified_source_geometry,"Av,y = A - tw*(h - 2tf)"
HEA,HEA300,open_i_or_h,ArcelorMittal Sections and Merchant Bars Sales Programme,V2026-1,https://sections.arcelormittal.com/repo/Sections/Sections%20and%20Merchant%20Bars-ArcelorMittal_V2026-1.xlsx,verified_published_table,true,290,300,8.5,14,14,27,,88.3,11250,11250,182600000,63090000,856000,877600,1199000000000,1259000,1383000,1259000,420700,641200,420700,1400,9023,existing_table_value,h_mm,,existing_table_value,b_mm,,existing_table_value,tw_mm,,existing_table_value,tf_mm,,existing_table_value,tf_mm,,existing_table_value,r_mm,,derived_from_same_source_geometry,same_row_verified_source_geometry,,existing_table_value,mass_kg_m,,existing_table_value,A_mm2,,existing_table_value,Aeff_mm2,,existing_table_value,Iy_mm4,,existing_table_value,Iz_mm4,,existing_table_value,Ix_mm4,,existing_table_value,It_mm4,,existing_table_value,Iw_mm6,,existing_table_value,Wel_y_mm3,,existing_table_value,Wpl_y_mm3,,existing_table_value,Weff_y_mm3,,existing_table_value,Wel_z_mm3,,existing_table_value,Wpl_z_mm3,,existing_table_value,Weff_z_mm3,,existing_table_value,Avz_mm2,,derived_from_same_source_geometry,same_row_verified_source_geometry,"Av,y = A - tw*(h - 2tf)"
HEA,HE 320 A,open_i_or_h,ArcelorMittal Sections and Merchant Bars Sales Programme,V2026-1,https://sections.arcelormittal.com/repo/Sections/Sections%20and%20Merchant%20Bars-ArcelorMittal_V2026-1.xlsx,verified_published_table,true,310,300,9,15.5,15.5,27,,97.6,12433.121019,12433.121019,229200000,69850000,,1118000,1512000000000,1479000,1628000,1479000,465666.666667,703149.75,465666.666667,4113,9922.121019,existing_table_value,h_mm,,existing_table_value,b_mm,,existing_table_value,tw_mm,,existing_table_value,tf_mm,,existing_table_value,tf_mm,,existing_table_value,r_mm,,derived_from_same_source_geometry,same_row_verified_source_geometry,,existing_table_value,mass_kg_m,,derived_from_same_source_geometry,same_row_verified_source_geometry,A = mass_kg_m / 7850 * 1e6,derived_from_same_source_geometry,same_row_verified_source_geometry,Aeff = A when no effective area is tabulated,existing_table_value,Iy_mm4,,existing_table_value,Iz_mm4,,derived_from_same_source_geometry,same_row_verified_source_geometry,,existing_table_value,It_mm4,,existing_table_value,Iw_mm6,,existing_table_value,Wel_y_mm3,,existing_table_value,Wpl_y_mm3,,derived_from_same_source_geometry,same_row_verified_source_geometry,"Weff,y = Wel,y when no effective strong-axis value is tabulated",derived_from_same_source_geometry,same_row_verified_source_geometry,"Wel,z = Iz / (b / 2)",derived_from_same_source_geometry,same_row_verified_source_geometry,"Wpl,z = b^2*tf/2 + tw^2*(h - 2tf)/4",derived_from_same_source_geometry,same_row_verified_source_geometry,"Weff,z = Wel,z when no effective weak-axis value is tabulated",existing_table_value,Avz_mm2,,derived_from_same_source_geometry,same_row_verified_source_geometry,"Av,y = A - tw*(h - 2tf)"
HEA,HE 340 A,open_i_or_h,ArcelorMittal Sections and Merchant Bars Sales Programme,V2026-1,https://sections.arcelormittal.com/repo/Sections/Sections%20and%20Merchant%20Bars-ArcelorMittal_V2026-1.xlsx,verified_published_table,true,330,300,9.5,16.5,16.5,27,,105,13375.796178,13375.796178,276900000,74350000,,1314000,1824000000000,1678000,1850000,1678000,495666.666667,749201.0625,495666.666667,4495,10554.296178,existing_table_value,h_mm,,existing_table_value,b_mm,,existing_table_value,tw_mm,,existing_table_value,tf_mm,,existing_table_value,tf_mm,,existing_table_value,r_mm,,derived_from_same_source_geometry,same_row_verified_source_geometry,,existing_table_value,mass_kg_m,,derived_from_same_source_geometry,same_row_verified_source_geometry,A = mass_kg_m / 7850 * 1e6,derived_from_same_source_geometry,same_row_verified_source_geometry,Aeff = A when no effective area is tabulated,existing_table_value,Iy_mm4,,existing_table_value,Iz_mm4,,derived_from_same_source_geometry,same_row_verified_source_geometry,,existing_table_value,It_mm4,,existing_table_value,Iw_mm6,,existing_table_value,Wel_y_mm3,,existing_table_value,Wpl_y_mm3,,derived_from_same_source_geometry,same_row_verified_source_geometry,"Weff,y = Wel,y when no effective strong-axis value is tabulated",derived_from_same_source_geometry,same_row_verified_source_geometry,"Wel,z = Iz / (b / 2)",derived_from_same_source_geometry,same_row_verified_source_geometry,"Wpl,z = b^2*tf/2 + tw^2*(h - 2tf)/4",derived_from_same_source_geometry,same_row_verified_source_geometry,"Weff,z = Wel,z when no effective weak-axis value is tabulated",existing_table_value,Avz_mm2,,derived_from_same_source_geometry,same_row_verified_source_geometry,"Av,y = A - tw*(h - 2tf)"
HEA,HE 360 A,open_i_or_h,ArcelorMittal Sections and Merchant Bars Sales Programme,V2026-1,https://sections.arcelormittal.com/repo/Sections/Sections%20and%20Merchant%20Bars-ArcelorMittal_V2026-1.xlsx,verified_published_table,true,350,300,10,17.5,17.5,27,,112,14267.515924,14267.515924,330800000,78860000,,1533000,2176000000000,1890000,2088000,1890000,525733.333333,795375,525733.333333,4895,11117.515924,existing_table_value,h_mm,,existing_table_value,b_mm,,existing_table_value,tw_mm,,existing_table_value,tf_mm,,existing_table_value,tf_mm,,existing_table_value,r_mm,,derived_from_same_source_geometry,same_row_verified_source_geometry,,existing_table_value,mass_kg_m,,derived_from_same_source_geometry,same_row_verified_source_geometry,A = mass_kg_m / 7850 * 1e6,derived_from_same_source_geometry,same_row_verified_source_geometry,Aeff = A when no effective area is tabulated,existing_table_value,Iy_mm4,,existing_table_value,Iz_mm4,,derived_from_same_source_geometry,same_row_verified_source_geometry,,existing_table_value,It_mm4,,existing_table_value,Iw_mm6,,existing_table_value,Wel_y_mm3,,existing_table_value,Wpl_y_mm3,,derived_from_same_source_geometry,same_row_verified_source_geometry,"Weff,y = Wel,y when no effective strong-axis value is tabulated",derived_from_same_source_geometry,same_row_verified_source_geometry,"Wel,z = Iz / (b / 2)",derived_from_same_source_geometry,same_row_verified_source_geometry,"Wpl,z = b^2*tf/2 + tw^2*(h - 2tf)/4",derived_from_same_source_geometry,same_row_verified_source_geometry,"Weff,z = Wel,z when no effective weak-axis value is tabulated",existing_table_value,Avz_mm2,,derived_from_same_source_geometry,same_row_verified_source_geometry,"Av,y = A - tw*(h - 2tf)"
HEA,HE 400 A,open_i_or_h,ArcelorMittal Sections and Merchant Bars Sales Programme,V2026-1,https://sections.arcelormittal.com/repo/Sections/Sections%20and%20Merchant%20Bars-ArcelorMittal_V2026-1.xlsx,verified_published_table,true,390,300,11,19,19,27,,125,15923.566879,15923.566879,450600000,85630000,,1931000,2942000000000,2311000,2561000,2311000,570866.666667,865648,570866.666667,5732,12051.566879,existing_table_value,h_mm,,existing_table_value,b_mm,,existing_table_value,tw_mm,,existing_table_value,tf_mm,,existing_table_value,tf_mm,,existing_table_value,r_mm,,derived_from_same_source_geometry,same_row_verified_source_geometry,,existing_table_value,mass_kg_m,,derived_from_same_source_geometry,same_row_verified_source_geometry,A = mass_kg_m / 7850 * 1e6,derived_from_same_source_geometry,same_row_verified_source_geometry,Aeff = A when no effective area is tabulated,existing_table_value,Iy_mm4,,existing_table_value,Iz_mm4,,derived_from_same_source_geometry,same_row_verified_source_geometry,,existing_table_value,It_mm4,,existing_table_value,Iw_mm6,,existing_table_value,Wel_y_mm3,,existing_table_value,Wpl_y_mm3,,derived_from_same_source_geometry,same_row_verified_source_geometry,"Weff,y = Wel,y when no effective strong-axis value is tabulated",derived_from_same_source_geometry,same_row_verified_source_geometry,"Wel,z = Iz / (b / 2)",derived_from_same_source_geometry,same_row_verified_source_geometry,"Wpl,z = b^2*tf/2 + tw^2*(h - 2tf)/4",derived_from_same_source_geometry,same_row_verified_source_geometry,"Weff,z = Wel,z when no effective weak-axis value is tabulated",existing_table_value,Avz_mm2,,derived_from_same_source_geometry,same_row_verified_source_geometry,"Av,y = A - tw*(h - 2tf)"
HEA,HE 450 A,open_i_or_h,ArcelorMittal Sections and Merchant Bars Sales Programme,V2026-1,https://sections.arcelormittal.com/repo/Sections/Sections%20and%20Merchant%20Bars-ArcelorMittal_V2026-1.xlsx,verified_published_table,true,440,300,11.5,21,21,27,,140,17834.394904,17834.394904,637200000,94650000,,2501000,4147000000000,2896000,3215000,2896000,631000,958158.875,631000,6578,13257.394904,existing_table_value,h_mm,,existing_table_value,b_mm,,existing_table_value,tw_mm,,existing_table_value,tf_mm,,existing_table_value,tf_mm,,existing_table_value,r_mm,,derived_from_same_source_geometry,same_row_verified_source_geometry,,existing_table_value,mass_kg_m,,derived_from_same_source_geometry,same_row_verified_source_geometry,A = mass_kg_m / 7850 * 1e6,derived_from_same_source_geometry,same_row_verified_source_geometry,Aeff = A when no effective area is tabulated,existing_table_value,Iy_mm4,,existing_table_value,Iz_mm4,,derived_from_same_source_geometry,same_row_verified_source_geometry,,existing_table_value,It_mm4,,existing_table_value,Iw_mm6,,existing_table_value,Wel_y_mm3,,existing_table_value,Wpl_y_mm3,,derived_from_same_source_geometry,same_row_verified_source_geometry,"Weff,y = Wel,y when no effective strong-axis value is tabulated",derived_from_same_source_geometry,same_row_verified_source_geometry,"Wel,z = Iz / (b / 2)",derived_from_same_source_geometry,same_row_verified_source_geometry,"Wpl,z = b^2*tf/2 + tw^2*(h - 2tf)/4",derived_from_same_source_geometry,same_row_verified_source_geometry,"Weff,z = Wel,z when no effective weak-axis value is tabulated",existing_table_value,Avz_mm2,,derived_from_same_source_geometry,same_row_verified_source_geometry,"Av,y = A - tw*(h - 2tf)"
HEA,HE 500 A,open_i_or_h,ArcelorMittal Sections and Merchant Bars Sales Programme,V2026-1,https://sections.arcelormittal.com/repo/Sections/Sections%20and%20Merchant%20Bars-ArcelorMittal_V2026-1.xlsx,verified_published_table,true,490,300,12,23,23,27,,155,19745.22293,19745.22293,869700000,103600000,,3178000,5643000000000,3549000,3948000,3549000,690666.666667,1050984,690666.666667,7471,14417.22293,existing_table_value,h_mm,,existing_table_value,b_mm,,existing_table_value,tw_mm,,existing_table_value,tf_mm,,existing_table_value,tf_mm,,existing_table_value,r_mm,,derived_from_same_source_geometry,same_row_verified_source_geometry,,existing_table_value,mass_kg_m,,derived_from_same_source_geometry,same_row_verified_source_geometry,A = mass_kg_m / 7850 * 1e6,derived_from_same_source_geometry,same_row_verified_source_geometry,Aeff = A when no effective area is tabulated,existing_table_value,Iy_mm4,,existing_table_value,Iz_mm4,,derived_from_same_source_geometry,same_row_verified_source_geometry,,existing_table_value,It_mm4,,existing_table_value,Iw_mm6,,existing_table_value,Wel_y_mm3,,existing_table_value,Wpl_y_mm3,,derived_from_same_source_geometry,same_row_verified_source_geometry,"Weff,y = Wel,y when no effective strong-axis value is tabulated",derived_from_same_source_geometry,same_row_verified_source_geometry,"Wel,z = Iz / (b / 2)",derived_from_same_source_geometry,same_row_verified_source_geometry,"Wpl,z = b^2*tf/2 + tw^2*(h - 2tf)/4",derived_from_same_source_geometry,same_row_verified_source_geometry,"Weff,z = Wel,z when no effective weak-axis value is tabulated",existing_table_value,Avz_mm2,,derived_from_same_source_geometry,same_row_verified_source_geometry,"Av,y = A - tw*(h - 2tf)"
HEA,HEA550,open_i_or_h,ArcelorMittal Sections and Merchant Bars Sales Programme,V2026-1,https://sections.arcelormittal.com/repo/Sections/Sections%20and%20Merchant%20Bars-ArcelorMittal_V2026-1.xlsx,verified_published_table,true,540,300,12.5,24,24,27,,166.3,21180,20831,1119000000,108100000,3530000,3603000,7188000000000,4144000,4622000,4144000,721300,1107000,721300,8380,15030,existing_table_value,h_mm,,existing_table_value,b_mm,,existing_table_value,tw_mm,,existing_table_value,tf_mm,,existing_table_value,tf_mm,,existing_table_value,r_mm,,derived_from_same_source_geometry,same_row_verified_source_geometry,,existing_table_value,mass_kg_m,,existing_table_value,A_mm2,,existing_table_value,Aeff_mm2,,existing_table_value,Iy_mm4,,existing_table_value,Iz_mm4,,existing_table_value,Ix_mm4,,existing_table_value,It_mm4,,existing_table_value,Iw_mm6,,existing_table_value,Wel_y_mm3,,existing_table_value,Wpl_y_mm3,,existing_table_value,Weff_y_mm3,,existing_table_value,Wel_z_mm3,,existing_table_value,Wpl_z_mm3,,existing_table_value,Weff_z_mm3,,existing_table_value,Avz_mm2,,derived_from_same_source_geometry,same_row_verified_source_geometry,"Av,y = A - tw*(h - 2tf)"
HEA,HE 600 A,open_i_or_h,ArcelorMittal Sections and Merchant Bars Sales Programme,V2026-1,https://sections.arcelormittal.com/repo/Sections/Sections%20and%20Merchant%20Bars-ArcelorMittal_V2026-1.xlsx,verified_published_table,true,590,300,13,25,25,27,,178,22675.159236,22675.159236,1412000000,112700000,,4068000,8978000000000,4786000,5350000,4786000,751333.333333,1147815,751333.333333,9320,15655.159236,existing_table_value,h_mm,,existing_table_value,b_mm,,existing_table_value,tw_mm,,existing_table_value,tf_mm,,existing_table_value,tf_mm,,existing_table_value,r_mm,,derived_from_same_source_geometry,same_row_verified_source_geometry,,existing_table_value,mass_kg_m,,derived_from_same_source_geometry,same_row_verified_source_geometry,A = mass_kg_m / 7850 * 1e6,derived_from_same_source_geometry,same_row_verified_source_geometry,Aeff = A when no effective area is tabulated,existing_table_value,Iy_mm4,,existing_table_value,Iz_mm4,,derived_from_same_source_geometry,same_row_verified_source_geometry,,existing_table_value,It_mm4,,existing_table_value,Iw_mm6,,existing_table_value,Wel_y_mm3,,existing_table_value,Wpl_y_mm3,,derived_from_same_source_geometry,same_row_verified_source_geometry,"Weff,y = Wel,y when no effective strong-axis value is tabulated",derived_from_same_source_geometry,same_row_verified_source_geometry,"Wel,z = Iz / (b / 2)",derived_from_same_source_geometry,same_row_verified_source_geometry,"Wpl,z = b^2*tf/2 + tw^2*(h - 2tf)/4",derived_from_same_source_geometry,same_row_verified_source_geometry,"Weff,z = Wel,z when no effective weak-axis value is tabulated",existing_table_value,Avz_mm2,,derived_from_same_source_geometry,same_row_verified_source_geometry,"Av,y = A - tw*(h - 2tf)"
HEA,HE 650 A,open_i_or_h,ArcelorMittal Sections and Merchant Bars Sales Programme,V2026-1,https://sections.arcelormittal.com/repo/Sections/Sections%20and%20Merchant%20Bars-ArcelorMittal_V2026-1.xlsx,verified_published_table,true,640,300,13.5,26,26,27,,190,24203.821656,24203.821656,1751700000,117200000,,4576000,11020000000000,5474000,6136000,5474000,781333.333333,1196790.75,781333.333333,10310,16265.821656,existing_table_value,h_mm,,existing_table_value,b_mm,,existing_table_value,tw_mm,,existing_table_value,tf_mm,,existing_table_value,tf_mm,,existing_table_value,r_mm,,derived_from_same_source_geometry,same_row_verified_source_geometry,,existing_table_value,mass_kg_m,,derived_from_same_source_geometry,same_row_verified_source_geometry,A = mass_kg_m / 7850 * 1e6,derived_from_same_source_geometry,same_row_verified_source_geometry,Aeff = A when no effective area is tabulated,existing_table_value,Iy_mm4,,existing_table_value,Iz_mm4,,derived_from_same_source_geometry,same_row_verified_source_geometry,,existing_table_value,It_mm4,,existing_table_value,Iw_mm6,,existing_table_value,Wel_y_mm3,,existing_table_value,Wpl_y_mm3,,derived_from_same_source_geometry,same_row_verified_source_geometry,"Weff,y = Wel,y when no effective strong-axis value is tabulated",derived_from_same_source_geometry,same_row_verified_source_geometry,"Wel,z = Iz / (b / 2)",derived_from_same_source_geometry,same_row_verified_source_geometry,"Wpl,z = b^2*tf/2 + tw^2*(h - 2tf)/4",derived_from_same_source_geometry,same_row_verified_source_geometry,"Weff,z = Wel,z when no effective weak-axis value is tabulated",existing_table_value,Avz_mm2,,derived_from_same_source_geometry,same_row_verified_source_geometry,"Av,y = A - tw*(h - 2tf)"
HEA,HE 700 A,open_i_or_h,ArcelorMittal Sections and Merchant Bars Sales Programme,V2026-1,https://sections.arcelormittal.com/repo/Sections/Sections%20and%20Merchant%20Bars-ArcelorMittal_V2026-1.xlsx,verified_published_table,true,690,300,14.5,27,27,27,,204,25987.261146,25987.261146,2153000000,121700000,,5215000,13350000000000,6240000,7031000,6240000,811333.333333,1248429.75,811333.333333,11690,16765.261146,existing_table_value,h_mm,,existing_table_value,b_mm,,existing_table_value,tw_mm,,existing_table_value,tf_mm,,existing_table_value,tf_mm,,existing_table_value,r_mm,,derived_from_same_source_geometry,same_row_verified_source_geometry,,existing_table_value,mass_kg_m,,derived_from_same_source_geometry,same_row_verified_source_geometry,A = mass_kg_m / 7850 * 1e6,derived_from_same_source_geometry,same_row_verified_source_geometry,Aeff = A when no effective area is tabulated,existing_table_value,Iy_mm4,,existing_table_value,Iz_mm4,,derived_from_same_source_geometry,same_row_verified_source_geometry,,existing_table_value,It_mm4,,existing_table_value,Iw_mm6,,existing_table_value,Wel_y_mm3,,existing_table_value,Wpl_y_mm3,,derived_from_same_source_geometry,same_row_verified_source_geometry,"Weff,y = Wel,y when no effective strong-axis value is tabulated",derived_from_same_source_geometry,same_row_verified_source_geometry,"Wel,z = Iz / (b / 2)",derived_from_same_source_geometry,same_row_verified_source_geometry,"Wpl,z = b^2*tf/2 + tw^2*(h - 2tf)/4",derived_from_same_source_geometry,same_row_verified_source_geometry,"Weff,z = Wel,z when no effective weak-axis value is tabulated",existing_table_value,Avz_mm2,,derived_from_same_source_geometry,same_row_verified_source_geometry,"Av,y = A - tw*(h - 2tf)"
HEA,HE 800 A,open_i_or_h,ArcelorMittal Sections and Merchant Bars Sales Programme,V2026-1,https://sections.arcelormittal.com/repo/Sections/Sections%20and%20Merchant%20Bars-ArcelorMittal_V2026-1.xlsx,verified_published_table,true,790,300,15,28,28,30,,224,28535.031847,28535.031847,3034400000,126300000,,6086000,18290000000000,7682000,8699000,7682000,842000,1301287.5,842000,13880,17525.031847,existing_table_value,h_mm,,existing_table_value,b_mm,,existing_table_value,tw_mm,,existing_table_value,tf_mm,,existing_table_value,tf_mm,,existing_table_value,r_mm,,derived_from_same_source_geometry,same_row_verified_source_geometry,,existing_table_value,mass_kg_m,,derived_from_same_source_geometry,same_row_verified_source_geometry,A = mass_kg_m / 7850 * 1e6,derived_from_same_source_geometry,same_row_verified_source_geometry,Aeff = A when no effective area is tabulated,existing_table_value,Iy_mm4,,existing_table_value,Iz_mm4,,derived_from_same_source_geometry,same_row_verified_source_geometry,,existing_table_value,It_mm4,,existing_table_value,Iw_mm6,,existing_table_value,Wel_y_mm3,,existing_table_value,Wpl_y_mm3,,derived_from_same_source_geometry,same_row_verified_source_geometry,"Weff,y = Wel,y when no effective strong-axis value is tabulated",derived_from_same_source_geometry,same_row_verified_source_geometry,"Wel,z = Iz / (b / 2)",derived_from_same_source_geometry,same_row_verified_source_geometry,"Wpl,z = b^2*tf/2 + tw^2*(h - 2tf)/4",derived_from_same_source_geometry,same_row_verified_source_geometry,"Weff,z = Wel,z when no effective weak-axis value is tabulated",existing_table_value,Avz_mm2,,derived_from_same_source_geometry,same_row_verified_source_geometry,"Av,y = A - tw*(h - 2tf)"
HEA,HE 900 A,open_i_or_h,ArcelorMittal Sections and Merchant Bars Sales Programme,V2026-1,https://sections.arcelormittal.com/repo/Sections/Sections%20and%20Merchant%20Bars-ArcelorMittal_V2026-1.xlsx,verified_published_table,true,890,300,16,30,30,30,,252,32101.910828,32101.910828,4220700000,135400000,,7490000,24960000000000,9484000,10810000,9484000,902666.666667,1403120,902666.666667,16330,18821.910828,existing_table_value,h_mm,,existing_table_value,b_mm,,existing_table_value,tw_mm,,existing_table_value,tf_mm,,existing_table_value,tf_mm,,existing_table_value,r_mm,,derived_from_same_source_geometry,same_row_verified_source_geometry,,existing_table_value,mass_kg_m,,derived_from_same_source_geometry,same_row_verified_source_geometry,A = mass_kg_m / 7850 * 1e6,derived_from_same_source_geometry,same_row_verified_source_geometry,Aeff = A when no effective area is tabulated,existing_table_value,Iy_mm4,,existing_table_value,Iz_mm4,,derived_from_same_source_geometry,same_row_verified_source_geometry,,existing_table_value,It_mm4,,existing_table_value,Iw_mm6,,existing_table_value,Wel_y_mm3,,existing_table_value,Wpl_y_mm3,,derived_from_same_source_geometry,same_row_verified_source_geometry,"Weff,y = Wel,y when no effective strong-axis value is tabulated",derived_from_same_source_geometry,same_row_verified_source_geometry,"Wel,z = Iz / (b / 2)",derived_from_same_source_geometry,same_row_verified_source_geometry,"Wpl,z = b^2*tf/2 + tw^2*(h - 2tf)/4",derived_from_same_source_geometry,same_row_verified_source_geometry,"Weff,z = Wel,z when no effective weak-axis value is tabulated",existing_table_value,Avz_mm2,,derived_from_same_source_geometry,same_row_verified_source_geometry,"Av,y = A - tw*(h - 2tf)"
HEA,HE 1000 A,open_i_or_h,ArcelorMittal Sections and Merchant Bars Sales Programme,V2026-1,https://sections.arcelormittal.com/repo/Sections/Sections%20and%20Merchant%20Bars-ArcelorMittal_V2026-1.xlsx,verified_published_table,true,990,300,16.5,31,31,30,,272,34649.681529,34649.681529,5538400000,140000000,,8348000,32070000000000,11180000,12820000,11180000,933333.333333,1458162,933333.333333,18450,19337.681529,existing_table_value,h_mm,,existing_table_value,b_mm,,existing_table_value,tw_mm,,existing_table_value,tf_mm,,existing_table_value,tf_mm,,existing_table_value,r_mm,,derived_from_same_source_geometry,same_row_verified_source_geometry,,existing_table_value,mass_kg_m,,derived_from_same_source_geometry,same_row_verified_source_geometry,A = mass_kg_m / 7850 * 1e6,derived_from_same_source_geometry,same_row_verified_source_geometry,Aeff = A when no effective area is tabulated,existing_table_value,Iy_mm4,,existing_table_value,Iz_mm4,,derived_from_same_source_geometry,same_row_verified_source_geometry,,existing_table_value,It_mm4,,existing_table_value,Iw_mm6,,existing_table_value,Wel_y_mm3,,existing_table_value,Wpl_y_mm3,,derived_from_same_source_geometry,same_row_verified_source_geometry,"Weff,y = Wel,y when no effective strong-axis value is tabulated",derived_from_same_source_geometry,same_row_verified_source_geometry,"Wel,z = Iz / (b / 2)",derived_from_same_source_geometry,same_row_verified_source_geometry,"Wpl,z = b^2*tf/2 + tw^2*(h - 2tf)/4",derived_from_same_source_geometry,same_row_verified_source_geometry,"Weff,z = Wel,z when no effective weak-axis value is tabulated",existing_table_value,Avz_mm2,,derived_from_same_source_geometry,same_row_verified_source_geometry,"Av,y = A - tw*(h - 2tf)"
HEAA,HE 100 AA,open_i_or_h,ArcelorMittal Sections and Merchant Bars Sales Programme,V2026-1,https://sections.arcelormittal.com/repo/Sections/Sections%20and%20Merchant%20Bars-ArcelorMittal_V2026-1.xlsx,verified_published_table,true,91,100,4.2,5.5,5.5,12,,12.2,1554.140127,1554.140127,2365000,920600,,23250,1675000000,51970,58350,51970,18412,27852.8,18412,614.7,1218.140127,existing_table_value,h_mm,,existing_table_value,b_mm,,existing_table_value,tw_mm,,existing_table_value,tf_mm,,existing_table_value,tf_mm,,existing_table_value,r_mm,,derived_from_same_source_geometry,same_row_verified_source_geometry,,existing_table_value,mass_kg_m,,derived_from_same_source_geometry,same_row_verified_source_geometry,A = mass_kg_m / 7850 * 1e6,derived_from_same_source_geometry,same_row_verified_source_geometry,Aeff = A when no effective area is tabulated,existing_table_value,Iy_mm4,,existing_table_value,Iz_mm4,,derived_from_same_source_geometry,same_row_verified_source_geometry,,existing_table_value,It_mm4,,existing_table_value,Iw_mm6,,existing_table_value,Wel_y_mm3,,existing_table_value,Wpl_y_mm3,,derived_from_same_source_geometry,same_row_verified_source_geometry,"Weff,y = Wel,y when no effective strong-axis value is tabulated",derived_from_same_source_geometry,same_row_verified_source_geometry,"Wel,z = Iz / (b / 2)",derived_from_same_source_geometry,same_row_verified_source_geometry,"Wpl,z = b^2*tf/2 + tw^2*(h - 2tf)/4",derived_from_same_source_geometry,same_row_verified_source_geometry,"Weff,z = Wel,z when no effective weak-axis value is tabulated",existing_table_value,Avz_mm2,,derived_from_same_source_geometry,same_row_verified_source_geometry,"Av,y = A - tw*(h - 2tf)"
HEAA,HE 120 AA,open_i_or_h,ArcelorMittal Sections and Merchant Bars Sales Programme,V2026-1,https://sections.arcelormittal.com/repo/Sections/Sections%20and%20Merchant%20Bars-ArcelorMittal_V2026-1.xlsx,verified_published_table,true,109,120,4.2,5.5,5.5,12,,14.6,1859.872611,1859.872611,4133000,1588000,,25910,4242000000,75840,84110,75840,26466.666667,40032.18,26466.666667,690.3,1448.272611,existing_table_value,h_mm,,existing_table_value,b_mm,,existing_table_value,tw_mm,,existing_table_value,tf_mm,,existing_table_value,tf_mm,,existing_table_value,r_mm,,derived_from_same_source_geometry,same_row_verified_source_geometry,,existing_table_value,mass_kg_m,,derived_from_same_source_geometry,same_row_verified_source_geometry,A = mass_kg_m / 7850 * 1e6,derived_from_same_source_geometry,same_row_verified_source_geometry,Aeff = A when no effective area is tabulated,existing_table_value,Iy_mm4,,existing_table_value,Iz_mm4,,derived_from_same_source_geometry,same_row_verified_source_geometry,,existing_table_value,It_mm4,,existing_table_value,Iw_mm6,,existing_table_value,Wel_y_mm3,,existing_table_value,Wpl_y_mm3,,derived_from_same_source_geometry,same_row_verified_source_geometry,"Weff,y = Wel,y when no effective strong-axis value is tabulated",derived_from_same_source_geometry,same_row_verified_source_geometry,"Wel,z = Iz / (b / 2)",derived_from_same_source_geometry,same_row_verified_source_geometry,"Wpl,z = b^2*tf/2 + tw^2*(h - 2tf)/4",derived_from_same_source_geometry,same_row_verified_source_geometry,"Weff,z = Wel,z when no effective weak-axis value is tabulated",existing_table_value,Avz_mm2,,derived_from_same_source_geometry,same_row_verified_source_geometry,"Av,y = A - tw*(h - 2tf)"
HEAA,HE 140 AA,open_i_or_h,ArcelorMittal Sections and Merchant Bars Sales Programme,V2026-1,https://sections.arcelormittal.com/repo/Sections/Sections%20and%20Merchant%20Bars-ArcelorMittal_V2026-1.xlsx,verified_published_table,true,128,140,4.3,6,6,12,,18.1,2305.732484,2305.732484,7194000,2748000,,34330,10210000000,112400,123700,112400,39257.142857,59336.21,39257.142857,792.2,1806.932484,existing_table_value,h_mm,,existing_table_value,b_mm,,existing_table_value,tw_mm,,existing_table_value,tf_mm,,existing_table_value,tf_mm,,existing_table_value,r_mm,,derived_from_same_source_geometry,same_row_verified_source_geometry,,existing_table_value,mass_kg_m,,derived_from_same_source_geometry,same_row_verified_source_geometry,A = mass_kg_m / 7850 * 1e6,derived_from_same_source_geometry,same_row_verified_source_geometry,Aeff = A when no effective area is tabulated,existing_table_value,Iy_mm4,,existing_table_value,Iz_mm4,,derived_from_same_source_geometry,same_row_verified_source_geometry,,existing_table_value,It_mm4,,existing_table_value,Iw_mm6,,existing_table_value,Wel_y_mm3,,existing_table_value,Wpl_y_mm3,,derived_from_same_source_geometry,same_row_verified_source_geometry,"Weff,y = Wel,y when no effective strong-axis value is tabulated",derived_from_same_source_geometry,same_row_verified_source_geometry,"Wel,z = Iz / (b / 2)",derived_from_same_source_geometry,same_row_verified_source_geometry,"Wpl,z = b^2*tf/2 + tw^2*(h - 2tf)/4",derived_from_same_source_geometry,same_row_verified_source_geometry,"Weff,z = Wel,z when no effective weak-axis value is tabulated",existing_table_value,Avz_mm2,,derived_from_same_source_geometry,same_row_verified_source_geometry,"Av,y = A - tw*(h - 2tf)"
HEAA,HE 160 AA,open_i_or_h,ArcelorMittal Sections and Merchant Bars Sales Programme,V2026-1,https://sections.arcelormittal.com/repo/Sections/Sections%20and%20Merchant%20Bars-ArcelorMittal_V2026-1.xlsx,verified_published_table,true,148,160,4.5,7,7,15,,23.8,3031.847134,3031.847134,12820000,4787000,,64310,23750000000,173300,190400,173300,59837.5,90278.375,59837.5,1037,2428.847134,existing_table_value,h_mm,,existing_table_value,b_mm,,existing_table_value,tw_mm,,existing_table_value,tf_mm,,existing_table_value,tf_mm,,existing_table_value,r_mm,,derived_from_same_source_geometry,same_row_verified_source_geometry,,existing_table_value,mass_kg_m,,derived_from_same_source_geometry,same_row_verified_source_geometry,A = mass_kg_m / 7850 * 1e6,derived_from_same_source_geometry,same_row_verified_source_geometry,Aeff = A when no effective area is tabulated,existing_table_value,Iy_mm4,,existing_table_value,Iz_mm4,,derived_from_same_source_geometry,same_row_verified_source_geometry,,existing_table_value,It_mm4,,existing_table_value,Iw_mm6,,existing_table_value,Wel_y_mm3,,existing_table_value,Wpl_y_mm3,,derived_from_same_source_geometry,same_row_verified_source_geometry,"Weff,y = Wel,y when no effective strong-axis value is tabulated",derived_from_same_source_geometry,same_row_verified_source_geometry,"Wel,z = Iz / (b / 2)",derived_from_same_source_geometry,same_row_verified_source_geometry,"Wpl,z = b^2*tf/2 + tw^2*(h - 2tf)/4",derived_from_same_source_geometry,same_row_verified_source_geometry,"Weff,z = Wel,z when no effective weak-axis value is tabulated",existing_table_value,Avz_mm2,,derived_from_same_source_geometry,same_row_verified_source_geometry,"Av,y = A - tw*(h - 2tf)"
HEAA,HE 180 AA,open_i_or_h,ArcelorMittal Sections and Merchant Bars Sales Programme,V2026-1,https://sections.arcelormittal.com/repo/Sections/Sections%20and%20Merchant%20Bars-ArcelorMittal_V2026-1.xlsx,verified_published_table,true,167,180,5,7.5,7.5,15,,28.7,3656.050955,3656.050955,19660000,7299000,,83140,46360000000,235500,258200,235500,81100,122450,81100,1215,2896.050955,existing_table_value,h_mm,,existing_table_value,b_mm,,existing_table_value,tw_mm,,existing_table_value,tf_mm,,existing_table_value,tf_mm,,existing_table_value,r_mm,,derived_from_same_source_geometry,same_row_verified_source_geometry,,existing_table_value,mass_kg_m,,derived_from_same_source_geometry,same_row_verified_source_geometry,A = mass_kg_m / 7850 * 1e6,derived_from_same_source_geometry,same_row_verified_source_geometry,Aeff = A when no effective area is tabulated,existing_table_value,Iy_mm4,,existing_table_value,Iz_mm4,,derived_from_same_source_geometry,same_row_verified_source_geometry,,existing_table_value,It_mm4,,existing_table_value,Iw_mm6,,existing_table_value,Wel_y_mm3,,existing_table_value,Wpl_y_mm3,,derived_from_same_source_geometry,same_row_verified_source_geometry,"Weff,y = Wel,y when no effective strong-axis value is tabulated",derived_from_same_source_geometry,same_row_verified_source_geometry,"Wel,z = Iz / (b / 2)",derived_from_same_source_geometry,same_row_verified_source_geometry,"Wpl,z = b^2*tf/2 + tw^2*(h - 2tf)/4",derived_from_same_source_geometry,same_row_verified_source_geometry,"Weff,z = Wel,z when no effective weak-axis value is tabulated",existing_table_value,Avz_mm2,,derived_from_same_source_geometry,same_row_verified_source_geometry,"Av,y = A - tw*(h - 2tf)"
HEAA,HE 200 AA,open_i_or_h,ArcelorMittal Sections and Merchant Bars Sales Programme,V2026-1,https://sections.arcelormittal.com/repo/Sections/Sections%20and%20Merchant%20Bars-ArcelorMittal_V2026-1.xlsx,verified_published_table,true,186,200,5.5,8,8,18,,34.6,4407.643312,4407.643312,29440000,10680000,,125200,84490000000,316500,347000,316500,106800,161285.625,106800,1545,3472.643312,existing_table_value,h_mm,,existing_table_value,b_mm,,existing_table_value,tw_mm,,existing_table_value,tf_mm,,existing_table_value,tf_mm,,existing_table_value,r_mm,,derived_from_same_source_geometry,same_row_verified_source_geometry,,existing_table_value,mass_kg_m,,derived_from_same_source_geometry,same_row_verified_source_geometry,A = mass_kg_m / 7850 * 1e6,derived_from_same_source_geometry,same_row_verified_source_geometry,Aeff = A when no effective area is tabulated,existing_table_value,Iy_mm4,,existing_table_value,Iz_mm4,,derived_from_same_source_geometry,same_row_verified_source_geometry,,existing_table_value,It_mm4,,existing_table_value,Iw_mm6,,existing_table_value,Wel_y_mm3,,existing_table_value,Wpl_y_mm3,,derived_from_same_source_geometry,same_row_verified_source_geometry,"Weff,y = Wel,y when no effective strong-axis value is tabulated",derived_from_same_source_geometry,same_row_verified_source_geometry,"Wel,z = Iz / (b / 2)",derived_from_same_source_geometry,same_row_verified_source_geometry,"Wpl,z = b^2*tf/2 + tw^2*(h - 2tf)/4",derived_from_same_source_geometry,same_row_verified_source_geometry,"Weff,z = Wel,z when no effective weak-axis value is tabulated",existing_table_value,Avz_mm2,,derived_from_same_source_geometry,same_row_verified_source_geometry,"Av,y = A - tw*(h - 2tf)"
HEAA,HE 220 AA,open_i_or_h,ArcelorMittal Sections and Merchant Bars Sales Programme,V2026-1,https://sections.arcelormittal.com/repo/Sections/Sections%20and%20Merchant%20Bars-ArcelorMittal_V2026-1.xlsx,verified_published_table,true,205,220,6,8.5,8.5,18,,40.4,5146.496815,5146.496815,41700000,15100000,,155400,145600000000,406800,445400,406800,137272.727273,207392,137272.727273,1763,4018.496815,existing_table_value,h_mm,,existing_table_value,b_mm,,existing_table_value,tw_mm,,existing_table_value,tf_mm,,existing_table_value,tf_mm,,existing_table_value,r_mm,,derived_from_same_source_geometry,same_row_verified_source_geometry,,existing_table_value,mass_kg_m,,derived_from_same_source_geometry,same_row_verified_source_geometry,A = mass_kg_m / 7850 * 1e6,derived_from_same_source_geometry,same_row_verified_source_geometry,Aeff = A when no effective area is tabulated,existing_table_value,Iy_mm4,,existing_table_value,Iz_mm4,,derived_from_same_source_geometry,same_row_verified_source_geometry,,existing_table_value,It_mm4,,existing_table_value,Iw_mm6,,existing_table_value,Wel_y_mm3,,existing_table_value,Wpl_y_mm3,,derived_from_same_source_geometry,same_row_verified_source_geometry,"Weff,y = Wel,y when no effective strong-axis value is tabulated",derived_from_same_source_geometry,same_row_verified_source_geometry,"Wel,z = Iz / (b / 2)",derived_from_same_source_geometry,same_row_verified_source_geometry,"Wpl,z = b^2*tf/2 + tw^2*(h - 2tf)/4",derived_from_same_source_geometry,same_row_verified_source_geometry,"Weff,z = Wel,z when no effective weak-axis value is tabulated",existing_table_value,Avz_mm2,,derived_from_same_source_geometry,same_row_verified_source_geometry,"Av,y = A - tw*(h - 2tf)"
HEAA,HE 240 AA,open_i_or_h,ArcelorMittal Sections and Merchant Bars Sales Programme,V2026-1,https://sections.arcelormittal.com/repo/Sections/Sections%20and%20Merchant%20Bars-ArcelorMittal_V2026-1.xlsx,verified_published_table,true,224,240,6.5,9,9,21,,47.4,6038.216561,6038.216561,58350000,20770000,,221400,239600000000,520900,570500,520900,173083.333333,261375.875,173083.333333,2154,4699.216561,existing_table_value,h_mm,,existing_table_value,b_mm,,existing_table_value,tw_mm,,existing_table_value,tf_mm,,existing_table_value,tf_mm,,existing_table_value,r_mm,,derived_from_same_source_geometry,same_row_verified_source_geometry,,existing_table_value,mass_kg_m,,derived_from_same_source_geometry,same_row_verified_source_geometry,A = mass_kg_m / 7850 * 1e6,derived_from_same_source_geometry,same_row_verified_source_geometry,Aeff = A when no effective area is tabulated,existing_table_value,Iy_mm4,,existing_table_value,Iz_mm4,,derived_from_same_source_geometry,same_row_verified_source_geometry,,existing_table_value,It_mm4,,existing_table_value,Iw_mm6,,existing_table_value,Wel_y_mm3,,existing_table_value,Wpl_y_mm3,,derived_from_same_source_geometry,same_row_verified_source_geometry,"Weff,y = Wel,y when no effective strong-axis value is tabulated",derived_from_same_source_geometry,same_row_verified_source_geometry,"Wel,z = Iz / (b / 2)",derived_from_same_source_geometry,same_row_verified_source_geometry,"Wpl,z = b^2*tf/2 + tw^2*(h - 2tf)/4",derived_from_same_source_geometry,same_row_verified_source_geometry,"Weff,z = Wel,z when no effective weak-axis value is tabulated",existing_table_value,Avz_mm2,,derived_from_same_source_geometry,same_row_verified_source_geometry,"Av,y = A - tw*(h - 2tf)"
HEAA,HE 260 AA,open_i_or_h,ArcelorMittal Sections and Merchant Bars Sales Programme,V2026-1,https://sections.arcelormittal.com/repo/Sections/Sections%20and%20Merchant%20Bars-ArcelorMittal_V2026-1.xlsx,verified_published_table,true,244,260,6.5,9.5,9.5,24,,54.1,6891.719745,6891.719745,79800000,27880000,,300900,382500000000,654100,714400,654100,214461.538462,323476.5625,214461.538462,2474,5429.219745,existing_table_value,h_mm,,existing_table_value,b_mm,,existing_table_value,tw_mm,,existing_table_value,tf_mm,,existing_table_value,tf_mm,,existing_table_value,r_mm,,derived_from_same_source_geometry,same_row_verified_source_geometry,,existing_table_value,mass_kg_m,,derived_from_same_source_geometry,same_row_verified_source_geometry,A = mass_kg_m / 7850 * 1e6,derived_from_same_source_geometry,same_row_verified_source_geometry,Aeff = A when no effective area is tabulated,existing_table_value,Iy_mm4,,existing_table_value,Iz_mm4,,derived_from_same_source_geometry,same_row_verified_source_geometry,,existing_table_value,It_mm4,,existing_table_value,Iw_mm6,,existing_table_value,Wel_y_mm3,,existing_table_value,Wpl_y_mm3,,derived_from_same_source_geometry,same_row_verified_source_geometry,"Weff,y = Wel,y when no effective strong-axis value is tabulated",derived_from_same_source_geometry,same_row_verified_source_geometry,"Wel,z = Iz / (b / 2)",derived_from_same_source_geometry,same_row_verified_source_geometry,"Wpl,z = b^2*tf/2 + tw^2*(h - 2tf)/4",derived_from_same_source_geometry,same_row_verified_source_geometry,"Weff,z = Wel,z when no effective weak-axis value is tabulated",existing_table_value,Avz_mm2,,derived_from_same_source_geometry,same_row_verified_source_geometry,"Av,y = A - tw*(h - 2tf)"
HEAA,HE 280 AA,open_i_or_h,ArcelorMittal Sections and Merchant Bars Sales Programme,V2026-1,https://sections.arcelormittal.com/repo/Sections/Sections%20and%20Merchant%20Bars-ArcelorMittal_V2026-1.xlsx,verified_published_table,true,264,280,7,10,10,24,,61.2,7796.178344,7796.178344,105500000,36640000,,354900,590100000000,799800,873000,799800,261714.285714,394989,261714.285714,2752,6088.178344,existing_table_value,h_mm,,existing_table_value,b_mm,,existing_table_value,tw_mm,,existing_table_value,tf_mm,,existing_table_value,tf_mm,,existing_table_value,r_mm,,derived_from_same_source_geometry,same_row_verified_source_geometry,,existing_table_value,mass_kg_m,,derived_from_same_source_geometry,same_row_verified_source_geometry,A = mass_kg_m / 7850 * 1e6,derived_from_same_source_geometry,same_row_verified_source_geometry,Aeff = A when no effective area is tabulated,existing_table_value,Iy_mm4,,existing_table_value,Iz_mm4,,derived_from_same_source_geometry,same_row_verified_source_geometry,,existing_table_value,It_mm4,,existing_table_value,Iw_mm6,,existing_table_value,Wel_y_mm3,,existing_table_value,Wpl_y_mm3,,derived_from_same_source_geometry,same_row_verified_source_geometry,"Weff,y = Wel,y when no effective strong-axis value is tabulated",derived_from_same_source_geometry,same_row_verified_source_geometry,"Wel,z = Iz / (b / 2)",derived_from_same_source_geometry,same_row_verified_source_geometry,"Wpl,z = b^2*tf/2 + tw^2*(h - 2tf)/4",derived_from_same_source_geometry,same_row_verified_source_geometry,"Weff,z = Wel,z when no effective weak-axis value is tabulated",existing_table_value,Avz_mm2,,derived_from_same_source_geometry,same_row_verified_source_geometry,"Av,y = A - tw*(h - 2tf)"
HEAA,HE 300 AA,open_i_or_h,ArcelorMittal Sections and Merchant Bars Sales Programme,V2026-1,https://sections.arcelormittal.com/repo/Sections/Sections%20and%20Merchant%20Bars-ArcelorMittal_V2026-1.xlsx,verified_published_table,true,283,300,7.5,10.5,10.5,27,,69.8,8891.719745,8891.719745,138000000,47330000,,478000,877100000000,975500,1065000,975500,315533.333333,476184.375,315533.333333,3236,6926.719745,existing_table_value,h_mm,,existing_table_value,b_mm,,existing_table_value,tw_mm,,existing_table_value,tf_mm,,existing_table_value,tf_mm,,existing_table_value,r_mm,,derived_from_same_source_geometry,same_row_verified_source_geometry,,existing_table_value,mass_kg_m,,derived_from_same_source_geometry,same_row_verified_source_geometry,A = mass_kg_m / 7850 * 1e6,derived_from_same_source_geometry,same_row_verified_source_geometry,Aeff = A when no effective area is tabulated,existing_table_value,Iy_mm4,,existing_table_value,Iz_mm4,,derived_from_same_source_geometry,same_row_verified_source_geometry,,existing_table_value,It_mm4,,existing_table_value,Iw_mm6,,existing_table_value,Wel_y_mm3,,existing_table_value,Wpl_y_mm3,,derived_from_same_source_geometry,same_row_verified_source_geometry,"Weff,y = Wel,y when no effective strong-axis value is tabulated",derived_from_same_source_geometry,same_row_verified_source_geometry,"Wel,z = Iz / (b / 2)",derived_from_same_source_geometry,same_row_verified_source_geometry,"Wpl,z = b^2*tf/2 + tw^2*(h - 2tf)/4",derived_from_same_source_geometry,same_row_verified_source_geometry,"Weff,z = Wel,z when no effective weak-axis value is tabulated",existing_table_value,Avz_mm2,,derived_from_same_source_geometry,same_row_verified_source_geometry,"Av,y = A - tw*(h - 2tf)"
HEAA,HE 320 AA,open_i_or_h,ArcelorMittal Sections and Merchant Bars Sales Programme,V2026-1,https://sections.arcelormittal.com/repo/Sections/Sections%20and%20Merchant%20Bars-ArcelorMittal_V2026-1.xlsx,verified_published_table,true,301,300,8,11,11,27,,74.2,9452.229299,9452.229299,164400000,49590000,,535800,1040000000000,1092000,1196000,1092000,330600,499464,330600,3539,7220.229299,existing_table_value,h_mm,,existing_table_value,b_mm,,existing_table_value,tw_mm,,existing_table_value,tf_mm,,existing_table_value,tf_mm,,existing_table_value,r_mm,,derived_from_same_source_geometry,same_row_verified_source_geometry,,existing_table_value,mass_kg_m,,derived_from_same_source_geometry,same_row_verified_source_geometry,A = mass_kg_m / 7850 * 1e6,derived_from_same_source_geometry,same_row_verified_source_geometry,Aeff = A when no effective area is tabulated,existing_table_value,Iy_mm4,,existing_table_value,Iz_mm4,,derived_from_same_source_geometry,same_row_verified_source_geometry,,existing_table_value,It_mm4,,existing_table_value,Iw_mm6,,existing_table_value,Wel_y_mm3,,existing_table_value,Wpl_y_mm3,,derived_from_same_source_geometry,same_row_verified_source_geometry,"Weff,y = Wel,y when no effective strong-axis value is tabulated",derived_from_same_source_geometry,same_row_verified_source_geometry,"Wel,z = Iz / (b / 2)",derived_from_same_source_geometry,same_row_verified_source_geometry,"Wpl,z = b^2*tf/2 + tw^2*(h - 2tf)/4",derived_from_same_source_geometry,same_row_verified_source_geometry,"Weff,z = Wel,z when no effective weak-axis value is tabulated",existing_table_value,Avz_mm2,,derived_from_same_source_geometry,same_row_verified_source_geometry,"Av,y = A - tw*(h - 2tf)"
HEAA,HE 340 AA,open_i_or_h,ArcelorMittal Sections and Merchant Bars Sales Programme,V2026-1,https://sections.arcelormittal.com/repo/Sections/Sections%20and%20Merchant%20Bars-ArcelorMittal_V2026-1.xlsx,verified_published_table,true,320,300,8.5,11.5,11.5,27,,78.9,10050.955414,10050.955414,195500000,51840000,,600100,1231000000000,1222000,1340000,1222000,345600,522864.5625,345600,3869,7526.455414,existing_table_value,h_mm,,existing_table_value,b_mm,,existing_table_value,tw_mm,,existing_table_value,tf_mm,,existing_table_value,tf_mm,,existing_table_value,r_mm,,derived_from_same_source_geometry,same_row_verified_source_geometry,,existing_table_value,mass_kg_m,,derived_from_same_source_geometry,same_row_verified_source_geometry,A = mass_kg_m / 7850 * 1e6,derived_from_same_source_geometry,same_row_verified_source_geometry,Aeff = A when no effective area is tabulated,existing_table_value,Iy_mm4,,existing_table_value,Iz_mm4,,derived_from_same_source_geometry,same_row_verified_source_geometry,,existing_table_value,It_mm4,,existing_table_value,Iw_mm6,,existing_table_value,Wel_y_mm3,,existing_table_value,Wpl_y_mm3,,derived_from_same_source_geometry,same_row_verified_source_geometry,"Weff,y = Wel,y when no effective strong-axis value is tabulated",derived_from_same_source_geometry,same_row_verified_source_geometry,"Wel,z = Iz / (b / 2)",derived_from_same_source_geometry,same_row_verified_source_geometry,"Wpl,z = b^2*tf/2 + tw^2*(h - 2tf)/4",derived_from_same_source_geometry,same_row_verified_source_geometry,"Weff,z = Wel,z when no effective weak-axis value is tabulated",existing_table_value,Avz_mm2,,derived_from_same_source_geometry,same_row_verified_source_geometry,"Av,y = A - tw*(h - 2tf)"
HEAA,HE 360 AA,open_i_or_h,ArcelorMittal Sections and Merchant Bars Sales Programme,V2026-1,https://sections.arcelormittal.com/repo/Sections/Sections%20and%20Merchant%20Bars-ArcelorMittal_V2026-1.xlsx,verified_published_table,true,339,300,9,12,12,27,,83.7,10662.420382,10662.420382,230300000,54100000,,671300,1443000000000,1359000,1495000,1359000,360666.666667,546378.75,360666.666667,4216,7827.420382,existing_table_value,h_mm,,existing_table_value,b_mm,,existing_table_value,tw_mm,,existing_table_value,tf_mm,,existing_table_value,tf_mm,,existing_table_value,r_mm,,derived_from_same_source_geometry,same_row_verified_source_geometry,,existing_table_value,mass_kg_m,,derived_from_same_source_geometry,same_row_verified_source_geometry,A = mass_kg_m / 7850 * 1e6,derived_from_same_source_geometry,same_row_verified_source_geometry,Aeff = A when no effective area is tabulated,existing_table_value,Iy_mm4,,existing_table_value,Iz_mm4,,derived_from_same_source_geometry,same_row_verified_source_geometry,,existing_table_value,It_mm4,,existing_table_value,Iw_mm6,,existing_table_value,Wel_y_mm3,,existing_table_value,Wpl_y_mm3,,derived_from_same_source_geometry,same_row_verified_source_geometry,"Weff,y = Wel,y when no effective strong-axis value is tabulated",derived_from_same_source_geometry,same_row_verified_source_geometry,"Wel,z = Iz / (b / 2)",derived_from_same_source_geometry,same_row_verified_source_geometry,"Wpl,z = b^2*tf/2 + tw^2*(h - 2tf)/4",derived_from_same_source_geometry,same_row_verified_source_geometry,"Weff,z = Wel,z when no effective weak-axis value is tabulated",existing_table_value,Avz_mm2,,derived_from_same_source_geometry,same_row_verified_source_geometry,"Av,y = A - tw*(h - 2tf)"
HEAA,HE 400 AA,open_i_or_h,ArcelorMittal Sections and Merchant Bars Sales Programme,V2026-1,https://sections.arcelormittal.com/repo/Sections/Sections%20and%20Merchant%20Bars-ArcelorMittal_V2026-1.xlsx,verified_published_table,true,378,300,9.5,13,13,27,,92.4,11770.700637,11770.700637,312500000,58610000,,813100,1948000000000,1653000,1824000,1653000,390733.333333,592942,390733.333333,4795,8426.700637,existing_table_value,h_mm,,existing_table_value,b_mm,,existing_table_value,tw_mm,,existing_table_value,tf_mm,,existing_table_value,tf_mm,,existing_table_value,r_mm,,derived_from_same_source_geometry,same_row_verified_source_geometry,,existing_table_value,mass_kg_m,,derived_from_same_source_geometry,same_row_verified_source_geometry,A = mass_kg_m / 7850 * 1e6,derived_from_same_source_geometry,same_row_verified_source_geometry,Aeff = A when no effective area is tabulated,existing_table_value,Iy_mm4,,existing_table_value,Iz_mm4,,derived_from_same_source_geometry,same_row_verified_source_geometry,,existing_table_value,It_mm4,,existing_table_value,Iw_mm6,,existing_table_value,Wel_y_mm3,,existing_table_value,Wpl_y_mm3,,derived_from_same_source_geometry,same_row_verified_source_geometry,"Weff,y = Wel,y when no effective strong-axis value is tabulated",derived_from_same_source_geometry,same_row_verified_source_geometry,"Wel,z = Iz / (b / 2)",derived_from_same_source_geometry,same_row_verified_source_geometry,"Wpl,z = b^2*tf/2 + tw^2*(h - 2tf)/4",derived_from_same_source_geometry,same_row_verified_source_geometry,"Weff,z = Wel,z when no effective weak-axis value is tabulated",existing_table_value,Avz_mm2,,derived_from_same_source_geometry,same_row_verified_source_geometry,"Av,y = A - tw*(h - 2tf)"
HEAA,HE 450 AA,open_i_or_h,ArcelorMittal Sections and Merchant Bars Sales Programme,V2026-1,https://sections.arcelormittal.com/repo/Sections/Sections%20and%20Merchant%20Bars-ArcelorMittal_V2026-1.xlsx,verified_published_table,true,425,300,10,13.5,13.5,27,,99.7,12700.636943,12700.636943,418800000,60870000,,913900,2571000000000,1971000,2183000,1971000,405800,617450,405800,5469,8720.636943,existing_table_value,h_mm,,existing_table_value,b_mm,,existing_table_value,tw_mm,,existing_table_value,tf_mm,,existing_table_value,tf_mm,,existing_table_value,r_mm,,derived_from_same_source_geometry,same_row_verified_source_geometry,,existing_table_value,mass_kg_m,,derived_from_same_source_geometry,same_row_verified_source_geometry,A = mass_kg_m / 7850 * 1e6,derived_from_same_source_geometry,same_row_verified_source_geometry,Aeff = A when no effective area is tabulated,existing_table_value,Iy_mm4,,existing_table_value,Iz_mm4,,derived_from_same_source_geometry,same_row_verified_source_geometry,,existing_table_value,It_mm4,,existing_table_value,Iw_mm6,,existing_table_value,Wel_y_mm3,,existing_table_value,Wpl_y_mm3,,derived_from_same_source_geometry,same_row_verified_source_geometry,"Weff,y = Wel,y when no effective strong-axis value is tabulated",derived_from_same_source_geometry,same_row_verified_source_geometry,"Wel,z = Iz / (b / 2)",derived_from_same_source_geometry,same_row_verified_source_geometry,"Wpl,z = b^2*tf/2 + tw^2*(h - 2tf)/4",derived_from_same_source_geometry,same_row_verified_source_geometry,"Weff,z = Wel,z when no effective weak-axis value is tabulated",existing_table_value,Avz_mm2,,derived_from_same_source_geometry,same_row_verified_source_geometry,"Av,y = A - tw*(h - 2tf)"
HEAA,HE 500 AA,open_i_or_h,ArcelorMittal Sections and Merchant Bars Sales Programme,V2026-1,https://sections.arcelormittal.com/repo/Sections/Sections%20and%20Merchant%20Bars-ArcelorMittal_V2026-1.xlsx,verified_published_table,true,472,300,10.5,14,14,27,,107,13630.573248,13630.573248,546400000,63130000,,1026000,3303000000000,2315000,2576000,2315000,420866.666667,642237.75,420866.666667,6190,8968.573248,existing_table_value,h_mm,,existing_table_value,b_mm,,existing_table_value,tw_mm,,existing_table_value,tf_mm,,existing_table_value,tf_mm,,existing_table_value,r_mm,,derived_from_same_source_geometry,same_row_verified_source_geometry,,existing_table_value,mass_kg_m,,derived_from_same_source_geometry,same_row_verified_source_geometry,A = mass_kg_m / 7850 * 1e6,derived_from_same_source_geometry,same_row_verified_source_geometry,Aeff = A when no effective area is tabulated,existing_table_value,Iy_mm4,,existing_table_value,Iz_mm4,,derived_from_same_source_geometry,same_row_verified_source_geometry,,existing_table_value,It_mm4,,existing_table_value,Iw_mm6,,existing_table_value,Wel_y_mm3,,existing_table_value,Wpl_y_mm3,,derived_from_same_source_geometry,same_row_verified_source_geometry,"Weff,y = Wel,y when no effective strong-axis value is tabulated",derived_from_same_source_geometry,same_row_verified_source_geometry,"Wel,z = Iz / (b / 2)",derived_from_same_source_geometry,same_row_verified_source_geometry,"Wpl,z = b^2*tf/2 + tw^2*(h - 2tf)/4",derived_from_same_source_geometry,same_row_verified_source_geometry,"Weff,z = Wel,z when no effective weak-axis value is tabulated",existing_table_value,Avz_mm2,,derived_from_same_source_geometry,same_row_verified_source_geometry,"Av,y = A - tw*(h - 2tf)"
HEAA,HE 550 AA,open_i_or_h,ArcelorMittal Sections and Merchant Bars Sales Programme,V2026-1,https://sections.arcelormittal.com/repo/Sections/Sections%20and%20Merchant%20Bars-ArcelorMittal_V2026-1.xlsx,verified_published_table,true,522,300,11.5,15,15,27,,120,15286.624204,15286.624204,728700000,67660000,,1266000,4337000000000,2792000,3127000,2792000,451066.666667,691266.75,451066.666667,7266,9628.624204,existing_table_value,h_mm,,existing_table_value,b_mm,,existing_table_value,tw_mm,,existing_table_value,tf_mm,,existing_table_value,tf_mm,,existing_table_value,r_mm,,derived_from_same_source_geometry,same_row_verified_source_geometry,,existing_table_value,mass_kg_m,,derived_from_same_source_geometry,same_row_verified_source_geometry,A = mass_kg_m / 7850 * 1e6,derived_from_same_source_geometry,same_row_verified_source_geometry,Aeff = A when no effective area is tabulated,existing_table_value,Iy_mm4,,existing_table_value,Iz_mm4,,derived_from_same_source_geometry,same_row_verified_source_geometry,,existing_table_value,It_mm4,,existing_table_value,Iw_mm6,,existing_table_value,Wel_y_mm3,,existing_table_value,Wpl_y_mm3,,derived_from_same_source_geometry,same_row_verified_source_geometry,"Weff,y = Wel,y when no effective strong-axis value is tabulated",derived_from_same_source_geometry,same_row_verified_source_geometry,"Wel,z = Iz / (b / 2)",derived_from_same_source_geometry,same_row_verified_source_geometry,"Wpl,z = b^2*tf/2 + tw^2*(h - 2tf)/4",derived_from_same_source_geometry,same_row_verified_source_geometry,"Weff,z = Wel,z when no effective weak-axis value is tabulated",existing_table_value,Avz_mm2,,derived_from_same_source_geometry,same_row_verified_source_geometry,"Av,y = A - tw*(h - 2tf)"
HEAA,HE 600 AA,open_i_or_h,ArcelorMittal Sections and Merchant Bars Sales Programme,V2026-1,https://sections.arcelormittal.com/repo/Sections/Sections%20and%20Merchant%20Bars-ArcelorMittal_V2026-1.xlsx,verified_published_table,true,571,300,12,15.5,15.5,27,,129,16433.121019,16433.121019,918700000,69930000,,1417000,5380000000000,3217000,3623000,3217000,466200,716940,466200,8128,9953.121019,existing_table_value,h_mm,,existing_table_value,b_mm,,existing_table_value,tw_mm,,existing_table_value,tf_mm,,existing_table_value,tf_mm,,existing_table_value,r_mm,,derived_from_same_source_geometry,same_row_verified_source_geometry,,existing_table_value,mass_kg_m,,derived_from_same_source_geometry,same_row_verified_source_geometry,A = mass_kg_m / 7850 * 1e6,derived_from_same_source_geometry,same_row_verified_source_geometry,Aeff = A when no effective area is tabulated,existing_table_value,Iy_mm4,,existing_table_value,Iz_mm4,,derived_from_same_source_geometry,same_row_verified_source_geometry,,existing_table_value,It_mm4,,existing_table_value,Iw_mm6,,existing_table_value,Wel_y_mm3,,existing_table_value,Wpl_y_mm3,,derived_from_same_source_geometry,same_row_verified_source_geometry,"Weff,y = Wel,y when no effective strong-axis value is tabulated",derived_from_same_source_geometry,same_row_verified_source_geometry,"Wel,z = Iz / (b / 2)",derived_from_same_source_geometry,same_row_verified_source_geometry,"Wpl,z = b^2*tf/2 + tw^2*(h - 2tf)/4",derived_from_same_source_geometry,same_row_verified_source_geometry,"Weff,z = Wel,z when no effective weak-axis value is tabulated",existing_table_value,Avz_mm2,,derived_from_same_source_geometry,same_row_verified_source_geometry,"Av,y = A - tw*(h - 2tf)"
HEAA,HE 650 AA,open_i_or_h,ArcelorMittal Sections and Merchant Bars Sales Programme,V2026-1,https://sections.arcelormittal.com/repo/Sections/Sections%20and%20Merchant%20Bars-ArcelorMittal_V2026-1.xlsx,verified_published_table,true,620,300,12.5,16,16,27,,138,17579.617834,17579.617834,1139400000,72200000,,1584000,6566000000000,3675000,4159000,3675000,481333.333333,742968.75,481333.333333,9039,10229.617834,existing_table_value,h_mm,,existing_table_value,b_mm,,existing_table_value,tw_mm,,existing_table_value,tf_mm,,existing_table_value,tf_mm,,existing_table_value,r_mm,,derived_from_same_source_geometry,same_row_verified_source_geometry,,existing_table_value,mass_kg_m,,derived_from_same_source_geometry,same_row_verified_source_geometry,A = mass_kg_m / 7850 * 1e6,derived_from_same_source_geometry,same_row_verified_source_geometry,Aeff = A when no effective area is tabulated,existing_table_value,Iy_mm4,,existing_table_value,Iz_mm4,,derived_from_same_source_geometry,same_row_verified_source_geometry,,existing_table_value,It_mm4,,existing_table_value,Iw_mm6,,existing_table_value,Wel_y_mm3,,existing_table_value,Wpl_y_mm3,,derived_from_same_source_geometry,same_row_verified_source_geometry,"Weff,y = Wel,y when no effective strong-axis value is tabulated",derived_from_same_source_geometry,same_row_verified_source_geometry,"Wel,z = Iz / (b / 2)",derived_from_same_source_geometry,same_row_verified_source_geometry,"Wpl,z = b^2*tf/2 + tw^2*(h - 2tf)/4",derived_from_same_source_geometry,same_row_verified_source_geometry,"Weff,z = Wel,z when no effective weak-axis value is tabulated",existing_table_value,Avz_mm2,,derived_from_same_source_geometry,same_row_verified_source_geometry,"Av,y = A - tw*(h - 2tf)"
HEAA,HE 700 AA,open_i_or_h,ArcelorMittal Sections and Merchant Bars Sales Programme,V2026-1,https://sections.arcelormittal.com/repo/Sections/Sections%20and%20Merchant%20Bars-ArcelorMittal_V2026-1.xlsx,verified_published_table,true,670,300,13,17,17,27,,150,19108.280255,19108.280255,1427200000,76730000,,1863000,8155000000000,4260000,4840000,4260000,511533.333333,791871,511533.333333,10030,10840.280255,existing_table_value,h_mm,,existing_table_value,b_mm,,existing_table_value,tw_mm,,existing_table_value,tf_mm,,existing_table_value,tf_mm,,existing_table_value,r_mm,,derived_from_same_source_geometry,same_row_verified_source_geometry,,existing_table_value,mass_kg_m,,derived_from_same_source_geometry,same_row_verified_source_geometry,A = mass_kg_m / 7850 * 1e6,derived_from_same_source_geometry,same_row_verified_source_geometry,Aeff = A when no effective area is tabulated,existing_table_value,Iy_mm4,,existing_table_value,Iz_mm4,,derived_from_same_source_geometry,same_row_verified_source_geometry,,existing_table_value,It_mm4,,existing_table_value,Iw_mm6,,existing_table_value,Wel_y_mm3,,existing_table_value,Wpl_y_mm3,,derived_from_same_source_geometry,same_row_verified_source_geometry,"Weff,y = Wel,y when no effective strong-axis value is tabulated",derived_from_same_source_geometry,same_row_verified_source_geometry,"Wel,z = Iz / (b / 2)",derived_from_same_source_geometry,same_row_verified_source_geometry,"Wpl,z = b^2*tf/2 + tw^2*(h - 2tf)/4",derived_from_same_source_geometry,same_row_verified_source_geometry,"Weff,z = Wel,z when no effective weak-axis value is tabulated",existing_table_value,Avz_mm2,,derived_from_same_source_geometry,same_row_verified_source_geometry,"Av,y = A - tw*(h - 2tf)"
HEAA,HE 800 AA,open_i_or_h,ArcelorMittal Sections and Merchant Bars Sales Programme,V2026-1,https://sections.arcelormittal.com/repo/Sections/Sections%20and%20Merchant%20Bars-ArcelorMittal_V2026-1.xlsx,verified_published_table,true,770,300,14,18,18,30,,172,21910.828025,21910.828025,2088800000,81330000,,2430000,11450000000000,5425000,6224000,5425000,542200,845966,542200,12380,11634.828025,existing_table_value,h_mm,,existing_table_value,b_mm,,existing_table_value,tw_mm,,existing_table_value,tf_mm,,existing_table_value,tf_mm,,existing_table_value,r_mm,,derived_from_same_source_geometry,same_row_verified_source_geometry,,existing_table_value,mass_kg_m,,derived_from_same_source_geometry,same_row_verified_source_geometry,A = mass_kg_m / 7850 * 1e6,derived_from_same_source_geometry,same_row_verified_source_geometry,Aeff = A when no effective area is tabulated,existing_table_value,Iy_mm4,,existing_table_value,Iz_mm4,,derived_from_same_source_geometry,same_row_verified_source_geometry,,existing_table_value,It_mm4,,existing_table_value,Iw_mm6,,existing_table_value,Wel_y_mm3,,existing_table_value,Wpl_y_mm3,,derived_from_same_source_geometry,same_row_verified_source_geometry,"Weff,y = Wel,y when no effective strong-axis value is tabulated",derived_from_same_source_geometry,same_row_verified_source_geometry,"Wel,z = Iz / (b / 2)",derived_from_same_source_geometry,same_row_verified_source_geometry,"Wpl,z = b^2*tf/2 + tw^2*(h - 2tf)/4",derived_from_same_source_geometry,same_row_verified_source_geometry,"Weff,z = Wel,z when no effective weak-axis value is tabulated",existing_table_value,Avz_mm2,,derived_from_same_source_geometry,same_row_verified_source_geometry,"Av,y = A - tw*(h - 2tf)"
HEAA,HE 900 AA,open_i_or_h,ArcelorMittal Sections and Merchant Bars Sales Programme,V2026-1,https://sections.arcelormittal.com/repo/Sections/Sections%20and%20Merchant%20Bars-ArcelorMittal_V2026-1.xlsx,verified_published_table,true,870,300,15,20,20,30,,198,25222.929936,25222.929936,3011400000,90410000,,3218000,16250000000000,6922000,7998000,6922000,602733.333333,946687.5,602733.333333,14720,12772.929936,existing_table_value,h_mm,,existing_table_value,b_mm,,existing_table_value,tw_mm,,existing_table_value,tf_mm,,existing_table_value,tf_mm,,existing_table_value,r_mm,,derived_from_same_source_geometry,same_row_verified_source_geometry,,existing_table_value,mass_kg_m,,derived_from_same_source_geometry,same_row_verified_source_geometry,A = mass_kg_m / 7850 * 1e6,derived_from_same_source_geometry,same_row_verified_source_geometry,Aeff = A when no effective area is tabulated,existing_table_value,Iy_mm4,,existing_table_value,Iz_mm4,,derived_from_same_source_geometry,same_row_verified_source_geometry,,existing_table_value,It_mm4,,existing_table_value,Iw_mm6,,existing_table_value,Wel_y_mm3,,existing_table_value,Wpl_y_mm3,,derived_from_same_source_geometry,same_row_verified_source_geometry,"Weff,y = Wel,y when no effective strong-axis value is tabulated",derived_from_same_source_geometry,same_row_verified_source_geometry,"Wel,z = Iz / (b / 2)",derived_from_same_source_geometry,same_row_verified_source_geometry,"Wpl,z = b^2*tf/2 + tw^2*(h - 2tf)/4",derived_from_same_source_geometry,same_row_verified_source_geometry,"Weff,z = Wel,z when no effective weak-axis value is tabulated",existing_table_value,Avz_mm2,,derived_from_same_source_geometry,same_row_verified_source_geometry,"Av,y = A - tw*(h - 2tf)"
HEAA,HE 1000 AA,open_i_or_h,ArcelorMittal Sections and Merchant Bars Sales Programme,V2026-1,https://sections.arcelormittal.com/repo/Sections/Sections%20and%20Merchant%20Bars-ArcelorMittal_V2026-1.xlsx,verified_published_table,true,970,300,16,21,21,30,,222,28280.254777,28280.254777,4064500000,95000000,,3870000,21270000000000,8380000,9776000,8380000,633333.333333,1004392,633333.333333,17210,13432.254777,existing_table_value,h_mm,,existing_table_value,b_mm,,existing_table_value,tw_mm,,existing_table_value,tf_mm,,existing_table_value,tf_mm,,existing_table_value,r_mm,,derived_from_same_source_geometry,same_row_verified_source_geometry,,existing_table_value,mass_kg_m,,derived_from_same_source_geometry,same_row_verified_source_geometry,A = mass_kg_m / 7850 * 1e6,derived_from_same_source_geometry,same_row_verified_source_geometry,Aeff = A when no effective area is tabulated,existing_table_value,Iy_mm4,,existing_table_value,Iz_mm4,,derived_from_same_source_geometry,same_row_verified_source_geometry,,existing_table_value,It_mm4,,existing_table_value,Iw_mm6,,existing_table_value,Wel_y_mm3,,existing_table_value,Wpl_y_mm3,,derived_from_same_source_geometry,same_row_verified_source_geometry,"Weff,y = Wel,y when no effective strong-axis value is tabulated",derived_from_same_source_geometry,same_row_verified_source_geometry,"Wel,z = Iz / (b / 2)",derived_from_same_source_geometry,same_row_verified_source_geometry,"Wpl,z = b^2*tf/2 + tw^2*(h - 2tf)/4",derived_from_same_source_geometry,same_row_verified_source_geometry,"Weff,z = Wel,z when no effective weak-axis value is tabulated",existing_table_value,Avz_mm2,,derived_from_same_source_geometry,same_row_verified_source_geometry,"Av,y = A - tw*(h - 2tf)"
UPE,UPE 80,channel,ArcelorMittal Sections and Merchant Bars Sales Programme,V2026-1,https://sections.arcelormittal.com/repo/Sections/Sections%20and%20Merchant%20Bars-ArcelorMittal_V2026-1.xlsx,verified_published_table,true,80,50,4,7,7,10,,7.9,1006.369427,1006.369427,1070000,255000,,14700,220000000,26800,31200,26800,10200,9014,10200,405,742.369427,existing_table_value,h_mm,,existing_table_value,b_mm,,existing_table_value,tw_mm,,existing_table_value,tf_mm,,existing_table_value,tf_mm,,existing_table_value,r_mm,,derived_from_same_source_geometry,same_row_verified_source_geometry,,existing_table_value,mass_kg_m,,derived_from_same_source_geometry,same_row_verified_source_geometry,A = mass_kg_m / 7850 * 1e6,derived_from_same_source_geometry,same_row_verified_source_geometry,Aeff = A when no effective area is tabulated,existing_table_value,Iy_mm4,,existing_table_value,Iz_mm4,,derived_from_same_source_geometry,same_row_verified_source_geometry,,existing_table_value,It_mm4,,existing_table_value,Iw_mm6,,existing_table_value,Wel_y_mm3,,existing_table_value,Wpl_y_mm3,,derived_from_same_source_geometry,same_row_verified_source_geometry,"Weff,y = Wel,y when no effective strong-axis value is tabulated",derived_from_same_source_geometry,same_row_verified_source_geometry,"Wel,z = Iz / (b / 2)",derived_from_same_source_geometry,same_row_verified_source_geometry,"Wpl,z = b^2*tf/2 + tw^2*(h - 2tf)/4",derived_from_same_source_geometry,same_row_verified_source_geometry,"Weff,z = Wel,z when no effective weak-axis value is tabulated",existing_table_value,Avz_mm2,,derived_from_same_source_geometry,same_row_verified_source_geometry,"Av,y = A - tw*(h - 2tf)"
UPE,UPE 100,channel,ArcelorMittal Sections and Merchant Bars Sales Programme,V2026-1,https://sections.arcelormittal.com/repo/Sections/Sections%20and%20Merchant%20Bars-ArcelorMittal_V2026-1.xlsx,verified_published_table,true,100,55,4.5,7.5,7.5,10,,9.8,1248.407643,1248.407643,2070000,383000,,20100,530000000,41400,48000,41400,13927.272727,11774.0625,13927.272727,534,865.907643,existing_table_value,h_mm,,existing_table_value,b_mm,,existing_table_value,tw_mm,,existing_table_value,tf_mm,,existing_table_value,tf_mm,,existing_table_value,r_mm,,derived_from_same_source_geometry,same_row_verified_source_geometry,,existing_table_value,mass_kg_m,,derived_from_same_source_geometry,same_row_verified_source_geometry,A = mass_kg_m / 7850 * 1e6,derived_from_same_source_geometry,same_row_verified_source_geometry,Aeff = A when no effective area is tabulated,existing_table_value,Iy_mm4,,existing_table_value,Iz_mm4,,derived_from_same_source_geometry,same_row_verified_source_geometry,,existing_table_value,It_mm4,,existing_table_value,Iw_mm6,,existing_table_value,Wel_y_mm3,,existing_table_value,Wpl_y_mm3,,derived_from_same_source_geometry,same_row_verified_source_geometry,"Weff,y = Wel,y when no effective strong-axis value is tabulated",derived_from_same_source_geometry,same_row_verified_source_geometry,"Wel,z = Iz / (b / 2)",derived_from_same_source_geometry,same_row_verified_source_geometry,"Wpl,z = b^2*tf/2 + tw^2*(h - 2tf)/4",derived_from_same_source_geometry,same_row_verified_source_geometry,"Weff,z = Wel,z when no effective weak-axis value is tabulated",existing_table_value,Avz_mm2,,derived_from_same_source_geometry,same_row_verified_source_geometry,"Av,y = A - tw*(h - 2tf)"
UPE,UPE 120,channel,ArcelorMittal Sections and Merchant Bars Sales Programme,V2026-1,https://sections.arcelormittal.com/repo/Sections/Sections%20and%20Merchant%20Bars-ArcelorMittal_V2026-1.xlsx,verified_published_table,true,120,60,5,8,8,12,,12.1,1541.401274,1541.401274,3640000,555000,,29000,1120000000,60600,70300,60600,18500,15050,18500,718,1021.401274,existing_table_value,h_mm,,existing_table_value,b_mm,,existing_table_value,tw_mm,,existing_table_value,tf_mm,,existing_table_value,tf_mm,,existing_table_value,r_mm,,derived_from_same_source_geometry,same_row_verified_source_geometry,,existing_table_value,mass_kg_m,,derived_from_same_source_geometry,same_row_verified_source_geometry,A = mass_kg_m / 7850 * 1e6,derived_from_same_source_geometry,same_row_verified_source_geometry,Aeff = A when no effective area is tabulated,existing_table_value,Iy_mm4,,existing_table_value,Iz_mm4,,derived_from_same_source_geometry,same_row_verified_source_geometry,,existing_table_value,It_mm4,,existing_table_value,Iw_mm6,,existing_table_value,Wel_y_mm3,,existing_table_value,Wpl_y_mm3,,derived_from_same_source_geometry,same_row_verified_source_geometry,"Weff,y = Wel,y when no effective strong-axis value is tabulated",derived_from_same_source_geometry,same_row_verified_source_geometry,"Wel,z = Iz / (b / 2)",derived_from_same_source_geometry,same_row_verified_source_geometry,"Wpl,z = b^2*tf/2 + tw^2*(h - 2tf)/4",derived_from_same_source_geometry,same_row_verified_source_geometry,"Weff,z = Wel,z when no effective weak-axis value is tabulated",existing_table_value,Avz_mm2,,derived_from_same_source_geometry,same_row_verified_source_geometry,"Av,y = A - tw*(h - 2tf)"
UPE,UPE 140,channel,ArcelorMittal Sections and Merchant Bars Sales Programme,V2026-1,https://sections.arcelormittal.com/repo/Sections/Sections%20and%20Merchant%20Bars-ArcelorMittal_V2026-1.xlsx,verified_published_table,true,140,65,5,9,9,12,,14.5,1847.133758,1847.133758,6000000,788000,,40500,2200000000,85600,98800,85600,24246.153846,19775,24246.153846,825,1237.133758,existing_table_value,h_mm,,existing_table_value,b_mm,,existing_table_value,tw_mm,,existing_table_value,tf_mm,,existing_table_value,tf_mm,,existing_table_value,r_mm,,derived_from_same_source_geometry,same_row_verified_source_geometry,,existing_table_value,mass_kg_m,,derived_from_same_source_geometry,same_row_verified_source_geometry,A = mass_kg_m / 7850 * 1e6,derived_from_same_source_geometry,same_row_verified_source_geometry,Aeff = A when no effective area is tabulated,existing_table_value,Iy_mm4,,existing_table_value,Iz_mm4,,derived_from_same_source_geometry,same_row_verified_source_geometry,,existing_table_value,It_mm4,,existing_table_value,Iw_mm6,,existing_table_value,Wel_y_mm3,,existing_table_value,Wpl_y_mm3,,derived_from_same_source_geometry,same_row_verified_source_geometry,"Weff,y = Wel,y when no effective strong-axis value is tabulated",derived_from_same_source_geometry,same_row_verified_source_geometry,"Wel,z = Iz / (b / 2)",derived_from_same_source_geometry,same_row_verified_source_geometry,"Wpl,z = b^2*tf/2 + tw^2*(h - 2tf)/4",derived_from_same_source_geometry,same_row_verified_source_geometry,"Weff,z = Wel,z when no effective weak-axis value is tabulated",existing_table_value,Avz_mm2,,derived_from_same_source_geometry,same_row_verified_source_geometry,"Av,y = A - tw*(h - 2tf)"
UPE,UPE 160,channel,ArcelorMittal Sections and Merchant Bars Sales Programme,V2026-1,https://sections.arcelormittal.com/repo/Sections/Sections%20and%20Merchant%20Bars-ArcelorMittal_V2026-1.xlsx,verified_published_table,true,160,70,5.5,9.5,9.5,12,,17,2165.605096,2165.605096,9110000,1070000,,52000,3960000000,114000,132000,114000,30571.428571,24341.3125,30571.428571,1000,1390.105096,existing_table_value,h_mm,,existing_table_value,b_mm,,existing_table_value,tw_mm,,existing_table_value,tf_mm,,existing_table_value,tf_mm,,existing_table_value,r_mm,,derived_from_same_source_geometry,same_row_verified_source_geometry,,existing_table_value,mass_kg_m,,derived_from_same_source_geometry,same_row_verified_source_geometry,A = mass_kg_m / 7850 * 1e6,derived_from_same_source_geometry,same_row_verified_source_geometry,Aeff = A when no effective area is tabulated,existing_table_value,Iy_mm4,,existing_table_value,Iz_mm4,,derived_from_same_source_geometry,same_row_verified_source_geometry,,existing_table_value,It_mm4,,existing_table_value,Iw_mm6,,existing_table_value,Wel_y_mm3,,existing_table_value,Wpl_y_mm3,,derived_from_same_source_geometry,same_row_verified_source_geometry,"Weff,y = Wel,y when no effective strong-axis value is tabulated",derived_from_same_source_geometry,same_row_verified_source_geometry,"Wel,z = Iz / (b / 2)",derived_from_same_source_geometry,same_row_verified_source_geometry,"Wpl,z = b^2*tf/2 + tw^2*(h - 2tf)/4",derived_from_same_source_geometry,same_row_verified_source_geometry,"Weff,z = Wel,z when no effective weak-axis value is tabulated",existing_table_value,Avz_mm2,,derived_from_same_source_geometry,same_row_verified_source_geometry,"Av,y = A - tw*(h - 2tf)"
UPE,UPE 180,channel,ArcelorMittal Sections and Merchant Bars Sales Programme,V2026-1,https://sections.arcelormittal.com/repo/Sections/Sections%20and%20Merchant%20Bars-ArcelorMittal_V2026-1.xlsx,verified_published_table,true,180,75,5.5,10.5,10.5,12,,19.7,2509.55414,2509.55414,13500000,1440000,,69900,6810000000,150000,173000,150000,38400,30733.6875,38400,1120,1635.05414,existing_table_value,h_mm,,existing_table_value,b_mm,,existing_table_value,tw_mm,,existing_table_value,tf_mm,,existing_table_value,tf_mm,,existing_table_value,r_mm,,derived_from_same_source_geometry,same_row_verified_source_geometry,,existing_table_value,mass_kg_m,,derived_from_same_source_geometry,same_row_verified_source_geometry,A = mass_kg_m / 7850 * 1e6,derived_from_same_source_geometry,same_row_verified_source_geometry,Aeff = A when no effective area is tabulated,existing_table_value,Iy_mm4,,existing_table_value,Iz_mm4,,derived_from_same_source_geometry,same_row_verified_source_geometry,,existing_table_value,It_mm4,,existing_table_value,Iw_mm6,,existing_table_value,Wel_y_mm3,,existing_table_value,Wpl_y_mm3,,derived_from_same_source_geometry,same_row_verified_source_geometry,"Weff,y = Wel,y when no effective strong-axis value is tabulated",derived_from_same_source_geometry,same_row_verified_source_geometry,"Wel,z = Iz / (b / 2)",derived_from_same_source_geometry,same_row_verified_source_geometry,"Wpl,z = b^2*tf/2 + tw^2*(h - 2tf)/4",derived_from_same_source_geometry,same_row_verified_source_geometry,"Weff,z = Wel,z when no effective weak-axis value is tabulated",existing_table_value,Avz_mm2,,derived_from_same_source_geometry,same_row_verified_source_geometry,"Av,y = A - tw*(h - 2tf)"
UPE,UPE 200,channel,ArcelorMittal Sections and Merchant Bars Sales Programme,V2026-1,https://sections.arcelormittal.com/repo/Sections/Sections%20and%20Merchant%20Bars-ArcelorMittal_V2026-1.xlsx,verified_published_table,true,200,80,6,11,11,13,,22.8,2904.458599,2904.458599,19100000,1870000,,88900,11000000000,191000,220000,191000,46750,36802,46750,1350,1836.458599,existing_table_value,h_mm,,existing_table_value,b_mm,,existing_table_value,tw_mm,,existing_table_value,tf_mm,,existing_table_value,tf_mm,,existing_table_value,r_mm,,derived_from_same_source_geometry,same_row_verified_source_geometry,,existing_table_value,mass_kg_m,,derived_from_same_source_geometry,same_row_verified_source_geometry,A = mass_kg_m / 7850 * 1e6,derived_from_same_source_geometry,same_row_verified_source_geometry,Aeff = A when no effective area is tabulated,existing_table_value,Iy_mm4,,existing_table_value,Iz_mm4,,derived_from_same_source_geometry,same_row_verified_source_geometry,,existing_table_value,It_mm4,,existing_table_value,Iw_mm6,,existing_table_value,Wel_y_mm3,,existing_table_value,Wpl_y_mm3,,derived_from_same_source_geometry,same_row_verified_source_geometry,"Weff,y = Wel,y when no effective strong-axis value is tabulated",derived_from_same_source_geometry,same_row_verified_source_geometry,"Wel,z = Iz / (b / 2)",derived_from_same_source_geometry,same_row_verified_source_geometry,"Wpl,z = b^2*tf/2 + tw^2*(h - 2tf)/4",derived_from_same_source_geometry,same_row_verified_source_geometry,"Weff,z = Wel,z when no effective weak-axis value is tabulated",existing_table_value,Avz_mm2,,derived_from_same_source_geometry,same_row_verified_source_geometry,"Av,y = A - tw*(h - 2tf)"
UPE,UPE 220,channel,ArcelorMittal Sections and Merchant Bars Sales Programme,V2026-1,https://sections.arcelormittal.com/repo/Sections/Sections%20and%20Merchant%20Bars-ArcelorMittal_V2026-1.xlsx,verified_published_table,true,220,85,6.5,12,12,13,,26.6,3388.535032,3388.535032,26800000,2470000,,121000,17600000000,244000,281000,244000,58117.647059,45420.25,58117.647059,1580,2114.535032,existing_table_value,h_mm,,existing_table_value,b_mm,,existing_table_value,tw_mm,,existing_table_value,tf_mm,,existing_table_value,tf_mm,,existing_table_value,r_mm,,derived_from_same_source_geometry,same_row_verified_source_geometry,,existing_table_value,mass_kg_m,,derived_from_same_source_geometry,same_row_verified_source_geometry,A = mass_kg_m / 7850 * 1e6,derived_from_same_source_geometry,same_row_verified_source_geometry,Aeff = A when no effective area is tabulated,existing_table_value,Iy_mm4,,existing_table_value,Iz_mm4,,derived_from_same_source_geometry,same_row_verified_source_geometry,,existing_table_value,It_mm4,,existing_table_value,Iw_mm6,,existing_table_value,Wel_y_mm3,,existing_table_value,Wpl_y_mm3,,derived_from_same_source_geometry,same_row_verified_source_geometry,"Weff,y = Wel,y when no effective strong-axis value is tabulated",derived_from_same_source_geometry,same_row_verified_source_geometry,"Wel,z = Iz / (b / 2)",derived_from_same_source_geometry,same_row_verified_source_geometry,"Wpl,z = b^2*tf/2 + tw^2*(h - 2tf)/4",derived_from_same_source_geometry,same_row_verified_source_geometry,"Weff,z = Wel,z when no effective weak-axis value is tabulated",existing_table_value,Avz_mm2,,derived_from_same_source_geometry,same_row_verified_source_geometry,"Av,y = A - tw*(h - 2tf)"
UPE,UPE 240,channel,ArcelorMittal Sections and Merchant Bars Sales Programme,V2026-1,https://sections.arcelormittal.com/repo/Sections/Sections%20and%20Merchant%20Bars-ArcelorMittal_V2026-1.xlsx,verified_published_table,true,240,90,7,12.5,12.5,15,,30.2,3847.133758,3847.133758,36000000,3110000,,151000,26400000000,300000,347000,300000,69111.111111,53258.75,69111.111111,1880,2342.133758,existing_table_value,h_mm,,existing_table_value,b_mm,,existing_table_value,tw_mm,,existing_table_value,tf_mm,,existing_table_value,tf_mm,,existing_table_value,r_mm,,derived_from_same_source_geometry,same_row_verified_source_geometry,,existing_table_value,mass_kg_m,,derived_from_same_source_geometry,same_row_verified_source_geometry,A = mass_kg_m / 7850 * 1e6,derived_from_same_source_geometry,same_row_verified_source_geometry,Aeff = A when no effective area is tabulated,existing_table_value,Iy_mm4,,existing_table_value,Iz_mm4,,derived_from_same_source_geometry,same_row_verified_source_geometry,,existing_table_value,It_mm4,,existing_table_value,Iw_mm6,,existing_table_value,Wel_y_mm3,,existing_table_value,Wpl_y_mm3,,derived_from_same_source_geometry,same_row_verified_source_geometry,"Weff,y = Wel,y when no effective strong-axis value is tabulated",derived_from_same_source_geometry,same_row_verified_source_geometry,"Wel,z = Iz / (b / 2)",derived_from_same_source_geometry,same_row_verified_source_geometry,"Wpl,z = b^2*tf/2 + tw^2*(h - 2tf)/4",derived_from_same_source_geometry,same_row_verified_source_geometry,"Weff,z = Wel,z when no effective weak-axis value is tabulated",existing_table_value,Avz_mm2,,derived_from_same_source_geometry,same_row_verified_source_geometry,"Av,y = A - tw*(h - 2tf)"
UPE,UPE 270,channel,ArcelorMittal Sections and Merchant Bars Sales Programme,V2026-1,https://sections.arcelormittal.com/repo/Sections/Sections%20and%20Merchant%20Bars-ArcelorMittal_V2026-1.xlsx,verified_published_table,true,270,95,7.5,13.5,13.5,15,,35.2,4484.076433,4484.076433,52500000,4010000,,199000,43600000000,389000,451000,389000,84421.052632,64335.9375,84421.052632,2220,2661.576433,existing_table_value,h_mm,,existing_table_value,b_mm,,existing_table_value,tw_mm,,existing_table_value,tf_mm,,existing_table_value,tf_mm,,existing_table_value,r_mm,,derived_from_same_source_geometry,same_row_verified_source_geometry,,existing_table_value,mass_kg_m,,derived_from_same_source_geometry,same_row_verified_source_geometry,A = mass_kg_m / 7850 * 1e6,derived_from_same_source_geometry,same_row_verified_source_geometry,Aeff = A when no effective area is tabulated,existing_table_value,Iy_mm4,,existing_table_value,Iz_mm4,,derived_from_same_source_geometry,same_row_verified_source_geometry,,existing_table_value,It_mm4,,existing_table_value,Iw_mm6,,existing_table_value,Wel_y_mm3,,existing_table_value,Wpl_y_mm3,,derived_from_same_source_geometry,same_row_verified_source_geometry,"Weff,y = Wel,y when no effective strong-axis value is tabulated",derived_from_same_source_geometry,same_row_verified_source_geometry,"Wel,z = Iz / (b / 2)",derived_from_same_source_geometry,same_row_verified_source_geometry,"Wpl,z = b^2*tf/2 + tw^2*(h - 2tf)/4",derived_from_same_source_geometry,same_row_verified_source_geometry,"Weff,z = Wel,z when no effective weak-axis value is tabulated",existing_table_value,Avz_mm2,,derived_from_same_source_geometry,same_row_verified_source_geometry,"Av,y = A - tw*(h - 2tf)"
UPE,UPE 300,channel,ArcelorMittal Sections and Merchant Bars Sales Programme,V2026-1,https://sections.arcelormittal.com/repo/Sections/Sections%20and%20Merchant%20Bars-ArcelorMittal_V2026-1.xlsx,verified_published_table,true,300,100,9.5,15,15,15,,44.4,5656.050955,5656.050955,78200000,5380000,,315000,72700000000,522000,613000,522000,107600,81091.875,107600,3030,3091.050955,existing_table_value,h_mm,,existing_table_value,b_mm,,existing_table_value,tw_mm,,existing_table_value,tf_mm,,existing_table_value,tf_mm,,existing_table_value,r_mm,,derived_from_same_source_geometry,same_row_verified_source_geometry,,existing_table_value,mass_kg_m,,derived_from_same_source_geometry,same_row_verified_source_geometry,A = mass_kg_m / 7850 * 1e6,derived_from_same_source_geometry,same_row_verified_source_geometry,Aeff = A when no effective area is tabulated,existing_table_value,Iy_mm4,,existing_table_value,Iz_mm4,,derived_from_same_source_geometry,same_row_verified_source_geometry,,existing_table_value,It_mm4,,existing_table_value,Iw_mm6,,existing_table_value,Wel_y_mm3,,existing_table_value,Wpl_y_mm3,,derived_from_same_source_geometry,same_row_verified_source_geometry,"Weff,y = Wel,y when no effective strong-axis value is tabulated",derived_from_same_source_geometry,same_row_verified_source_geometry,"Wel,z = Iz / (b / 2)",derived_from_same_source_geometry,same_row_verified_source_geometry,"Wpl,z = b^2*tf/2 + tw^2*(h - 2tf)/4",derived_from_same_source_geometry,same_row_verified_source_geometry,"Weff,z = Wel,z when no effective weak-axis value is tabulated",existing_table_value,Avz_mm2,,derived_from_same_source_geometry,same_row_verified_source_geometry,"Av,y = A - tw*(h - 2tf)"
UPE,UPE 330,channel,ArcelorMittal Sections and Merchant Bars Sales Programme,V2026-1,https://sections.arcelormittal.com/repo/Sections/Sections%20and%20Merchant%20Bars-ArcelorMittal_V2026-1.xlsx,verified_published_table,true,330,105,11,16,16,18,,53.2,6777.070064,6777.070064,110100000,6810000,,452000,112000000000,667000,792000,667000,129714.285714,97214.5,129714.285714,3880,3499.070064,existing_table_value,h_mm,,existing_table_value,b_mm,,existing_table_value,tw_mm,,existing_table_value,tf_mm,,existing_table_value,tf_mm,,existing_table_value,r_mm,,derived_from_same_source_geometry,same_row_verified_source_geometry,,existing_table_value,mass_kg_m,,derived_from_same_source_geometry,same_row_verified_source_geometry,A = mass_kg_m / 7850 * 1e6,derived_from_same_source_geometry,same_row_verified_source_geometry,Aeff = A when no effective area is tabulated,existing_table_value,Iy_mm4,,existing_table_value,Iz_mm4,,derived_from_same_source_geometry,same_row_verified_source_geometry,,existing_table_value,It_mm4,,existing_table_value,Iw_mm6,,existing_table_value,Wel_y_mm3,,existing_table_value,Wpl_y_mm3,,derived_from_same_source_geometry,same_row_verified_source_geometry,"Weff,y = Wel,y when no effective strong-axis value is tabulated",derived_from_same_source_geometry,same_row_verified_source_geometry,"Wel,z = Iz / (b / 2)",derived_from_same_source_geometry,same_row_verified_source_geometry,"Wpl,z = b^2*tf/2 + tw^2*(h - 2tf)/4",derived_from_same_source_geometry,same_row_verified_source_geometry,"Weff,z = Wel,z when no effective weak-axis value is tabulated",existing_table_value,Avz_mm2,,derived_from_same_source_geometry,same_row_verified_source_geometry,"Av,y = A - tw*(h - 2tf)"
UPE,UPE 360,channel,ArcelorMittal Sections and Merchant Bars Sales Programme,V2026-1,https://sections.arcelormittal.com/repo/Sections/Sections%20and%20Merchant%20Bars-ArcelorMittal_V2026-1.xlsx,verified_published_table,true,360,110,12,17,17,18,,61.2,7796.178344,7796.178344,148300000,8440000,,585000,166000000000,824000,982000,824000,153454.545455,114586,153454.545455,4560,3884.178344,existing_table_value,h_mm,,existing_table_value,b_mm,,existing_table_value,tw_mm,,existing_table_value,tf_mm,,existing_table_value,tf_mm,,existing_table_value,r_mm,,derived_from_same_source_geometry,same_row_verified_source_geometry,,existing_table_value,mass_kg_m,,derived_from_same_source_geometry,same_row_verified_source_geometry,A = mass_kg_m / 7850 * 1e6,derived_from_same_source_geometry,same_row_verified_source_geometry,Aeff = A when no effective area is tabulated,existing_table_value,Iy_mm4,,existing_table_value,Iz_mm4,,derived_from_same_source_geometry,same_row_verified_source_geometry,,existing_table_value,It_mm4,,existing_table_value,Iw_mm6,,existing_table_value,Wel_y_mm3,,existing_table_value,Wpl_y_mm3,,derived_from_same_source_geometry,same_row_verified_source_geometry,"Weff,y = Wel,y when no effective strong-axis value is tabulated",derived_from_same_source_geometry,same_row_verified_source_geometry,"Wel,z = Iz / (b / 2)",derived_from_same_source_geometry,same_row_verified_source_geometry,"Wpl,z = b^2*tf/2 + tw^2*(h - 2tf)/4",derived_from_same_source_geometry,same_row_verified_source_geometry,"Weff,z = Wel,z when no effective weak-axis value is tabulated",existing_table_value,Avz_mm2,,derived_from_same_source_geometry,same_row_verified_source_geometry,"Av,y = A - tw*(h - 2tf)"
UPE,UPE 400,channel,ArcelorMittal Sections and Merchant Bars Sales Programme,V2026-1,https://sections.arcelormittal.com/repo/Sections/Sections%20and%20Merchant%20Bars-ArcelorMittal_V2026-1.xlsx,verified_published_table,true,400,115,13.5,18,18,18,,72.2,9197.452229,9197.452229,209800000,10450000,,791000,259000000000,1050000,1260000,1050000,181739.130435,135609.75,181739.130435,5620,4283.452229,existing_table_value,h_mm,,existing_table_value,b_mm,,existing_table_value,tw_mm,,existing_table_value,tf_mm,,existing_table_value,tf_mm,,existing_table_value,r_mm,,derived_from_same_source_geometry,same_row_verified_source_geometry,,existing_table_value,mass_kg_m,,derived_from_same_source_geometry,same_row_verified_source_geometry,A = mass_kg_m / 7850 * 1e6,derived_from_same_source_geometry,same_row_verified_source_geometry,Aeff = A when no effective area is tabulated,existing_table_value,Iy_mm4,,existing_table_value,Iz_mm4,,derived_from_same_source_geometry,same_row_verified_source_geometry,,existing_table_value,It_mm4,,existing_table_value,Iw_mm6,,existing_table_value,Wel_y_mm3,,existing_table_value,Wpl_y_mm3,,derived_from_same_source_geometry,same_row_verified_source_geometry,"Weff,y = Wel,y when no effective strong-axis value is tabulated",derived_from_same_source_geometry,same_row_verified_source_geometry,"Wel,z = Iz / (b / 2)",derived_from_same_source_geometry,same_row_verified_source_geometry,"Wpl,z = b^2*tf/2 + tw^2*(h - 2tf)/4",derived_from_same_source_geometry,same_row_verified_source_geometry,"Weff,z = Wel,z when no effective weak-axis value is tabulated",existing_table_value,Avz_mm2,,derived_from_same_source_geometry,same_row_verified_source_geometry,"Av,y = A - tw*(h - 2tf)"
UPN,UPN 50,channel,ArcelorMittal Sections and Merchant Bars Sales Programme,V2026-1,https://sections.arcelormittal.com/repo/Sections/Sections%20and%20Merchant%20Bars-ArcelorMittal_V2026-1.xlsx,verified_published_table,true,50,38,5,7,7,7,3.5,5.6,713.375796,713.375796,264000,91200,,11200,30000000,10600,13100,10600,4800,5279,4800,277,533.375796,existing_table_value,h_mm,,existing_table_value,b_mm,,existing_table_value,tw_mm,,existing_table_value,tf_mm,,existing_table_value,tf_mm,,existing_table_value,r_mm,,existing_table_value,r2_mm,,existing_table_value,mass_kg_m,,derived_from_same_source_geometry,same_row_verified_source_geometry,A = mass_kg_m / 7850 * 1e6,derived_from_same_source_geometry,same_row_verified_source_geometry,Aeff = A when no effective area is tabulated,existing_table_value,Iy_mm4,,existing_table_value,Iz_mm4,,derived_from_same_source_geometry,same_row_verified_source_geometry,,existing_table_value,It_mm4,,existing_table_value,Iw_mm6,,existing_table_value,Wel_y_mm3,,existing_table_value,Wpl_y_mm3,,derived_from_same_source_geometry,same_row_verified_source_geometry,"Weff,y = Wel,y when no effective strong-axis value is tabulated",derived_from_same_source_geometry,same_row_verified_source_geometry,"Wel,z = Iz / (b / 2)",derived_from_same_source_geometry,same_row_verified_source_geometry,"Wpl,z = b^2*tf/2 + tw^2*(h - 2tf)/4",derived_from_same_source_geometry,same_row_verified_source_geometry,"Weff,z = Wel,z when no effective weak-axis value is tabulated",existing_table_value,Avz_mm2,,derived_from_same_source_geometry,same_row_verified_source_geometry,"Av,y = A - tw*(h - 2tf)"
UPN,UPN 65,channel,ArcelorMittal Sections and Merchant Bars Sales Programme,V2026-1,https://sections.arcelormittal.com/repo/Sections/Sections%20and%20Merchant%20Bars-ArcelorMittal_V2026-1.xlsx,verified_published_table,true,65,42,5.5,7.5,7.5,7.5,4,7.1,904.458599,904.458599,575000,141000,,16100,80000000,17700,21700,17700,6714.285714,6993.125,6714.285714,368,629.458599,existing_table_value,h_mm,,existing_table_value,b_mm,,existing_table_value,tw_mm,,existing_table_value,tf_mm,,existing_table_value,tf_mm,,existing_table_value,r_mm,,existing_table_value,r2_mm,,existing_table_value,mass_kg_m,,derived_from_same_source_geometry,same_row_verified_source_geometry,A = mass_kg_m / 7850 * 1e6,derived_from_same_source_geometry,same_row_verified_source_geometry,Aeff = A when no effective area is tabulated,existing_table_value,Iy_mm4,,existing_table_value,Iz_mm4,,derived_from_same_source_geometry,same_row_verified_source_geometry,,existing_table_value,It_mm4,,existing_table_value,Iw_mm6,,existing_table_value,Wel_y_mm3,,existing_table_value,Wpl_y_mm3,,derived_from_same_source_geometry,same_row_verified_source_geometry,"Weff,y = Wel,y when no effective strong-axis value is tabulated",derived_from_same_source_geometry,same_row_verified_source_geometry,"Wel,z = Iz / (b / 2)",derived_from_same_source_geometry,same_row_verified_source_geometry,"Wpl,z = b^2*tf/2 + tw^2*(h - 2tf)/4",derived_from_same_source_geometry,same_row_verified_source_geometry,"Weff,z = Wel,z when no effective weak-axis value is tabulated",existing_table_value,Avz_mm2,,derived_from_same_source_geometry,same_row_verified_source_geometry,"Av,y = A - tw*(h - 2tf)"
UPN,UPN 80,channel,ArcelorMittal Sections and Merchant Bars Sales Programme,V2026-1,https://sections.arcelormittal.com/repo/Sections/Sections%20and%20Merchant%20Bars-ArcelorMittal_V2026-1.xlsx,verified_published_table,true,80,45,6,8,8,8,4,8.6,1095.541401,1095.541401,1060000,194000,,22000,180000000,26500,32300,26500,8622.222222,8676,8622.222222,490,711.541401,existing_table_value,h_mm,,existing_table_value,b_mm,,existing_table_value,tw_mm,,existing_table_value,tf_mm,,existing_table_value,tf_mm,,existing_table_value,r_mm,,existing_table_value,r2_mm,,existing_table_value,mass_kg_m,,derived_from_same_source_geometry,same_row_verified_source_geometry,A = mass_kg_m / 7850 * 1e6,derived_from_same_source_geometry,same_row_verified_source_geometry,Aeff = A when no effective area is tabulated,existing_table_value,Iy_mm4,,existing_table_value,Iz_mm4,,derived_from_same_source_geometry,same_row_verified_source_geometry,,existing_table_value,It_mm4,,existing_table_value,Iw_mm6,,existing_table_value,Wel_y_mm3,,existing_table_value,Wpl_y_mm3,,derived_from_same_source_geometry,same_row_verified_source_geometry,"Weff,y = Wel,y when no effective strong-axis value is tabulated",derived_from_same_source_geometry,same_row_verified_source_geometry,"Wel,z = Iz / (b / 2)",derived_from_same_source_geometry,same_row_verified_source_geometry,"Wpl,z = b^2*tf/2 + tw^2*(h - 2tf)/4",derived_from_same_source_geometry,same_row_verified_source_geometry,"Weff,z = Wel,z when no effective weak-axis value is tabulated",existing_table_value,Avz_mm2,,derived_from_same_source_geometry,same_row_verified_source_geometry,"Av,y = A - tw*(h - 2tf)"
UPN,UPN 100,channel,ArcelorMittal Sections and Merchant Bars Sales Programme,V2026-1,https://sections.arcelormittal.com/repo/Sections/Sections%20and%20Merchant%20Bars-ArcelorMittal_V2026-1.xlsx,verified_published_table,true,100,50,6,8.5,8.5,8.5,4.5,10.6,1350.318471,1350.318471,2060000,293000,,28100,410000000,41200,49000,41200,11720,11372,11720,646,852.318471,existing_table_value,h_mm,,existing_table_value,b_mm,,existing_table_value,tw_mm,,existing_table_value,tf_mm,,existing_table_value,tf_mm,,existing_table_value,r_mm,,existing_table_value,r2_mm,,existing_table_value,mass_kg_m,,derived_from_same_source_geometry,same_row_verified_source_geometry,A = mass_kg_m / 7850 * 1e6,derived_from_same_source_geometry,same_row_verified_source_geometry,Aeff = A when no effective area is tabulated,existing_table_value,Iy_mm4,,existing_table_value,Iz_mm4,,derived_from_same_source_geometry,same_row_verified_source_geometry,,existing_table_value,It_mm4,,existing_table_value,Iw_mm6,,existing_table_value,Wel_y_mm3,,existing_table_value,Wpl_y_mm3,,derived_from_same_source_geometry,same_row_verified_source_geometry,"Weff,y = Wel,y when no effective strong-axis value is tabulated",derived_from_same_source_geometry,same_row_verified_source_geometry,"Wel,z = Iz / (b / 2)",derived_from_same_source_geometry,same_row_verified_source_geometry,"Wpl,z = b^2*tf/2 + tw^2*(h - 2tf)/4",derived_from_same_source_geometry,same_row_verified_source_geometry,"Weff,z = Wel,z when no effective weak-axis value is tabulated",existing_table_value,Avz_mm2,,derived_from_same_source_geometry,same_row_verified_source_geometry,"Av,y = A - tw*(h - 2tf)"
UPN,UPN 120,channel,ArcelorMittal Sections and Merchant Bars Sales Programme,V2026-1,https://sections.arcelormittal.com/repo/Sections/Sections%20and%20Merchant%20Bars-ArcelorMittal_V2026-1.xlsx,verified_published_table,true,120,55,7,9,9,9,4.5,13.4,1707.006369,1707.006369,3640000,432000,,41500,900000000,60700,72600,60700,15709.090909,14862,15709.090909,880,993.006369,existing_table_value,h_mm,,existing_table_value,b_mm,,existing_table_value,tw_mm,,existing_table_value,tf_mm,,existing_table_value,tf_mm,,existing_table_value,r_mm,,existing_table_value,r2_mm,,existing_table_value,mass_kg_m,,derived_from_same_source_geometry,same_row_verified_source_geometry,A = mass_kg_m / 7850 * 1e6,derived_from_same_source_geometry,same_row_verified_source_geometry,Aeff = A when no effective area is tabulated,existing_table_value,Iy_mm4,,existing_table_value,Iz_mm4,,derived_from_same_source_geometry,same_row_verified_source_geometry,,existing_table_value,It_mm4,,existing_table_value,Iw_mm6,,existing_table_value,Wel_y_mm3,,existing_table_value,Wpl_y_mm3,,derived_from_same_source_geometry,same_row_verified_source_geometry,"Weff,y = Wel,y when no effective strong-axis value is tabulated",derived_from_same_source_geometry,same_row_verified_source_geometry,"Wel,z = Iz / (b / 2)",derived_from_same_source_geometry,same_row_verified_source_geometry,"Wpl,z = b^2*tf/2 + tw^2*(h - 2tf)/4",derived_from_same_source_geometry,same_row_verified_source_geometry,"Weff,z = Wel,z when no effective weak-axis value is tabulated",existing_table_value,Avz_mm2,,derived_from_same_source_geometry,same_row_verified_source_geometry,"Av,y = A - tw*(h - 2tf)"
UPN,UPN 140,channel,ArcelorMittal Sections and Merchant Bars Sales Programme,V2026-1,https://sections.arcelormittal.com/repo/Sections/Sections%20and%20Merchant%20Bars-ArcelorMittal_V2026-1.xlsx,verified_published_table,true,140,60,7,10,10,10,5,16,2038.216561,2038.216561,6050000,627000,,56800,1800000000,86400,103000,86400,20900,19470,20900,1040,1198.216561,existing_table_value,h_mm,,existing_table_value,b_mm,,existing_table_value,tw_mm,,existing_table_value,tf_mm,,existing_table_value,tf_mm,,existing_table_value,r_mm,,existing_table_value,r2_mm,,existing_table_value,mass_kg_m,,derived_from_same_source_geometry,same_row_verified_source_geometry,A = mass_kg_m / 7850 * 1e6,derived_from_same_source_geometry,same_row_verified_source_geometry,Aeff = A when no effective area is tabulated,existing_table_value,Iy_mm4,,existing_table_value,Iz_mm4,,derived_from_same_source_geometry,same_row_verified_source_geometry,,existing_table_value,It_mm4,,existing_table_value,Iw_mm6,,existing_table_value,Wel_y_mm3,,existing_table_value,Wpl_y_mm3,,derived_from_same_source_geometry,same_row_verified_source_geometry,"Weff,y = Wel,y when no effective strong-axis value is tabulated",derived_from_same_source_geometry,same_row_verified_source_geometry,"Wel,z = Iz / (b / 2)",derived_from_same_source_geometry,same_row_verified_source_geometry,"Wpl,z = b^2*tf/2 + tw^2*(h - 2tf)/4",derived_from_same_source_geometry,same_row_verified_source_geometry,"Weff,z = Wel,z when no effective weak-axis value is tabulated",existing_table_value,Avz_mm2,,derived_from_same_source_geometry,same_row_verified_source_geometry,"Av,y = A - tw*(h - 2tf)"
UPN,UPN 160,channel,ArcelorMittal Sections and Merchant Bars Sales Programme,V2026-1,https://sections.arcelormittal.com/repo/Sections/Sections%20and%20Merchant%20Bars-ArcelorMittal_V2026-1.xlsx,verified_published_table,true,160,65,7.5,10.5,10.5,10.5,5.5,18.8,2394.904459,2394.904459,9250000,853000,,73900,3260000000,116000,138000,116000,26246.153846,24135.9375,26246.153846,1260,1352.404459,existing_table_value,h_mm,,existing_table_value,b_mm,,existing_table_value,tw_mm,,existing_table_value,tf_mm,,existing_table_value,tf_mm,,existing_table_value,r_mm,,existing_table_value,r2_mm,,existing_table_value,mass_kg_m,,derived_from_same_source_geometry,same_row_verified_source_geometry,A = mass_kg_m / 7850 * 1e6,derived_from_same_source_geometry,same_row_verified_source_geometry,Aeff = A when no effective area is tabulated,existing_table_value,Iy_mm4,,existing_table_value,Iz_mm4,,derived_from_same_source_geometry,same_row_verified_source_geometry,,existing_table_value,It_mm4,,existing_table_value,Iw_mm6,,existing_table_value,Wel_y_mm3,,existing_table_value,Wpl_y_mm3,,derived_from_same_source_geometry,same_row_verified_source_geometry,"Weff,y = Wel,y when no effective strong-axis value is tabulated",derived_from_same_source_geometry,same_row_verified_source_geometry,"Wel,z = Iz / (b / 2)",derived_from_same_source_geometry,same_row_verified_source_geometry,"Wpl,z = b^2*tf/2 + tw^2*(h - 2tf)/4",derived_from_same_source_geometry,same_row_verified_source_geometry,"Weff,z = Wel,z when no effective weak-axis value is tabulated",existing_table_value,Avz_mm2,,derived_from_same_source_geometry,same_row_verified_source_geometry,"Av,y = A - tw*(h - 2tf)"
UPN,UPN 180,channel,ArcelorMittal Sections and Merchant Bars Sales Programme,V2026-1,https://sections.arcelormittal.com/repo/Sections/Sections%20and%20Merchant%20Bars-ArcelorMittal_V2026-1.xlsx,verified_published_table,true,180,70,8,11,11,11,5.5,22,2802.547771,2802.547771,13500000,1140000,,95500,5570000000,150000,179000,150000,32571.428571,29478,32571.428571,1510,1538.547771,existing_table_value,h_mm,,existing_table_value,b_mm,,existing_table_value,tw_mm,,existing_table_value,tf_mm,,existing_table_value,tf_mm,,existing_table_value,r_mm,,existing_table_value,r2_mm,,existing_table_value,mass_kg_m,,derived_from_same_source_geometry,same_row_verified_source_geometry,A = mass_kg_m / 7850 * 1e6,derived_from_same_source_geometry,same_row_verified_source_geometry,Aeff = A when no effective area is tabulated,existing_table_value,Iy_mm4,,existing_table_value,Iz_mm4,,derived_from_same_source_geometry,same_row_verified_source_geometry,,existing_table_value,It_mm4,,existing_table_value,Iw_mm6,,existing_table_value,Wel_y_mm3,,existing_table_value,Wpl_y_mm3,,derived_from_same_source_geometry,same_row_verified_source_geometry,"Weff,y = Wel,y when no effective strong-axis value is tabulated",derived_from_same_source_geometry,same_row_verified_source_geometry,"Wel,z = Iz / (b / 2)",derived_from_same_source_geometry,same_row_verified_source_geometry,"Wpl,z = b^2*tf/2 + tw^2*(h - 2tf)/4",derived_from_same_source_geometry,same_row_verified_source_geometry,"Weff,z = Wel,z when no effective weak-axis value is tabulated",existing_table_value,Avz_mm2,,derived_from_same_source_geometry,same_row_verified_source_geometry,"Av,y = A - tw*(h - 2tf)"
UPN,UPN 200,channel,ArcelorMittal Sections and Merchant Bars Sales Programme,V2026-1,https://sections.arcelormittal.com/repo/Sections/Sections%20and%20Merchant%20Bars-ArcelorMittal_V2026-1.xlsx,verified_published_table,true,200,75,8.5,11.5,11.5,11.5,6,25.3,3222.929936,3222.929936,19100000,1480000,,119000,9070000000,191000,228000,191000,39466.666667,35540.8125,39466.666667,1770,1718.429936,existing_table_value,h_mm,,existing_table_value,b_mm,,existing_table_value,tw_mm,,existing_table_value,tf_mm,,existing_table_value,tf_mm,,existing_table_value,r_mm,,existing_table_value,r2_mm,,existing_table_value,mass_kg_m,,derived_from_same_source_geometry,same_row_verified_source_geometry,A = mass_kg_m / 7850 * 1e6,derived_from_same_source_geometry,same_row_verified_source_geometry,Aeff = A when no effective area is tabulated,existing_table_value,Iy_mm4,,existing_table_value,Iz_mm4,,derived_from_same_source_geometry,same_row_verified_source_geometry,,existing_table_value,It_mm4,,existing_table_value,Iw_mm6,,existing_table_value,Wel_y_mm3,,existing_table_value,Wpl_y_mm3,,derived_from_same_source_geometry,same_row_verified_source_geometry,"Weff,y = Wel,y when no effective strong-axis value is tabulated",derived_from_same_source_geometry,same_row_verified_source_geometry,"Wel,z = Iz / (b / 2)",derived_from_same_source_geometry,same_row_verified_source_geometry,"Wpl,z = b^2*tf/2 + tw^2*(h - 2tf)/4",derived_from_same_source_geometry,same_row_verified_source_geometry,"Weff,z = Wel,z when no effective weak-axis value is tabulated",existing_table_value,Avz_mm2,,derived_from_same_source_geometry,same_row_verified_source_geometry,"Av,y = A - tw*(h - 2tf)"
UPN,UPN 220,channel,ArcelorMittal Sections and Merchant Bars Sales Programme,V2026-1,https://sections.arcelormittal.com/repo/Sections/Sections%20and%20Merchant%20Bars-ArcelorMittal_V2026-1.xlsx,verified_published_table,true,220,80,9,12.5,12.5,12.5,6.5,29.4,3745.22293,3745.22293,26900000,1970000,,160000,14600000000,245000,292000,245000,49250,43948.75,49250,2060,1990.22293,existing_table_value,h_mm,,existing_table_value,b_mm,,existing_table_value,tw_mm,,existing_table_value,tf_mm,,existing_table_value,tf_mm,,existing_table_value,r_mm,,existing_table_value,r2_mm,,existing_table_value,mass_kg_m,,derived_from_same_source_geometry,same_row_verified_source_geometry,A = mass_kg_m / 7850 * 1e6,derived_from_same_source_geometry,same_row_verified_source_geometry,Aeff = A when no effective area is tabulated,existing_table_value,Iy_mm4,,existing_table_value,Iz_mm4,,derived_from_same_source_geometry,same_row_verified_source_geometry,,existing_table_value,It_mm4,,existing_table_value,Iw_mm6,,existing_table_value,Wel_y_mm3,,existing_table_value,Wpl_y_mm3,,derived_from_same_source_geometry,same_row_verified_source_geometry,"Weff,y = Wel,y when no effective strong-axis value is tabulated",derived_from_same_source_geometry,same_row_verified_source_geometry,"Wel,z = Iz / (b / 2)",derived_from_same_source_geometry,same_row_verified_source_geometry,"Wpl,z = b^2*tf/2 + tw^2*(h - 2tf)/4",derived_from_same_source_geometry,same_row_verified_source_geometry,"Weff,z = Wel,z when no effective weak-axis value is tabulated",existing_table_value,Avz_mm2,,derived_from_same_source_geometry,same_row_verified_source_geometry,"Av,y = A - tw*(h - 2tf)"
UPN,UPN 240,channel,ArcelorMittal Sections and Merchant Bars Sales Programme,V2026-1,https://sections.arcelormittal.com/repo/Sections/Sections%20and%20Merchant%20Bars-ArcelorMittal_V2026-1.xlsx,verified_published_table,true,240,85,9.5,13,13,13,6.5,33.2,4229.299363,4229.299363,36000000,2480000,,197000,22100000000,300000,358000,300000,58352.941176,51790.875,58352.941176,2370,2196.299363,existing_table_value,h_mm,,existing_table_value,b_mm,,existing_table_value,tw_mm,,existing_table_value,tf_mm,,existing_table_value,tf_mm,,existing_table_value,r_mm,,existing_table_value,r2_mm,,existing_table_value,mass_kg_m,,derived_from_same_source_geometry,same_row_verified_source_geometry,A = mass_kg_m / 7850 * 1e6,derived_from_same_source_geometry,same_row_verified_source_geometry,Aeff = A when no effective area is tabulated,existing_table_value,Iy_mm4,,existing_table_value,Iz_mm4,,derived_from_same_source_geometry,same_row_verified_source_geometry,,existing_table_value,It_mm4,,existing_table_value,Iw_mm6,,existing_table_value,Wel_y_mm3,,existing_table_value,Wpl_y_mm3,,derived_from_same_source_geometry,same_row_verified_source_geometry,"Weff,y = Wel,y when no effective strong-axis value is tabulated",derived_from_same_source_geometry,same_row_verified_source_geometry,"Wel,z = Iz / (b / 2)",derived_from_same_source_geometry,same_row_verified_source_geometry,"Wpl,z = b^2*tf/2 + tw^2*(h - 2tf)/4",derived_from_same_source_geometry,same_row_verified_source_geometry,"Weff,z = Wel,z when no effective weak-axis value is tabulated",existing_table_value,Avz_mm2,,derived_from_same_source_geometry,same_row_verified_source_geometry,"Av,y = A - tw*(h - 2tf)"
UPN,UPN 260,channel,ArcelorMittal Sections and Merchant Bars Sales Programme,V2026-1,https://sections.arcelormittal.com/repo/Sections/Sections%20and%20Merchant%20Bars-ArcelorMittal_V2026-1.xlsx,verified_published_table,true,260,90,10,14,14,14,7,37.9,4828.025478,4828.025478,48200000,3170000,,255000,33300000000,371000,442000,371000,70444.444444,62500,70444.444444,2710,2508.025478,existing_table_value,h_mm,,existing_table_value,b_mm,,existing_table_value,tw_mm,,existing_table_value,tf_mm,,existing_table_value,tf_mm,,existing_table_value,r_mm,,existing_table_value,r2_mm,,existing_table_value,mass_kg_m,,derived_from_same_source_geometry,same_row_verified_source_geometry,A = mass_kg_m / 7850 * 1e6,derived_from_same_source_geometry,same_row_verified_source_geometry,Aeff = A when no effective area is tabulated,existing_table_value,Iy_mm4,,existing_table_value,Iz_mm4,,derived_from_same_source_geometry,same_row_verified_source_geometry,,existing_table_value,It_mm4,,existing_table_value,Iw_mm6,,existing_table_value,Wel_y_mm3,,existing_table_value,Wpl_y_mm3,,derived_from_same_source_geometry,same_row_verified_source_geometry,"Weff,y = Wel,y when no effective strong-axis value is tabulated",derived_from_same_source_geometry,same_row_verified_source_geometry,"Wel,z = Iz / (b / 2)",derived_from_same_source_geometry,same_row_verified_source_geometry,"Wpl,z = b^2*tf/2 + tw^2*(h - 2tf)/4",derived_from_same_source_geometry,same_row_verified_source_geometry,"Weff,z = Wel,z when no effective weak-axis value is tabulated",existing_table_value,Avz_mm2,,derived_from_same_source_geometry,same_row_verified_source_geometry,"Av,y = A - tw*(h - 2tf)"
UPN,UPN 280,channel,ArcelorMittal Sections and Merchant Bars Sales Programme,V2026-1,https://sections.arcelormittal.com/repo/Sections/Sections%20and%20Merchant%20Bars-ArcelorMittal_V2026-1.xlsx,verified_published_table,true,280,95,10,15,15,15,7.5,41.8,5324.840764,5324.840764,62800000,3990000,,310000,48500000000,448000,532000,448000,84000,73937.5,84000,2930,2824.840764,existing_table_value,h_mm,,existing_table_value,b_mm,,existing_table_value,tw_mm,,existing_table_value,tf_mm,,existing_table_value,tf_mm,,existing_table_value,r_mm,,existing_table_value,r2_mm,,existing_table_value,mass_kg_m,,derived_from_same_source_geometry,same_row_verified_source_geometry,A = mass_kg_m / 7850 * 1e6,derived_from_same_source_geometry,same_row_verified_source_geometry,Aeff = A when no effective area is tabulated,existing_table_value,Iy_mm4,,existing_table_value,Iz_mm4,,derived_from_same_source_geometry,same_row_verified_source_geometry,,existing_table_value,It_mm4,,existing_table_value,Iw_mm6,,existing_table_value,Wel_y_mm3,,existing_table_value,Wpl_y_mm3,,derived_from_same_source_geometry,same_row_verified_source_geometry,"Weff,y = Wel,y when no effective strong-axis value is tabulated",derived_from_same_source_geometry,same_row_verified_source_geometry,"Wel,z = Iz / (b / 2)",derived_from_same_source_geometry,same_row_verified_source_geometry,"Wpl,z = b^2*tf/2 + tw^2*(h - 2tf)/4",derived_from_same_source_geometry,same_row_verified_source_geometry,"Weff,z = Wel,z when no effective weak-axis value is tabulated",existing_table_value,Avz_mm2,,derived_from_same_source_geometry,same_row_verified_source_geometry,"Av,y = A - tw*(h - 2tf)"
UPN,UPN 300,channel,ArcelorMittal Sections and Merchant Bars Sales Programme,V2026-1,https://sections.arcelormittal.com/repo/Sections/Sections%20and%20Merchant%20Bars-ArcelorMittal_V2026-1.xlsx,verified_published_table,true,300,100,10,16,16,16,8,46.2,5885.350318,5885.350318,80300000,4950000,,374000,69100000000,535000,632000,535000,99000,86700,99000,3180,3205.350318,existing_table_value,h_mm,,existing_table_value,b_mm,,existing_table_value,tw_mm,,existing_table_value,tf_mm,,existing_table_value,tf_mm,,existing_table_value,r_mm,,existing_table_value,r2_mm,,existing_table_value,mass_kg_m,,derived_from_same_source_geometry,same_row_verified_source_geometry,A = mass_kg_m / 7850 * 1e6,derived_from_same_source_geometry,same_row_verified_source_geometry,Aeff = A when no effective area is tabulated,existing_table_value,Iy_mm4,,existing_table_value,Iz_mm4,,derived_from_same_source_geometry,same_row_verified_source_geometry,,existing_table_value,It_mm4,,existing_table_value,Iw_mm6,,existing_table_value,Wel_y_mm3,,existing_table_value,Wpl_y_mm3,,derived_from_same_source_geometry,same_row_verified_source_geometry,"Weff,y = Wel,y when no effective strong-axis value is tabulated",derived_from_same_source_geometry,same_row_verified_source_geometry,"Wel,z = Iz / (b / 2)",derived_from_same_source_geometry,same_row_verified_source_geometry,"Wpl,z = b^2*tf/2 + tw^2*(h - 2tf)/4",derived_from_same_source_geometry,same_row_verified_source_geometry,"Weff,z = Wel,z when no effective weak-axis value is tabulated",existing_table_value,Avz_mm2,,derived_from_same_source_geometry,same_row_verified_source_geometry,"Av,y = A - tw*(h - 2tf)"
UPN,UPN 320,channel,ArcelorMittal Sections and Merchant Bars Sales Programme,V2026-1,https://sections.arcelormittal.com/repo/Sections/Sections%20and%20Merchant%20Bars-ArcelorMittal_V2026-1.xlsx,verified_published_table,true,320,100,14,17.5,17.5,17.5,8.8,59.5,7579.617834,7579.617834,108700000,5970000,,667000,96100000000,679000,826000,679000,119400,101465,119400,4710,3589.617834,existing_table_value,h_mm,,existing_table_value,b_mm,,existing_table_value,tw_mm,,existing_table_value,tf_mm,,existing_table_value,tf_mm,,existing_table_value,r_mm,,existing_table_value,r2_mm,,existing_table_value,mass_kg_m,,derived_from_same_source_geometry,same_row_verified_source_geometry,A = mass_kg_m / 7850 * 1e6,derived_from_same_source_geometry,same_row_verified_source_geometry,Aeff = A when no effective area is tabulated,existing_table_value,Iy_mm4,,existing_table_value,Iz_mm4,,derived_from_same_source_geometry,same_row_verified_source_geometry,,existing_table_value,It_mm4,,existing_table_value,Iw_mm6,,existing_table_value,Wel_y_mm3,,existing_table_value,Wpl_y_mm3,,derived_from_same_source_geometry,same_row_verified_source_geometry,"Weff,y = Wel,y when no effective strong-axis value is tabulated",derived_from_same_source_geometry,same_row_verified_source_geometry,"Wel,z = Iz / (b / 2)",derived_from_same_source_geometry,same_row_verified_source_geometry,"Wpl,z = b^2*tf/2 + tw^2*(h - 2tf)/4",derived_from_same_source_geometry,same_row_verified_source_geometry,"Weff,z = Wel,z when no effective weak-axis value is tabulated",existing_table_value,Avz_mm2,,derived_from_same_source_geometry,same_row_verified_source_geometry,"Av,y = A - tw*(h - 2tf)"
UPN,UPN 350,channel,ArcelorMittal Sections and Merchant Bars Sales Programme,V2026-1,https://sections.arcelormittal.com/repo/Sections/Sections%20and%20Merchant%20Bars-ArcelorMittal_V2026-1.xlsx,verified_published_table,true,350,100,14,16,16,16,8,60.6,7719.745223,7719.745223,128400000,5700000,,612000,114000000000,734000,918000,734000,114000,95582,114000,5080,3267.745223,existing_table_value,h_mm,,existing_table_value,b_mm,,existing_table_value,tw_mm,,existing_table_value,tf_mm,,existing_table_value,tf_mm,,existing_table_value,r_mm,,existing_table_value,r2_mm,,existing_table_value,mass_kg_m,,derived_from_same_source_geometry,same_row_verified_source_geometry,A = mass_kg_m / 7850 * 1e6,derived_from_same_source_geometry,same_row_verified_source_geometry,Aeff = A when no effective area is tabulated,existing_table_value,Iy_mm4,,existing_table_value,Iz_mm4,,derived_from_same_source_geometry,same_row_verified_source_geometry,,existing_table_value,It_mm4,,existing_table_value,Iw_mm6,,existing_table_value,Wel_y_mm3,,existing_table_value,Wpl_y_mm3,,derived_from_same_source_geometry,same_row_verified_source_geometry,"Weff,y = Wel,y when no effective strong-axis value is tabulated",derived_from_same_source_geometry,same_row_verified_source_geometry,"Wel,z = Iz / (b / 2)",derived_from_same_source_geometry,same_row_verified_source_geometry,"Wpl,z = b^2*tf/2 + tw^2*(h - 2tf)/4",derived_from_same_source_geometry,same_row_verified_source_geometry,"Weff,z = Wel,z when no effective weak-axis value is tabulated",existing_table_value,Avz_mm2,,derived_from_same_source_geometry,same_row_verified_source_geometry,"Av,y = A - tw*(h - 2tf)"
UPN,UPN 380,channel,ArcelorMittal Sections and Merchant Bars Sales Programme,V2026-1,https://sections.arcelormittal.com/repo/Sections/Sections%20and%20Merchant%20Bars-ArcelorMittal_V2026-1.xlsx,verified_published_table,true,380,102,13.5,16,16,16,8,63.1,8038.216561,8038.216561,157600000,6150000,,591000,146000000000,829000,1010000,829000,120588.235294,99087.75,120588.235294,5320,3340.216561,existing_table_value,h_mm,,existing_table_value,b_mm,,existing_table_value,tw_mm,,existing_table_value,tf_mm,,existing_table_value,tf_mm,,existing_table_value,r_mm,,existing_table_value,r2_mm,,existing_table_value,mass_kg_m,,derived_from_same_source_geometry,same_row_verified_source_geometry,A = mass_kg_m / 7850 * 1e6,derived_from_same_source_geometry,same_row_verified_source_geometry,Aeff = A when no effective area is tabulated,existing_table_value,Iy_mm4,,existing_table_value,Iz_mm4,,derived_from_same_source_geometry,same_row_verified_source_geometry,,existing_table_value,It_mm4,,existing_table_value,Iw_mm6,,existing_table_value,Wel_y_mm3,,existing_table_value,Wpl_y_mm3,,derived_from_same_source_geometry,same_row_verified_source_geometry,"Weff,y = Wel,y when no effective strong-axis value is tabulated",derived_from_same_source_geometry,same_row_verified_source_geometry,"Wel,z = Iz / (b / 2)",derived_from_same_source_geometry,same_row_verified_source_geometry,"Wpl,z = b^2*tf/2 + tw^2*(h - 2tf)/4",derived_from_same_source_geometry,same_row_verified_source_geometry,"Weff,z = Wel,z when no effective weak-axis value is tabulated",existing_table_value,Avz_mm2,,derived_from_same_source_geometry,same_row_verified_source_geometry,"Av,y = A - tw*(h - 2tf)"
UPN,UPN 400,channel,ArcelorMittal Sections and Merchant Bars Sales Programme,V2026-1,https://sections.arcelormittal.com/repo/Sections/Sections%20and%20Merchant%20Bars-ArcelorMittal_V2026-1.xlsx,verified_published_table,true,400,110,14,18,18,18,9,71.8,9146.496815,9146.496815,203500000,8460000,,816000,221000000000,1020000,1240000,1020000,153818.181818,126736,153818.181818,5860,4050.496815,existing_table_value,h_mm,,existing_table_value,b_mm,,existing_table_value,tw_mm,,existing_table_value,tf_mm,,existing_table_value,tf_mm,,existing_table_value,r_mm,,existing_table_value,r2_mm,,existing_table_value,mass_kg_m,,derived_from_same_source_geometry,same_row_verified_source_geometry,A = mass_kg_m / 7850 * 1e6,derived_from_same_source_geometry,same_row_verified_source_geometry,Aeff = A when no effective area is tabulated,existing_table_value,Iy_mm4,,existing_table_value,Iz_mm4,,derived_from_same_source_geometry,same_row_verified_source_geometry,,existing_table_value,It_mm4,,existing_table_value,Iw_mm6,,existing_table_value,Wel_y_mm3,,existing_table_value,Wpl_y_mm3,,derived_from_same_source_geometry,same_row_verified_source_geometry,"Weff,y = Wel,y when no effective strong-axis value is tabulated",derived_from_same_source_geometry,same_row_verified_source_geometry,"Wel,z = Iz / (b / 2)",derived_from_same_source_geometry,same_row_verified_source_geometry,"Wpl,z = b^2*tf/2 + tw^2*(h - 2tf)/4",derived_from_same_source_geometry,same_row_verified_source_geometry,"Weff,z = Wel,z when no effective weak-axis value is tabulated",existing_table_value,Avz_mm2,,derived_from_same_source_geometry,same_row_verified_source_geometry,"Av,y = A - tw*(h - 2tf)"
RHS,RHS 100x100x5,rectangular_hollow,Steel for Life Blue Book,EC3 UK National Annex data v18,https://www.steelforlifebluebook.co.uk/hfshs/ec3-ukna/section-properties-dimensions-properties/,verified_published_table_closed_section,true,100,100,,5,5,7.5,,14.7,1870,1870,2790000,2790000,4390000,4390000,0,55800,66400,55800,55800,66400,55800,935,935,existing_table_value,h_mm,,existing_table_value,b_mm,,derived_from_same_source_geometry,same_row_verified_source_geometry,,existing_table_value,t_mm,,existing_table_value,t_mm,,existing_table_value,r_mm,,derived_from_same_source_geometry,same_row_verified_source_geometry,,existing_table_value,mass_kg_m,,existing_table_value,A_mm2,,existing_table_value,Aeff_mm2,,existing_table_value,Iy_mm4,,existing_table_value,Iz_mm4,,existing_table_value,Ix_mm4,,existing_table_value,It_mm4,,existing_table_value,Iw_mm6,,existing_table_value,Wel_y_mm3,,existing_table_value,Wpl_y_mm3,,existing_table_value,Weff_y_mm3,,existing_table_value,Wel_z_mm3,,existing_table_value,Wpl_z_mm3,,existing_table_value,Weff_z_mm3,,existing_table_value,Avz_mm2,,derived_from_same_source_geometry,same_row_verified_source_geometry,"Av,y = A/2 for closed rectangular/square hollow sections"
RHS,RHS 140x140x10,rectangular_hollow,Steel for Life Blue Book,EC3 UK National Annex data v18,https://www.steelforlifebluebook.co.uk/hfshs/ec3-ukna/section-properties-dimensions-properties/,verified_published_table_closed_section,true,140,140,,10,10,15,,40,5090,5090,14160000,14200000,22720000,22700000,0,202300,246000,202300,202300,246000,202300,2545,2545,existing_table_value,h_mm,,existing_table_value,b_mm,,derived_from_same_source_geometry,same_row_verified_source_geometry,,existing_table_value,t_mm,,existing_table_value,t_mm,,existing_table_value,r_mm,,derived_from_same_source_geometry,same_row_verified_source_geometry,,existing_table_value,mass_kg_m,,existing_table_value,A_mm2,,existing_table_value,Aeff_mm2,,existing_table_value,Iy_mm4,,existing_table_value,Iz_mm4,,existing_table_value,Ix_mm4,,existing_table_value,It_mm4,,existing_table_value,Iw_mm6,,existing_table_value,Wel_y_mm3,,existing_table_value,Wpl_y_mm3,,existing_table_value,Weff_y_mm3,,existing_table_value,Wel_z_mm3,,existing_table_value,Wpl_z_mm3,,existing_table_value,Weff_z_mm3,,existing_table_value,Avz_mm2,,derived_from_same_source_geometry,same_row_verified_source_geometry,"Av,y = A/2 for closed rectangular/square hollow sections"
UB,UB 914x419x388,open_i_or_h,British Steel Universal Beams datasheet,CUBD:ENG:072024,https://www.britishsteel.co.uk/wp-content/uploads/2026/02/british-steel-universal-beams-datasheet-190724.pdf,verified_published_table,true,921,420.5,21.4,36.6,36.6,24.1,,388,49400,49400,7196350000,454380000,16513731,17340000,88900000000000,15627000,17665000,15627000,2161000,3341000,2161000,21166.76,31257.08,existing_table_value,h_mm,,existing_table_value,b_mm,,existing_table_value,tw_mm,,existing_table_value,tf_mm,,existing_table_value,tf_mm,,existing_table_value,r_mm,,derived_from_same_source_geometry,same_row_verified_source_geometry,,existing_table_value,mass_kg_m,,existing_table_value,A_mm2,,existing_table_value,Aeff_mm2,,existing_table_value,Iy_mm4,,existing_table_value,Iz_mm4,,existing_table_value,Ix_mm4,,existing_table_value,It_mm4,,existing_table_value,Iw_mm6,,existing_table_value,Wel_y_mm3,,existing_table_value,Wpl_y_mm3,,existing_table_value,Weff_y_mm3,,existing_table_value,Wel_z_mm3,,existing_table_value,Wpl_z_mm3,,existing_table_value,Weff_z_mm3,,existing_table_value,Avz_mm2,,derived_from_same_source_geometry,same_row_verified_source_geometry,"Av,y = A - tw*(h - 2tf)"
UB,UB 914x419x343,open_i_or_h,British Steel Universal Beams datasheet,CUBD:ENG:072024,https://www.britishsteel.co.uk/wp-content/uploads/2026/02/british-steel-universal-beams-datasheet-190724.pdf,verified_published_table,true,911.8,418.5,19.4,32,32,24.1,,343.3,43700,43700,6257800000,391560000,11205643,11930000,75800000000000,13726000,15477000,13726000,1871000,2890000,1871000,19079.2,27252.68,existing_table_value,h_mm,,existing_table_value,b_mm,,existing_table_value,tw_mm,,existing_table_value,tf_mm,,existing_table_value,tf_mm,,existing_table_value,r_mm,,derived_from_same_source_geometry,same_row_verified_source_geometry,,existing_table_value,mass_kg_m,,existing_table_value,A_mm2,,existing_table_value,Aeff_mm2,,existing_table_value,Iy_mm4,,existing_table_value,Iz_mm4,,existing_table_value,Ix_mm4,,existing_table_value,It_mm4,,existing_table_value,Iw_mm6,,existing_table_value,Wel_y_mm3,,existing_table_value,Wpl_y_mm3,,existing_table_value,Weff_y_mm3,,existing_table_value,Wel_z_mm3,,existing_table_value,Wpl_z_mm3,,existing_table_value,Weff_z_mm3,,existing_table_value,Avz_mm2,,derived_from_same_source_geometry,same_row_verified_source_geometry,"Av,y = A - tw*(h - 2tf)"
UB,UB 914x305x289,open_i_or_h,British Steel Universal Beams datasheet,CUBD:ENG:072024,https://www.britishsteel.co.uk/wp-content/uploads/2026/02/british-steel-universal-beams-datasheet-190724.pdf,verified_published_table,true,926.6,307.7,19.5,32,32,19.1,,289.1,36800,36800,5041870000,155970000,8853833,9260000,31200000000000,10883000,12570000,10883000,1014000,1601000,1014000,18953.6,19979.3,existing_table_value,h_mm,,existing_table_value,b_mm,,existing_table_value,tw_mm,,existing_table_value,tf_mm,,existing_table_value,tf_mm,,existing_table_value,r_mm,,derived_from_same_source_geometry,same_row_verified_source_geometry,,existing_table_value,mass_kg_m,,existing_table_value,A_mm2,,existing_table_value,Aeff_mm2,,existing_table_value,Iy_mm4,,existing_table_value,Iz_mm4,,existing_table_value,Ix_mm4,,existing_table_value,It_mm4,,existing_table_value,Iw_mm6,,existing_table_value,Wel_y_mm3,,existing_table_value,Wpl_y_mm3,,existing_table_value,Weff_y_mm3,,existing_table_value,Wel_z_mm3,,existing_table_value,Wpl_z_mm3,,existing_table_value,Weff_z_mm3,,existing_table_value,Avz_mm2,,derived_from_same_source_geometry,same_row_verified_source_geometry,"Av,y = A - tw*(h - 2tf)"
UB,UB 914x305x253,open_i_or_h,British Steel Universal Beams datasheet,CUBD:ENG:072024,https://www.britishsteel.co.uk/wp-content/uploads/2026/02/british-steel-universal-beams-datasheet-190724.pdf,verified_published_table,true,918.4,305.5,17.3,27.9,27.9,19.1,,253.4,32300,32300,4363050000,133010000,5911925,6260000,26400000000000,9501000,10942000,9501000,871000,1371000,871000,16801.55,17377.02,existing_table_value,h_mm,,existing_table_value,b_mm,,existing_table_value,tw_mm,,existing_table_value,tf_mm,,existing_table_value,tf_mm,,existing_table_value,r_mm,,derived_from_same_source_geometry,same_row_verified_source_geometry,,existing_table_value,mass_kg_m,,existing_table_value,A_mm2,,existing_table_value,Aeff_mm2,,existing_table_value,Iy_mm4,,existing_table_value,Iz_mm4,,existing_table_value,Ix_mm4,,existing_table_value,It_mm4,,existing_table_value,Iw_mm6,,existing_table_value,Wel_y_mm3,,existing_table_value,Wpl_y_mm3,,existing_table_value,Weff_y_mm3,,existing_table_value,Wel_z_mm3,,existing_table_value,Wpl_z_mm3,,existing_table_value,Weff_z_mm3,,existing_table_value,Avz_mm2,,derived_from_same_source_geometry,same_row_verified_source_geometry,"Av,y = A - tw*(h - 2tf)"
UB,UB 914x305x224,open_i_or_h,British Steel Universal Beams datasheet,CUBD:ENG:072024,https://www.britishsteel.co.uk/wp-content/uploads/2026/02/british-steel-universal-beams-datasheet-190724.pdf,verified_published_table,true,910.4,304.1,15.9,23.9,23.9,19.1,,224.2,28600,28600,3764140000,112360000,3923491,4220000,22100000000000,8269000,9535000,8269000,739000,1163000,739000,15357.01,14884.66,existing_table_value,h_mm,,existing_table_value,b_mm,,existing_table_value,tw_mm,,existing_table_value,tf_mm,,existing_table_value,tf_mm,,existing_table_value,r_mm,,derived_from_same_source_geometry,same_row_verified_source_geometry,,existing_table_value,mass_kg_m,,existing_table_value,A_mm2,,existing_table_value,Aeff_mm2,,existing_table_value,Iy_mm4,,existing_table_value,Iz_mm4,,existing_table_value,Ix_mm4,,existing_table_value,It_mm4,,existing_table_value,Iw_mm6,,existing_table_value,Wel_y_mm3,,existing_table_value,Wpl_y_mm3,,existing_table_value,Weff_y_mm3,,existing_table_value,Wel_z_mm3,,existing_table_value,Wpl_z_mm3,,existing_table_value,Weff_z_mm3,,existing_table_value,Avz_mm2,,derived_from_same_source_geometry,same_row_verified_source_geometry,"Av,y = A - tw*(h - 2tf)"
UB,UB 914x305x201,open_i_or_h,British Steel Universal Beams datasheet,CUBD:ENG:072024,https://www.britishsteel.co.uk/wp-content/uploads/2026/02/british-steel-universal-beams-datasheet-190724.pdf,verified_published_table,true,903,303.3,15.1,20.2,20.2,19.1,,200.9,25600,25600,3252540000,94230000,2656578,2910000,18400000000000,7204000,8351000,7204000,621000,982000,621000,14423.34,12574.74,existing_table_value,h_mm,,existing_table_value,b_mm,,existing_table_value,tw_mm,,existing_table_value,tf_mm,,existing_table_value,tf_mm,,existing_table_value,r_mm,,derived_from_same_source_geometry,same_row_verified_source_geometry,,existing_table_value,mass_kg_m,,existing_table_value,A_mm2,,existing_table_value,Aeff_mm2,,existing_table_value,Iy_mm4,,existing_table_value,Iz_mm4,,existing_table_value,Ix_mm4,,existing_table_value,It_mm4,,existing_table_value,Iw_mm6,,existing_table_value,Wel_y_mm3,,existing_table_value,Wpl_y_mm3,,existing_table_value,Weff_y_mm3,,existing_table_value,Wel_z_mm3,,existing_table_value,Wpl_z_mm3,,existing_table_value,Weff_z_mm3,,existing_table_value,Avz_mm2,,derived_from_same_source_geometry,same_row_verified_source_geometry,"Av,y = A - tw*(h - 2tf)"
UB,UB 838x292x226,open_i_or_h,British Steel Universal Beams datasheet,CUBD:ENG:072024,https://www.britishsteel.co.uk/wp-content/uploads/2026/02/british-steel-universal-beams-datasheet-190724.pdf,verified_published_table,true,850.9,293.8,16.1,26.8,26.8,17.8,,226.5,28900,28900,3397040000,113610000,4879324,5220000,19300000000000,7985000,9155000,7985000,773000,1212000,773000,14537.88,16063.47,existing_table_value,h_mm,,existing_table_value,b_mm,,existing_table_value,tw_mm,,existing_table_value,tf_mm,,existing_table_value,tf_mm,,existing_table_value,r_mm,,derived_from_same_source_geometry,same_row_verified_source_geometry,,existing_table_value,mass_kg_m,,existing_table_value,A_mm2,,existing_table_value,Aeff_mm2,,existing_table_value,Iy_mm4,,existing_table_value,Iz_mm4,,existing_table_value,Ix_mm4,,existing_table_value,It_mm4,,existing_table_value,Iw_mm6,,existing_table_value,Wel_y_mm3,,existing_table_value,Wpl_y_mm3,,existing_table_value,Weff_y_mm3,,existing_table_value,Wel_z_mm3,,existing_table_value,Wpl_z_mm3,,existing_table_value,Weff_z_mm3,,existing_table_value,Avz_mm2,,derived_from_same_source_geometry,same_row_verified_source_geometry,"Av,y = A - tw*(h - 2tf)"
UB,UB 838x292x194,open_i_or_h,British Steel Universal Beams datasheet,CUBD:ENG:072024,https://www.britishsteel.co.uk/wp-content/uploads/2026/02/british-steel-universal-beams-datasheet-190724.pdf,verified_published_table,true,840.7,292.4,14.7,21.7,21.7,17.8,,193.8,24700,24700,2791750000,90680000,2836104,3120000,15200000000000,6641000,7640000,6641000,620000,974000,620000,13101.35,12979.69,existing_table_value,h_mm,,existing_table_value,b_mm,,existing_table_value,tw_mm,,existing_table_value,tf_mm,,existing_table_value,tf_mm,,existing_table_value,r_mm,,derived_from_same_source_geometry,same_row_verified_source_geometry,,existing_table_value,mass_kg_m,,existing_table_value,A_mm2,,existing_table_value,Aeff_mm2,,existing_table_value,Iy_mm4,,existing_table_value,Iz_mm4,,existing_table_value,Ix_mm4,,existing_table_value,It_mm4,,existing_table_value,Iw_mm6,,existing_table_value,Wel_y_mm3,,existing_table_value,Wpl_y_mm3,,existing_table_value,Weff_y_mm3,,existing_table_value,Wel_z_mm3,,existing_table_value,Wpl_z_mm3,,existing_table_value,Weff_z_mm3,,existing_table_value,Avz_mm2,,derived_from_same_source_geometry,same_row_verified_source_geometry,"Av,y = A - tw*(h - 2tf)"
UB,UB 838x292x176,open_i_or_h,British Steel Universal Beams datasheet,CUBD:ENG:072024,https://www.britishsteel.co.uk/wp-content/uploads/2026/02/british-steel-universal-beams-datasheet-190724.pdf,verified_published_table,true,834.9,291.7,14,18.8,18.8,17.8,,175.9,22400,22400,2460210000,78000000,2021431,2270000,13000000000000,5893000,6808000,5893000,535000,842000,535000,12364.56,11237.8,existing_table_value,h_mm,,existing_table_value,b_mm,,existing_table_value,tw_mm,,existing_table_value,tf_mm,,existing_table_value,tf_mm,,existing_table_value,r_mm,,derived_from_same_source_geometry,same_row_verified_source_geometry,,existing_table_value,mass_kg_m,,existing_table_value,A_mm2,,existing_table_value,Aeff_mm2,,existing_table_value,Iy_mm4,,existing_table_value,Iz_mm4,,existing_table_value,Ix_mm4,,existing_table_value,It_mm4,,existing_table_value,Iw_mm6,,existing_table_value,Wel_y_mm3,,existing_table_value,Wpl_y_mm3,,existing_table_value,Weff_y_mm3,,existing_table_value,Wel_z_mm3,,existing_table_value,Wpl_z_mm3,,existing_table_value,Weff_z_mm3,,existing_table_value,Avz_mm2,,derived_from_same_source_geometry,same_row_verified_source_geometry,"Av,y = A - tw*(h - 2tf)"
UB,UB 762x267x197,open_i_or_h,British Steel Universal Beams datasheet,CUBD:ENG:072024,https://www.britishsteel.co.uk/wp-content/uploads/2026/02/british-steel-universal-beams-datasheet-190724.pdf,verified_published_table,true,769.8,268,15.6,25.4,25.4,16.5,,196.8,25100,25100,2399570000,81770000,3837696,4170000,11300000000000,6234000,7167000,6234000,610000,959000,610000,12720.04,13883.6,existing_table_value,h_mm,,existing_table_value,b_mm,,existing_table_value,tw_mm,,existing_table_value,tf_mm,,existing_table_value,tf_mm,,existing_table_value,r_mm,,derived_from_same_source_geometry,same_row_verified_source_geometry,,existing_table_value,mass_kg_m,,existing_table_value,A_mm2,,existing_table_value,Aeff_mm2,,existing_table_value,Iy_mm4,,existing_table_value,Iz_mm4,,existing_table_value,Ix_mm4,,existing_table_value,It_mm4,,existing_table_value,Iw_mm6,,existing_table_value,Wel_y_mm3,,existing_table_value,Wpl_y_mm3,,existing_table_value,Weff_y_mm3,,existing_table_value,Wel_z_mm3,,existing_table_value,Wpl_z_mm3,,existing_table_value,Weff_z_mm3,,existing_table_value,Avz_mm2,,derived_from_same_source_geometry,same_row_verified_source_geometry,"Av,y = A - tw*(h - 2tf)"
UB,UB 762x267x173,open_i_or_h,British Steel Universal Beams datasheet,CUBD:ENG:072024,https://www.britishsteel.co.uk/wp-content/uploads/2026/02/british-steel-universal-beams-datasheet-190724.pdf,verified_published_table,true,762.2,266.7,14.3,21.6,21.6,16.5,,173,22000,22000,2052820000,68520000,2492649,2770000,9400000000000,5387000,6198000,5387000,514000,807000,514000,11500.24,11718.3,existing_table_value,h_mm,,existing_table_value,b_mm,,existing_table_value,tw_mm,,existing_table_value,tf_mm,,existing_table_value,tf_mm,,existing_table_value,r_mm,,derived_from_same_source_geometry,same_row_verified_source_geometry,,existing_table_value,mass_kg_m,,existing_table_value,A_mm2,,existing_table_value,Aeff_mm2,,existing_table_value,Iy_mm4,,existing_table_value,Iz_mm4,,existing_table_value,Ix_mm4,,existing_table_value,It_mm4,,existing_table_value,Iw_mm6,,existing_table_value,Wel_y_mm3,,existing_table_value,Wpl_y_mm3,,existing_table_value,Weff_y_mm3,,existing_table_value,Wel_z_mm3,,existing_table_value,Wpl_z_mm3,,existing_table_value,Weff_z_mm3,,existing_table_value,Avz_mm2,,derived_from_same_source_geometry,same_row_verified_source_geometry,"Av,y = A - tw*(h - 2tf)"
UB,UB 762x267x147,open_i_or_h,British Steel Universal Beams datasheet,CUBD:ENG:072024,https://www.britishsteel.co.uk/wp-content/uploads/2026/02/british-steel-universal-beams-datasheet-190724.pdf,verified_published_table,true,754,265.2,12.8,17.5,17.5,16.5,,146.9,18700,18700,1685020000,54570000,1450155,1660000,7400000000000,4470000,5156000,4470000,411000,647000,411000,10219.5,9496.8,existing_table_value,h_mm,,existing_table_value,b_mm,,existing_table_value,tw_mm,,existing_table_value,tf_mm,,existing_table_value,tf_mm,,existing_table_value,r_mm,,derived_from_same_source_geometry,same_row_verified_source_geometry,,existing_table_value,mass_kg_m,,existing_table_value,A_mm2,,existing_table_value,Aeff_mm2,,existing_table_value,Iy_mm4,,existing_table_value,Iz_mm4,,existing_table_value,Ix_mm4,,existing_table_value,It_mm4,,existing_table_value,Iw_mm6,,existing_table_value,Wel_y_mm3,,existing_table_value,Wpl_y_mm3,,existing_table_value,Weff_y_mm3,,existing_table_value,Wel_z_mm3,,existing_table_value,Wpl_z_mm3,,existing_table_value,Weff_z_mm3,,existing_table_value,Avz_mm2,,derived_from_same_source_geometry,same_row_verified_source_geometry,"Av,y = A - tw*(h - 2tf)"
UB,UB 762x267x134,open_i_or_h,British Steel Universal Beams datasheet,CUBD:ENG:072024,https://www.britishsteel.co.uk/wp-content/uploads/2026/02/british-steel-universal-beams-datasheet-190724.pdf,verified_published_table,true,750,264.4,12,15.5,15.5,16.5,,133.9,17100,17100,1506920000,47900000,1070539,1250000,6460000000000,4018000,4644000,4018000,362000,570000,362000,9601.1,8472,existing_table_value,h_mm,,existing_table_value,b_mm,,existing_table_value,tw_mm,,existing_table_value,tf_mm,,existing_table_value,tf_mm,,existing_table_value,r_mm,,derived_from_same_source_geometry,same_row_verified_source_geometry,,existing_table_value,mass_kg_m,,existing_table_value,A_mm2,,existing_table_value,Aeff_mm2,,existing_table_value,Iy_mm4,,existing_table_value,Iz_mm4,,existing_table_value,Ix_mm4,,existing_table_value,It_mm4,,existing_table_value,Iw_mm6,,existing_table_value,Wel_y_mm3,,existing_table_value,Wpl_y_mm3,,existing_table_value,Weff_y_mm3,,existing_table_value,Wel_z_mm3,,existing_table_value,Wpl_z_mm3,,existing_table_value,Weff_z_mm3,,existing_table_value,Avz_mm2,,derived_from_same_source_geometry,same_row_verified_source_geometry,"Av,y = A - tw*(h - 2tf)"
UB,UB 686x254x170,open_i_or_h,British Steel Universal Beams datasheet,CUBD:ENG:072024,https://www.britishsteel.co.uk/wp-content/uploads/2026/02/british-steel-universal-beams-datasheet-190724.pdf,verified_published_table,true,692.9,255.8,14.5,23.7,23.7,15.2,,170.2,21700,21700,1703260000,66330000,2926111,3220000,7430000000000,4916000,5631000,4916000,518000,811000,518000,10639.21,12340.25,existing_table_value,h_mm,,existing_table_value,b_mm,,existing_table_value,tw_mm,,existing_table_value,tf_mm,,existing_table_value,tf_mm,,existing_table_value,r_mm,,derived_from_same_source_geometry,same_row_verified_source_geometry,,existing_table_value,mass_kg_m,,existing_table_value,A_mm2,,existing_table_value,Aeff_mm2,,existing_table_value,Iy_mm4,,existing_table_value,Iz_mm4,,existing_table_value,Ix_mm4,,existing_table_value,It_mm4,,existing_table_value,Iw_mm6,,existing_table_value,Wel_y_mm3,,existing_table_value,Wpl_y_mm3,,existing_table_value,Weff_y_mm3,,existing_table_value,Wel_z_mm3,,existing_table_value,Wpl_z_mm3,,existing_table_value,Weff_z_mm3,,existing_table_value,Avz_mm2,,derived_from_same_source_geometry,same_row_verified_source_geometry,"Av,y = A - tw*(h - 2tf)"
UB,UB 686x254x152,open_i_or_h,British Steel Universal Beams datasheet,CUBD:ENG:072024,https://www.britishsteel.co.uk/wp-content/uploads/2026/02/british-steel-universal-beams-datasheet-190724.pdf,verified_published_table,true,687.5,254.5,13.2,21,21,15.2,,152.4,19400,19400,1503550000,57860000,2066159,2310000,6430000000000,4374000,5000000,4374000,455000,710000,455000,9626.6,10879.4,existing_table_value,h_mm,,existing_table_value,b_mm,,existing_table_value,tw_mm,,existing_table_value,tf_mm,,existing_table_value,tf_mm,,existing_table_value,r_mm,,derived_from_same_source_geometry,same_row_verified_source_geometry,,existing_table_value,mass_kg_m,,existing_table_value,A_mm2,,existing_table_value,Aeff_mm2,,existing_table_value,Iy_mm4,,existing_table_value,Iz_mm4,,existing_table_value,Ix_mm4,,existing_table_value,It_mm4,,existing_table_value,Iw_mm6,,existing_table_value,Wel_y_mm3,,existing_table_value,Wpl_y_mm3,,existing_table_value,Weff_y_mm3,,existing_table_value,Wel_z_mm3,,existing_table_value,Wpl_z_mm3,,existing_table_value,Weff_z_mm3,,existing_table_value,Avz_mm2,,derived_from_same_source_geometry,same_row_verified_source_geometry,"Av,y = A - tw*(h - 2tf)"
UB,UB 686x254x140,open_i_or_h,British Steel Universal Beams datasheet,CUBD:ENG:072024,https://www.britishsteel.co.uk/wp-content/uploads/2026/02/british-steel-universal-beams-datasheet-190724.pdf,verified_published_table,true,683.5,253.7,12.4,19,19,15.2,,140.1,17800,17800,1362670000,51860000,1570327,1790000,5720000000000,3987000,4558000,3987000,409000,638000,409000,8972.6,9795.8,existing_table_value,h_mm,,existing_table_value,b_mm,,existing_table_value,tw_mm,,existing_table_value,tf_mm,,existing_table_value,tf_mm,,existing_table_value,r_mm,,derived_from_same_source_geometry,same_row_verified_source_geometry,,existing_table_value,mass_kg_m,,existing_table_value,A_mm2,,existing_table_value,Aeff_mm2,,existing_table_value,Iy_mm4,,existing_table_value,Iz_mm4,,existing_table_value,Ix_mm4,,existing_table_value,It_mm4,,existing_table_value,Iw_mm6,,existing_table_value,Wel_y_mm3,,existing_table_value,Wpl_y_mm3,,existing_table_value,Weff_y_mm3,,existing_table_value,Wel_z_mm3,,existing_table_value,Wpl_z_mm3,,existing_table_value,Weff_z_mm3,,existing_table_value,Avz_mm2,,derived_from_same_source_geometry,same_row_verified_source_geometry,"Av,y = A - tw*(h - 2tf)"
UB,UB 686x254x125,open_i_or_h,British Steel Universal Beams datasheet,CUBD:ENG:072024,https://www.britishsteel.co.uk/wp-content/uploads/2026/02/british-steel-universal-beams-datasheet-190724.pdf,verified_published_table,true,677.9,253,11.7,16.2,16.2,15.2,,125.2,15900,15900,1179920000,43850000,1061705,1240000,4800000000000,3481000,3994000,3481000,346000,542000,346000,8384.82,8347.65,existing_table_value,h_mm,,existing_table_value,b_mm,,existing_table_value,tw_mm,,existing_table_value,tf_mm,,existing_table_value,tf_mm,,existing_table_value,r_mm,,derived_from_same_source_geometry,same_row_verified_source_geometry,,existing_table_value,mass_kg_m,,existing_table_value,A_mm2,,existing_table_value,Aeff_mm2,,existing_table_value,Iy_mm4,,existing_table_value,Iz_mm4,,existing_table_value,Ix_mm4,,existing_table_value,It_mm4,,existing_table_value,Iw_mm6,,existing_table_value,Wel_y_mm3,,existing_table_value,Wpl_y_mm3,,existing_table_value,Weff_y_mm3,,existing_table_value,Wel_z_mm3,,existing_table_value,Wpl_z_mm3,,existing_table_value,Weff_z_mm3,,existing_table_value,Avz_mm2,,derived_from_same_source_geometry,same_row_verified_source_geometry,"Av,y = A - tw*(h - 2tf)"
UB,UB 610x305x238,open_i_or_h,British Steel Universal Beams datasheet,CUBD:ENG:072024,https://www.britishsteel.co.uk/wp-content/uploads/2026/02/british-steel-universal-beams-datasheet-190724.pdf,verified_published_table,true,635.8,311.4,18.4,31.4,31.4,16.5,,238.1,30300,30300,2094710000,158390000,7616954,8030000,14500000000000,6589000,7486000,6589000,1017000,1574000,1017000,12358.04,19756.8,existing_table_value,h_mm,,existing_table_value,b_mm,,existing_table_value,tw_mm,,existing_table_value,tf_mm,,existing_table_value,tf_mm,,existing_table_value,r_mm,,derived_from_same_source_geometry,same_row_verified_source_geometry,,existing_table_value,mass_kg_m,,existing_table_value,A_mm2,,existing_table_value,Aeff_mm2,,existing_table_value,Iy_mm4,,existing_table_value,Iz_mm4,,existing_table_value,Ix_mm4,,existing_table_value,It_mm4,,existing_table_value,Iw_mm6,,existing_table_value,Wel_y_mm3,,existing_table_value,Wpl_y_mm3,,existing_table_value,Weff_y_mm3,,existing_table_value,Wel_z_mm3,,existing_table_value,Wpl_z_mm3,,existing_table_value,Weff_z_mm3,,existing_table_value,Avz_mm2,,derived_from_same_source_geometry,same_row_verified_source_geometry,"Av,y = A - tw*(h - 2tf)"
UB,UB 610x305x179,open_i_or_h,British Steel Universal Beams datasheet,CUBD:ENG:072024,https://www.britishsteel.co.uk/wp-content/uploads/2026/02/british-steel-universal-beams-datasheet-190724.pdf,verified_published_table,true,620.2,307.1,14.1,23.6,23.6,16.5,,179,22800,22800,1530240000,114100000,3226483,3510000,10200000000000,4935000,5547000,4935000,743000,1144000,743000,9416.44,14720.7,existing_table_value,h_mm,,existing_table_value,b_mm,,existing_table_value,tw_mm,,existing_table_value,tf_mm,,existing_table_value,tf_mm,,existing_table_value,r_mm,,derived_from_same_source_geometry,same_row_verified_source_geometry,,existing_table_value,mass_kg_m,,existing_table_value,A_mm2,,existing_table_value,Aeff_mm2,,existing_table_value,Iy_mm4,,existing_table_value,Iz_mm4,,existing_table_value,Ix_mm4,,existing_table_value,It_mm4,,existing_table_value,Iw_mm6,,existing_table_value,Wel_y_mm3,,existing_table_value,Wpl_y_mm3,,existing_table_value,Weff_y_mm3,,existing_table_value,Wel_z_mm3,,existing_table_value,Wpl_z_mm3,,existing_table_value,Weff_z_mm3,,existing_table_value,Avz_mm2,,derived_from_same_source_geometry,same_row_verified_source_geometry,"Av,y = A - tw*(h - 2tf)"
UB,UB 610x305x149,open_i_or_h,British Steel Universal Beams datasheet,CUBD:ENG:072024,https://www.britishsteel.co.uk/wp-content/uploads/2026/02/british-steel-universal-beams-datasheet-190724.pdf,verified_published_table,true,612.4,304.8,11.8,19.7,19.7,16.5,,149.2,19000,19000,1258760000,93090000,1867359,2080000,8180000000000,4111000,4594000,4111000,611000,937000,611000,7873.44,12238.6,existing_table_value,h_mm,,existing_table_value,b_mm,,existing_table_value,tw_mm,,existing_table_value,tf_mm,,existing_table_value,tf_mm,,existing_table_value,r_mm,,derived_from_same_source_geometry,same_row_verified_source_geometry,,existing_table_value,mass_kg_m,,existing_table_value,A_mm2,,existing_table_value,Aeff_mm2,,existing_table_value,Iy_mm4,,existing_table_value,Iz_mm4,,existing_table_value,Ix_mm4,,existing_table_value,It_mm4,,existing_table_value,Iw_mm6,,existing_table_value,Wel_y_mm3,,existing_table_value,Wpl_y_mm3,,existing_table_value,Weff_y_mm3,,existing_table_value,Wel_z_mm3,,existing_table_value,Wpl_z_mm3,,existing_table_value,Weff_z_mm3,,existing_table_value,Avz_mm2,,derived_from_same_source_geometry,same_row_verified_source_geometry,"Av,y = A - tw*(h - 2tf)"
UB,UB 610x229x140,open_i_or_h,British Steel Universal Beams datasheet,CUBD:ENG:072024,https://www.britishsteel.co.uk/wp-content/uploads/2026/02/british-steel-universal-beams-datasheet-190724.pdf,verified_published_table,true,617.2,230.2,13.1,22.1,22.1,12.7,,139.9,17800,17800,1117770000,45090000,2085883,2330000,3990000000000,3622000,4142000,3622000,391000,611000,391000,8476.01,10293.7,existing_table_value,h_mm,,existing_table_value,b_mm,,existing_table_value,tw_mm,,existing_table_value,tf_mm,,existing_table_value,tf_mm,,existing_table_value,r_mm,,derived_from_same_source_geometry,same_row_verified_source_geometry,,existing_table_value,mass_kg_m,,existing_table_value,A_mm2,,existing_table_value,Aeff_mm2,,existing_table_value,Iy_mm4,,existing_table_value,Iz_mm4,,existing_table_value,Ix_mm4,,existing_table_value,It_mm4,,existing_table_value,Iw_mm6,,existing_table_value,Wel_y_mm3,,existing_table_value,Wpl_y_mm3,,existing_table_value,Weff_y_mm3,,existing_table_value,Wel_z_mm3,,existing_table_value,Wpl_z_mm3,,existing_table_value,Weff_z_mm3,,existing_table_value,Avz_mm2,,derived_from_same_source_geometry,same_row_verified_source_geometry,"Av,y = A - tw*(h - 2tf)"
UB,UB 610x229x125,open_i_or_h,British Steel Universal Beams datasheet,CUBD:ENG:072024,https://www.britishsteel.co.uk/wp-content/uploads/2026/02/british-steel-universal-beams-datasheet-190724.pdf,verified_published_table,true,612.2,229,11.9,19.6,19.6,12.7,,125.1,15900,15900,986100000,39350000,1471375,1680000,3450000000000,3221000,3676000,3221000,343000,535000,343000,7654.28,9081.3,existing_table_value,h_mm,,existing_table_value,b_mm,,existing_table_value,tw_mm,,existing_table_value,tf_mm,,existing_table_value,tf_mm,,existing_table_value,r_mm,,derived_from_same_source_geometry,same_row_verified_source_geometry,,existing_table_value,mass_kg_m,,existing_table_value,A_mm2,,existing_table_value,Aeff_mm2,,existing_table_value,Iy_mm4,,existing_table_value,Iz_mm4,,existing_table_value,Ix_mm4,,existing_table_value,It_mm4,,existing_table_value,Iw_mm6,,existing_table_value,Wel_y_mm3,,existing_table_value,Wpl_y_mm3,,existing_table_value,Weff_y_mm3,,existing_table_value,Wel_z_mm3,,existing_table_value,Wpl_z_mm3,,existing_table_value,Weff_z_mm3,,existing_table_value,Avz_mm2,,derived_from_same_source_geometry,same_row_verified_source_geometry,"Av,y = A - tw*(h - 2tf)"
UB,UB 610x229x113,open_i_or_h,British Steel Universal Beams datasheet,CUBD:ENG:072024,https://www.britishsteel.co.uk/wp-content/uploads/2026/02/british-steel-universal-beams-datasheet-190724.pdf,verified_published_table,true,607.6,228.2,11.1,17.3,17.3,12.7,,113,14400,14400,873180000,34370000,1048921,1230000,2990000000000,2874000,3281000,2874000,301000,469000,301000,7135.73,8039.7,existing_table_value,h_mm,,existing_table_value,b_mm,,existing_table_value,tw_mm,,existing_table_value,tf_mm,,existing_table_value,tf_mm,,existing_table_value,r_mm,,derived_from_same_source_geometry,same_row_verified_source_geometry,,existing_table_value,mass_kg_m,,existing_table_value,A_mm2,,existing_table_value,Aeff_mm2,,existing_table_value,Iy_mm4,,existing_table_value,Iz_mm4,,existing_table_value,Ix_mm4,,existing_table_value,It_mm4,,existing_table_value,Iw_mm6,,existing_table_value,Wel_y_mm3,,existing_table_value,Wpl_y_mm3,,existing_table_value,Weff_y_mm3,,existing_table_value,Wel_z_mm3,,existing_table_value,Wpl_z_mm3,,existing_table_value,Weff_z_mm3,,existing_table_value,Avz_mm2,,derived_from_same_source_geometry,same_row_verified_source_geometry,"Av,y = A - tw*(h - 2tf)"
UB,UB 610x229x101,open_i_or_h,British Steel Universal Beams datasheet,CUBD:ENG:072024,https://www.britishsteel.co.uk/wp-content/uploads/2026/02/british-steel-universal-beams-datasheet-190724.pdf,verified_published_table,true,602.6,227.6,10.5,14.8,14.8,12.7,,101.2,12900,12900,757800000,29170000,712994,867000,2520000000000,2515000,2881000,2515000,256000,400000,256000,6694.36,6883.5,existing_table_value,h_mm,,existing_table_value,b_mm,,existing_table_value,tw_mm,,existing_table_value,tf_mm,,existing_table_value,tf_mm,,existing_table_value,r_mm,,derived_from_same_source_geometry,same_row_verified_source_geometry,,existing_table_value,mass_kg_m,,existing_table_value,A_mm2,,existing_table_value,Aeff_mm2,,existing_table_value,Iy_mm4,,existing_table_value,Iz_mm4,,existing_table_value,Ix_mm4,,existing_table_value,It_mm4,,existing_table_value,Iw_mm6,,existing_table_value,Wel_y_mm3,,existing_table_value,Wpl_y_mm3,,existing_table_value,Weff_y_mm3,,existing_table_value,Wel_z_mm3,,existing_table_value,Wpl_z_mm3,,existing_table_value,Weff_z_mm3,,existing_table_value,Avz_mm2,,derived_from_same_source_geometry,same_row_verified_source_geometry,"Av,y = A - tw*(h - 2tf)"
UB,UB 533x210x122,open_i_or_h,British Steel Universal Beams datasheet,CUBD:ENG:072024,https://www.britishsteel.co.uk/wp-content/uploads/2026/02/british-steel-universal-beams-datasheet-190724.pdf,verified_published_table,true,544.5,211.9,12.7,21.3,21.3,12.7,,122,15500,15500,760430000,33880000,1707839,1780000,2320000000000,2793000,3196000,2793000,320000,500000,320000,7284.59,9125.87,existing_table_value,h_mm,,existing_table_value,b_mm,,existing_table_value,tw_mm,,existing_table_value,tf_mm,,existing_table_value,tf_mm,,existing_table_value,r_mm,,derived_from_same_source_geometry,same_row_verified_source_geometry,,existing_table_value,mass_kg_m,,existing_table_value,A_mm2,,existing_table_value,Aeff_mm2,,existing_table_value,Iy_mm4,,existing_table_value,Iz_mm4,,existing_table_value,Ix_mm4,,existing_table_value,It_mm4,,existing_table_value,Iw_mm6,,existing_table_value,Wel_y_mm3,,existing_table_value,Wpl_y_mm3,,existing_table_value,Weff_y_mm3,,existing_table_value,Wel_z_mm3,,existing_table_value,Wpl_z_mm3,,existing_table_value,Weff_z_mm3,,existing_table_value,Avz_mm2,,derived_from_same_source_geometry,same_row_verified_source_geometry,"Av,y = A - tw*(h - 2tf)"
UB,UB 533x210x109,open_i_or_h,British Steel Universal Beams datasheet,CUBD:ENG:072024,https://www.britishsteel.co.uk/wp-content/uploads/2026/02/british-steel-universal-beams-datasheet-190724.pdf,verified_published_table,true,539.5,210.8,11.6,18.8,18.8,12.7,,109,13900,13900,668220000,29430000,1194936,1260000,1990000000000,2477000,2828000,2477000,279000,436000,279000,6669.52,8077.96,existing_table_value,h_mm,,existing_table_value,b_mm,,existing_table_value,tw_mm,,existing_table_value,tf_mm,,existing_table_value,tf_mm,,existing_table_value,r_mm,,derived_from_same_source_geometry,same_row_verified_source_geometry,,existing_table_value,mass_kg_m,,existing_table_value,A_mm2,,existing_table_value,Aeff_mm2,,existing_table_value,Iy_mm4,,existing_table_value,Iz_mm4,,existing_table_value,Ix_mm4,,existing_table_value,It_mm4,,existing_table_value,Iw_mm6,,existing_table_value,Wel_y_mm3,,existing_table_value,Wpl_y_mm3,,existing_table_value,Weff_y_mm3,,existing_table_value,Wel_z_mm3,,existing_table_value,Wpl_z_mm3,,existing_table_value,Weff_z_mm3,,existing_table_value,Avz_mm2,,derived_from_same_source_geometry,same_row_verified_source_geometry,"Av,y = A - tw*(h - 2tf)"
UB,UB 533x210x101,open_i_or_h,British Steel Universal Beams datasheet,CUBD:ENG:072024,https://www.britishsteel.co.uk/wp-content/uploads/2026/02/british-steel-universal-beams-datasheet-190724.pdf,verified_published_table,true,536.7,210,10.8,17.4,17.4,12.7,,101,12900,12900,615190000,26920000,948273,1010000,1810000000000,2292000,2612000,2292000,256000,399000,256000,6221.88,7479.48,existing_table_value,h_mm,,existing_table_value,b_mm,,existing_table_value,tw_mm,,existing_table_value,tf_mm,,existing_table_value,tf_mm,,existing_table_value,r_mm,,derived_from_same_source_geometry,same_row_verified_source_geometry,,existing_table_value,mass_kg_m,,existing_table_value,A_mm2,,existing_table_value,Aeff_mm2,,existing_table_value,Iy_mm4,,existing_table_value,Iz_mm4,,existing_table_value,Ix_mm4,,existing_table_value,It_mm4,,existing_table_value,Iw_mm6,,existing_table_value,Wel_y_mm3,,existing_table_value,Wpl_y_mm3,,existing_table_value,Weff_y_mm3,,existing_table_value,Wel_z_mm3,,existing_table_value,Wpl_z_mm3,,existing_table_value,Weff_z_mm3,,existing_table_value,Avz_mm2,,derived_from_same_source_geometry,same_row_verified_source_geometry,"Av,y = A - tw*(h - 2tf)"
UB,UB 533x210x92,open_i_or_h,British Steel Universal Beams datasheet,CUBD:ENG:072024,https://www.britishsteel.co.uk/wp-content/uploads/2026/02/british-steel-universal-beams-datasheet-190724.pdf,verified_published_table,true,533.1,209.3,10.1,15.6,15.6,12.7,,92.1,11700,11700,552270000,23890000,702096,757000,1600000000000,2072000,2360000,2072000,228000,356000,228000,5723.64,6630.81,existing_table_value,h_mm,,existing_table_value,b_mm,,existing_table_value,tw_mm,,existing_table_value,tf_mm,,existing_table_value,tf_mm,,existing_table_value,r_mm,,derived_from_same_source_geometry,same_row_verified_source_geometry,,existing_table_value,mass_kg_m,,existing_table_value,A_mm2,,existing_table_value,Aeff_mm2,,existing_table_value,Iy_mm4,,existing_table_value,Iz_mm4,,existing_table_value,Ix_mm4,,existing_table_value,It_mm4,,existing_table_value,Iw_mm6,,existing_table_value,Wel_y_mm3,,existing_table_value,Wpl_y_mm3,,existing_table_value,Weff_y_mm3,,existing_table_value,Wel_z_mm3,,existing_table_value,Wpl_z_mm3,,existing_table_value,Weff_z_mm3,,existing_table_value,Avz_mm2,,derived_from_same_source_geometry,same_row_verified_source_geometry,"Av,y = A - tw*(h - 2tf)"
UB,UB 533x210x82,open_i_or_h,British Steel Universal Beams datasheet,CUBD:ENG:072024,https://www.britishsteel.co.uk/wp-content/uploads/2026/02/british-steel-universal-beams-datasheet-190724.pdf,verified_published_table,true,528.3,208.8,9.6,13.2,13.2,12.7,,82.2,10500,10500,475390000,20070000,468172,515000,1330000000000,1800000,2059000,1800000,192000,300000,192000,5449.68,5681.76,existing_table_value,h_mm,,existing_table_value,b_mm,,existing_table_value,tw_mm,,existing_table_value,tf_mm,,existing_table_value,tf_mm,,existing_table_value,r_mm,,derived_from_same_source_geometry,same_row_verified_source_geometry,,existing_table_value,mass_kg_m,,existing_table_value,A_mm2,,existing_table_value,Aeff_mm2,,existing_table_value,Iy_mm4,,existing_table_value,Iz_mm4,,existing_table_value,Ix_mm4,,existing_table_value,It_mm4,,existing_table_value,Iw_mm6,,existing_table_value,Wel_y_mm3,,existing_table_value,Wpl_y_mm3,,existing_table_value,Weff_y_mm3,,existing_table_value,Wel_z_mm3,,existing_table_value,Wpl_z_mm3,,existing_table_value,Weff_z_mm3,,existing_table_value,Avz_mm2,,derived_from_same_source_geometry,same_row_verified_source_geometry,"Av,y = A - tw*(h - 2tf)"
UB,UB 457x191x98,open_i_or_h,British Steel Universal Beams datasheet,CUBD:ENG:072024,https://www.britishsteel.co.uk/wp-content/uploads/2026/02/british-steel-universal-beams-datasheet-190724.pdf,verified_published_table,true,467.2,192.8,11.4,19.6,19.6,10.2,,98.3,12500,12500,457270000,23480000,1179163,1240000,1180000000000,1957000,2232000,1957000,243000,379000,243000,5565.52,7620.8,existing_table_value,h_mm,,existing_table_value,b_mm,,existing_table_value,tw_mm,,existing_table_value,tf_mm,,existing_table_value,tf_mm,,existing_table_value,r_mm,,derived_from_same_source_geometry,same_row_verified_source_geometry,,existing_table_value,mass_kg_m,,existing_table_value,A_mm2,,existing_table_value,Aeff_mm2,,existing_table_value,Iy_mm4,,existing_table_value,Iz_mm4,,existing_table_value,Ix_mm4,,existing_table_value,It_mm4,,existing_table_value,Iw_mm6,,existing_table_value,Wel_y_mm3,,existing_table_value,Wpl_y_mm3,,existing_table_value,Weff_y_mm3,,existing_table_value,Wel_z_mm3,,existing_table_value,Wpl_z_mm3,,existing_table_value,Weff_z_mm3,,existing_table_value,Avz_mm2,,derived_from_same_source_geometry,same_row_verified_source_geometry,"Av,y = A - tw*(h - 2tf)"
UB,UB 457x191x89,open_i_or_h,British Steel Universal Beams datasheet,CUBD:ENG:072024,https://www.britishsteel.co.uk/wp-content/uploads/2026/02/british-steel-universal-beams-datasheet-190724.pdf,verified_published_table,true,463.4,191.9,10.5,17.7,17.7,10.2,,89.3,11400,11400,410150000,20900000,874575,933000,1040000000000,1770000,2014000,1770000,218000,338000,218000,5153.67,6906,existing_table_value,h_mm,,existing_table_value,b_mm,,existing_table_value,tw_mm,,existing_table_value,tf_mm,,existing_table_value,tf_mm,,existing_table_value,r_mm,,derived_from_same_source_geometry,same_row_verified_source_geometry,,existing_table_value,mass_kg_m,,existing_table_value,A_mm2,,existing_table_value,Aeff_mm2,,existing_table_value,Iy_mm4,,existing_table_value,Iz_mm4,,existing_table_value,Ix_mm4,,existing_table_value,It_mm4,,existing_table_value,Iw_mm6,,existing_table_value,Wel_y_mm3,,existing_table_value,Wpl_y_mm3,,existing_table_value,Weff_y_mm3,,existing_table_value,Wel_z_mm3,,existing_table_value,Wpl_z_mm3,,existing_table_value,Weff_z_mm3,,existing_table_value,Avz_mm2,,derived_from_same_source_geometry,same_row_verified_source_geometry,"Av,y = A - tw*(h - 2tf)"
UB,UB 457x191x82,open_i_or_h,British Steel Universal Beams datasheet,CUBD:ENG:072024,https://www.britishsteel.co.uk/wp-content/uploads/2026/02/british-steel-universal-beams-datasheet-190724.pdf,verified_published_table,true,460,191.3,9.9,16,16,10.2,,82,10400,10400,370510000,18710000,660806,714000,922000000000,1611000,1831000,1611000,196000,304000,196000,4763.2,6162.8,existing_table_value,h_mm,,existing_table_value,b_mm,,existing_table_value,tw_mm,,existing_table_value,tf_mm,,existing_table_value,tf_mm,,existing_table_value,r_mm,,derived_from_same_source_geometry,same_row_verified_source_geometry,,existing_table_value,mass_kg_m,,existing_table_value,A_mm2,,existing_table_value,Aeff_mm2,,existing_table_value,Iy_mm4,,existing_table_value,Iz_mm4,,existing_table_value,Ix_mm4,,existing_table_value,It_mm4,,existing_table_value,Iw_mm6,,existing_table_value,Wel_y_mm3,,existing_table_value,Wpl_y_mm3,,existing_table_value,Weff_y_mm3,,existing_table_value,Wel_z_mm3,,existing_table_value,Wpl_z_mm3,,existing_table_value,Weff_z_mm3,,existing_table_value,Avz_mm2,,derived_from_same_source_geometry,same_row_verified_source_geometry,"Av,y = A - tw*(h - 2tf)"
UB,UB 457x191x74,open_i_or_h,British Steel Universal Beams datasheet,CUBD:ENG:072024,https://www.britishsteel.co.uk/wp-content/uploads/2026/02/british-steel-universal-beams-datasheet-190724.pdf,verified_published_table,true,457,190.4,9,14.5,14.5,10.2,,74.3,9460,9460,333190000,16720000,490976,536000,818000000000,1458000,1653000,1458000,176000,272000,176000,4364.7,5608,existing_table_value,h_mm,,existing_table_value,b_mm,,existing_table_value,tw_mm,,existing_table_value,tf_mm,,existing_table_value,tf_mm,,existing_table_value,r_mm,,derived_from_same_source_geometry,same_row_verified_source_geometry,,existing_table_value,mass_kg_m,,existing_table_value,A_mm2,,existing_table_value,Aeff_mm2,,existing_table_value,Iy_mm4,,existing_table_value,Iz_mm4,,existing_table_value,Ix_mm4,,existing_table_value,It_mm4,,existing_table_value,Iw_mm6,,existing_table_value,Wel_y_mm3,,existing_table_value,Wpl_y_mm3,,existing_table_value,Weff_y_mm3,,existing_table_value,Wel_z_mm3,,existing_table_value,Wpl_z_mm3,,existing_table_value,Weff_z_mm3,,existing_table_value,Avz_mm2,,derived_from_same_source_geometry,same_row_verified_source_geometry,"Av,y = A - tw*(h - 2tf)"
UB,UB 457x191x67,open_i_or_h,British Steel Universal Beams datasheet,CUBD:ENG:072024,https://www.britishsteel.co.uk/wp-content/uploads/2026/02/british-steel-universal-beams-datasheet-190724.pdf,verified_published_table,true,453.4,189.9,8.5,12.7,12.7,10.2,,67.1,8550,8550,293800000,14520000,346940,387000,705000000000,1296000,1471000,1296000,153000,237000,153000,4093.57,4912,existing_table_value,h_mm,,existing_table_value,b_mm,,existing_table_value,tw_mm,,existing_table_value,tf_mm,,existing_table_value,tf_mm,,existing_table_value,r_mm,,derived_from_same_source_geometry,same_row_verified_source_geometry,,existing_table_value,mass_kg_m,,existing_table_value,A_mm2,,existing_table_value,Aeff_mm2,,existing_table_value,Iy_mm4,,existing_table_value,Iz_mm4,,existing_table_value,Ix_mm4,,existing_table_value,It_mm4,,existing_table_value,Iw_mm6,,existing_table_value,Wel_y_mm3,,existing_table_value,Wpl_y_mm3,,existing_table_value,Weff_y_mm3,,existing_table_value,Wel_z_mm3,,existing_table_value,Wpl_z_mm3,,existing_table_value,Weff_z_mm3,,existing_table_value,Avz_mm2,,derived_from_same_source_geometry,same_row_verified_source_geometry,"Av,y = A - tw*(h - 2tf)"
UB,UB 457x152x82,open_i_or_h,British Steel Universal Beams datasheet,CUBD:ENG:072024,https://www.britishsteel.co.uk/wp-content/uploads/2026/02/british-steel-universal-beams-datasheet-190724.pdf,verified_published_table,true,465.8,155.3,10.5,18.9,18.9,10.2,,82.1,10500,10500,365890000,11850000,864136,920000,592000000000,1571000,1811000,1571000,153000,240000,153000,5213.67,6006,existing_table_value,h_mm,,existing_table_value,b_mm,,existing_table_value,tw_mm,,existing_table_value,tf_mm,,existing_table_value,tf_mm,,existing_table_value,r_mm,,derived_from_same_source_geometry,same_row_verified_source_geometry,,existing_table_value,mass_kg_m,,existing_table_value,A_mm2,,existing_table_value,Aeff_mm2,,existing_table_value,Iy_mm4,,existing_table_value,Iz_mm4,,existing_table_value,Ix_mm4,,existing_table_value,It_mm4,,existing_table_value,Iw_mm6,,existing_table_value,Wel_y_mm3,,existing_table_value,Wpl_y_mm3,,existing_table_value,Weff_y_mm3,,existing_table_value,Wel_z_mm3,,existing_table_value,Wpl_z_mm3,,existing_table_value,Weff_z_mm3,,existing_table_value,Avz_mm2,,derived_from_same_source_geometry,same_row_verified_source_geometry,"Av,y = A - tw*(h - 2tf)"
UB,UB 457x152x74,open_i_or_h,British Steel Universal Beams datasheet,CUBD:ENG:072024,https://www.britishsteel.co.uk/wp-content/uploads/2026/02/british-steel-universal-beams-datasheet-190724.pdf,verified_published_table,true,462,154.4,9.6,17,17,10.2,,74.2,9450,9450,326740000,10470000,631934,682000,518000000000,1414000,1627000,1414000,136000,213000,136000,4710.4,5341.2,existing_table_value,h_mm,,existing_table_value,b_mm,,existing_table_value,tw_mm,,existing_table_value,tf_mm,,existing_table_value,tf_mm,,existing_table_value,r_mm,,derived_from_same_source_geometry,same_row_verified_source_geometry,,existing_table_value,mass_kg_m,,existing_table_value,A_mm2,,existing_table_value,Aeff_mm2,,existing_table_value,Iy_mm4,,existing_table_value,Iz_mm4,,existing_table_value,Ix_mm4,,existing_table_value,It_mm4,,existing_table_value,Iw_mm6,,existing_table_value,Wel_y_mm3,,existing_table_value,Wpl_y_mm3,,existing_table_value,Weff_y_mm3,,existing_table_value,Wel_z_mm3,,existing_table_value,Wpl_z_mm3,,existing_table_value,Weff_z_mm3,,existing_table_value,Avz_mm2,,derived_from_same_source_geometry,same_row_verified_source_geometry,"Av,y = A - tw*(h - 2tf)"
UB,UB 457x152x67,open_i_or_h,British Steel Universal Beams datasheet,CUBD:ENG:072024,https://www.britishsteel.co.uk/wp-content/uploads/2026/02/british-steel-universal-beams-datasheet-190724.pdf,verified_published_table,true,458,153.8,9,15,15,10.2,,67.2,8560,8560,289270000,9130000,450054,496000,448000000000,1263000,1453000,1263000,119000,187000,119000,4387,4708,existing_table_value,h_mm,,existing_table_value,b_mm,,existing_table_value,tw_mm,,existing_table_value,tf_mm,,existing_table_value,tf_mm,,existing_table_value,r_mm,,derived_from_same_source_geometry,same_row_verified_source_geometry,,existing_table_value,mass_kg_m,,existing_table_value,A_mm2,,existing_table_value,Aeff_mm2,,existing_table_value,Iy_mm4,,existing_table_value,Iz_mm4,,existing_table_value,Ix_mm4,,existing_table_value,It_mm4,,existing_table_value,Iw_mm6,,existing_table_value,Wel_y_mm3,,existing_table_value,Wpl_y_mm3,,existing_table_value,Weff_y_mm3,,existing_table_value,Wel_z_mm3,,existing_table_value,Wpl_z_mm3,,existing_table_value,Weff_z_mm3,,existing_table_value,Avz_mm2,,derived_from_same_source_geometry,same_row_verified_source_geometry,"Av,y = A - tw*(h - 2tf)"
UB,UB 457x152x60,open_i_or_h,British Steel Universal Beams datasheet,CUBD:ENG:072024,https://www.britishsteel.co.uk/wp-content/uploads/2026/02/british-steel-universal-beams-datasheet-190724.pdf,verified_published_table,true,454.6,152.9,8.1,13.3,13.3,10.2,,59.8,7620,7620,255000000,7950000,315631,354000,387000000000,1122000,1287000,1122000,104000,163000,104000,3931.91,4153.2,existing_table_value,h_mm,,existing_table_value,b_mm,,existing_table_value,tw_mm,,existing_table_value,tf_mm,,existing_table_value,tf_mm,,existing_table_value,r_mm,,derived_from_same_source_geometry,same_row_verified_source_geometry,,existing_table_value,mass_kg_m,,existing_table_value,A_mm2,,existing_table_value,Aeff_mm2,,existing_table_value,Iy_mm4,,existing_table_value,Iz_mm4,,existing_table_value,Ix_mm4,,existing_table_value,It_mm4,,existing_table_value,Iw_mm6,,existing_table_value,Wel_y_mm3,,existing_table_value,Wpl_y_mm3,,existing_table_value,Weff_y_mm3,,existing_table_value,Wel_z_mm3,,existing_table_value,Wpl_z_mm3,,existing_table_value,Weff_z_mm3,,existing_table_value,Avz_mm2,,derived_from_same_source_geometry,same_row_verified_source_geometry,"Av,y = A - tw*(h - 2tf)"
UB,UB 457x152x52,open_i_or_h,British Steel Universal Beams datasheet,CUBD:ENG:072024,https://www.britishsteel.co.uk/wp-content/uploads/2026/02/british-steel-universal-beams-datasheet-190724.pdf,verified_published_table,true,449.8,152.4,7.6,10.9,10.9,10.2,,52.3,6660,6660,213690000,6450000,194202,226000,311000000000,950000,1096000,950000,84600,133000,84600,3642.88,3407.2,existing_table_value,h_mm,,existing_table_value,b_mm,,existing_table_value,tw_mm,,existing_table_value,tf_mm,,existing_table_value,tf_mm,,existing_table_value,r_mm,,derived_from_same_source_geometry,same_row_verified_source_geometry,,existing_table_value,mass_kg_m,,existing_table_value,A_mm2,,existing_table_value,Aeff_mm2,,existing_table_value,Iy_mm4,,existing_table_value,Iz_mm4,,existing_table_value,Ix_mm4,,existing_table_value,It_mm4,,existing_table_value,Iw_mm6,,existing_table_value,Wel_y_mm3,,existing_table_value,Wpl_y_mm3,,existing_table_value,Weff_y_mm3,,existing_table_value,Wel_z_mm3,,existing_table_value,Wpl_z_mm3,,existing_table_value,Weff_z_mm3,,existing_table_value,Avz_mm2,,derived_from_same_source_geometry,same_row_verified_source_geometry,"Av,y = A - tw*(h - 2tf)"
UB,UB 406x178x74,open_i_or_h,British Steel Universal Beams datasheet,CUBD:ENG:072024,https://www.britishsteel.co.uk/wp-content/uploads/2026/02/british-steel-universal-beams-datasheet-190724.pdf,verified_published_table,true,412.8,179.5,9.5,16,16,10.2,,74.2,9450,9450,273100000,15460000,598984,649000,608000000000,1323000,1501000,1323000,172000,267000,172000,4184.4,5832.4,existing_table_value,h_mm,,existing_table_value,b_mm,,existing_table_value,tw_mm,,existing_table_value,tf_mm,,existing_table_value,tf_mm,,existing_table_value,r_mm,,derived_from_same_source_geometry,same_row_verified_source_geometry,,existing_table_value,mass_kg_m,,existing_table_value,A_mm2,,existing_table_value,Aeff_mm2,,existing_table_value,Iy_mm4,,existing_table_value,Iz_mm4,,existing_table_value,Ix_mm4,,existing_table_value,It_mm4,,existing_table_value,Iw_mm6,,existing_table_value,Wel_y_mm3,,existing_table_value,Wpl_y_mm3,,existing_table_value,Weff_y_mm3,,existing_table_value,Wel_z_mm3,,existing_table_value,Wpl_z_mm3,,existing_table_value,Weff_z_mm3,,existing_table_value,Avz_mm2,,derived_from_same_source_geometry,same_row_verified_source_geometry,"Av,y = A - tw*(h - 2tf)"
UB,UB 406x178x67,open_i_or_h,British Steel Universal Beams datasheet,CUBD:ENG:072024,https://www.britishsteel.co.uk/wp-content/uploads/2026/02/british-steel-universal-beams-datasheet-190724.pdf,verified_published_table,true,409.4,178.8,8.8,14.3,14.3,10.2,,67.1,8550,8550,243310000,13650000,435067,479000,533000000000,1189000,1346000,1189000,153000,237000,153000,3853.88,5198.96,existing_table_value,h_mm,,existing_table_value,b_mm,,existing_table_value,tw_mm,,existing_table_value,tf_mm,,existing_table_value,tf_mm,,existing_table_value,r_mm,,derived_from_same_source_geometry,same_row_verified_source_geometry,,existing_table_value,mass_kg_m,,existing_table_value,A_mm2,,existing_table_value,Aeff_mm2,,existing_table_value,Iy_mm4,,existing_table_value,Iz_mm4,,existing_table_value,Ix_mm4,,existing_table_value,It_mm4,,existing_table_value,Iw_mm6,,existing_table_value,Wel_y_mm3,,existing_table_value,Wpl_y_mm3,,existing_table_value,Weff_y_mm3,,existing_table_value,Wel_z_mm3,,existing_table_value,Wpl_z_mm3,,existing_table_value,Weff_z_mm3,,existing_table_value,Avz_mm2,,derived_from_same_source_geometry,same_row_verified_source_geometry,"Av,y = A - tw*(h - 2tf)"
UB,UB 406x178x60,open_i_or_h,British Steel Universal Beams datasheet,CUBD:ENG:072024,https://www.britishsteel.co.uk/wp-content/uploads/2026/02/british-steel-universal-beams-datasheet-190724.pdf,verified_published_table,true,406.4,177.9,7.9,12.8,12.8,10.2,,60.1,7650,7650,215960000,12030000,311305,348000,466000000000,1063000,1199000,1063000,135000,209000,135000,3458,4641.68,existing_table_value,h_mm,,existing_table_value,b_mm,,existing_table_value,tw_mm,,existing_table_value,tf_mm,,existing_table_value,tf_mm,,existing_table_value,r_mm,,derived_from_same_source_geometry,same_row_verified_source_geometry,,existing_table_value,mass_kg_m,,existing_table_value,A_mm2,,existing_table_value,Aeff_mm2,,existing_table_value,Iy_mm4,,existing_table_value,Iz_mm4,,existing_table_value,Ix_mm4,,existing_table_value,It_mm4,,existing_table_value,Iw_mm6,,existing_table_value,Wel_y_mm3,,existing_table_value,Wpl_y_mm3,,existing_table_value,Weff_y_mm3,,existing_table_value,Wel_z_mm3,,existing_table_value,Wpl_z_mm3,,existing_table_value,Weff_z_mm3,,existing_table_value,Avz_mm2,,derived_from_same_source_geometry,same_row_verified_source_geometry,"Av,y = A - tw*(h - 2tf)"
UB,UB 406x178x54,open_i_or_h,British Steel Universal Beams datasheet,CUBD:ENG:072024,https://www.britishsteel.co.uk/wp-content/uploads/2026/02/british-steel-universal-beams-datasheet-190724.pdf,verified_published_table,true,402.6,177.7,7.7,10.9,10.9,10.2,,54.1,6900,6900,187220000,10220000,211367,243000,392000000000,930000,1055000,930000,115000,178000,115000,3332.43,3967.84,existing_table_value,h_mm,,existing_table_value,b_mm,,existing_table_value,tw_mm,,existing_table_value,tf_mm,,existing_table_value,tf_mm,,existing_table_value,r_mm,,derived_from_same_source_geometry,same_row_verified_source_geometry,,existing_table_value,mass_kg_m,,existing_table_value,A_mm2,,existing_table_value,Aeff_mm2,,existing_table_value,Iy_mm4,,existing_table_value,Iz_mm4,,existing_table_value,Ix_mm4,,existing_table_value,It_mm4,,existing_table_value,Iw_mm6,,existing_table_value,Wel_y_mm3,,existing_table_value,Wpl_y_mm3,,existing_table_value,Weff_y_mm3,,existing_table_value,Wel_z_mm3,,existing_table_value,Wpl_z_mm3,,existing_table_value,Weff_z_mm3,,existing_table_value,Avz_mm2,,derived_from_same_source_geometry,same_row_verified_source_geometry,"Av,y = A - tw*(h - 2tf)"
UB,UB 406x140x46,open_i_or_h,British Steel Universal Beams datasheet,CUBD:ENG:072024,https://www.britishsteel.co.uk/wp-content/uploads/2026/02/british-steel-universal-beams-datasheet-190724.pdf,verified_published_table,true,403.2,142.2,6.8,11.2,11.2,10.2,,46,5860,5860,156850000,5380000,173099,202000,207000000000,778000,888000,778000,75700,118000,75700,2979.36,3270.56,existing_table_value,h_mm,,existing_table_value,b_mm,,existing_table_value,tw_mm,,existing_table_value,tf_mm,,existing_table_value,tf_mm,,existing_table_value,r_mm,,derived_from_same_source_geometry,same_row_verified_source_geometry,,existing_table_value,mass_kg_m,,existing_table_value,A_mm2,,existing_table_value,Aeff_mm2,,existing_table_value,Iy_mm4,,existing_table_value,Iz_mm4,,existing_table_value,Ix_mm4,,existing_table_value,It_mm4,,existing_table_value,Iw_mm6,,existing_table_value,Wel_y_mm3,,existing_table_value,Wpl_y_mm3,,existing_table_value,Weff_y_mm3,,existing_table_value,Wel_z_mm3,,existing_table_value,Wpl_z_mm3,,existing_table_value,Weff_z_mm3,,existing_table_value,Avz_mm2,,derived_from_same_source_geometry,same_row_verified_source_geometry,"Av,y = A - tw*(h - 2tf)"
UB,UB 406x140x39,open_i_or_h,British Steel Universal Beams datasheet,CUBD:ENG:072024,https://www.britishsteel.co.uk/wp-content/uploads/2026/02/british-steel-universal-beams-datasheet-190724.pdf,verified_published_table,true,398,141.8,6.4,8.6,8.6,10.2,,39,4970,4970,125080000,4100000,93403,116000,155000000000,629000,724000,629000,57800,90800,57800,2761.52,2532.88,existing_table_value,h_mm,,existing_table_value,b_mm,,existing_table_value,tw_mm,,existing_table_value,tf_mm,,existing_table_value,tf_mm,,existing_table_value,r_mm,,derived_from_same_source_geometry,same_row_verified_source_geometry,,existing_table_value,mass_kg_m,,existing_table_value,A_mm2,,existing_table_value,Aeff_mm2,,existing_table_value,Iy_mm4,,existing_table_value,Iz_mm4,,existing_table_value,Ix_mm4,,existing_table_value,It_mm4,,existing_table_value,Iw_mm6,,existing_table_value,Wel_y_mm3,,existing_table_value,Wpl_y_mm3,,existing_table_value,Weff_y_mm3,,existing_table_value,Wel_z_mm3,,existing_table_value,Wpl_z_mm3,,existing_table_value,Weff_z_mm3,,existing_table_value,Avz_mm2,,derived_from_same_source_geometry,same_row_verified_source_geometry,"Av,y = A - tw*(h - 2tf)"
UB,UB 356x171x67,open_i_or_h,British Steel Universal Beams datasheet,CUBD:ENG:072024,https://www.britishsteel.co.uk/wp-content/uploads/2026/02/british-steel-universal-beams-datasheet-190724.pdf,verified_published_table,true,363.4,173.2,9.1,15.7,15.7,10.2,,67.1,8550,8550,194630000,13620000,530239,577000,412000000000,1071000,1211000,1071000,157000,243000,157000,3574.67,5528.8,existing_table_value,h_mm,,existing_table_value,b_mm,,existing_table_value,tw_mm,,existing_table_value,tf_mm,,existing_table_value,tf_mm,,existing_table_value,r_mm,,derived_from_same_source_geometry,same_row_verified_source_geometry,,existing_table_value,mass_kg_m,,existing_table_value,A_mm2,,existing_table_value,Aeff_mm2,,existing_table_value,Iy_mm4,,existing_table_value,Iz_mm4,,existing_table_value,Ix_mm4,,existing_table_value,It_mm4,,existing_table_value,Iw_mm6,,existing_table_value,Wel_y_mm3,,existing_table_value,Wpl_y_mm3,,existing_table_value,Weff_y_mm3,,existing_table_value,Wel_z_mm3,,existing_table_value,Wpl_z_mm3,,existing_table_value,Weff_z_mm3,,existing_table_value,Avz_mm2,,derived_from_same_source_geometry,same_row_verified_source_geometry,"Av,y = A - tw*(h - 2tf)"
UB,UB 356x171x57,open_i_or_h,British Steel Universal Beams datasheet,CUBD:ENG:072024,https://www.britishsteel.co.uk/wp-content/uploads/2026/02/british-steel-universal-beams-datasheet-190724.pdf,verified_published_table,true,358,172.2,8.1,13,13,10.2,,57,7260,7260,160380000,11090000,311028,349000,330000000000,896000,1010000,896000,129000,199000,129000,3153.3,4570.8,existing_table_value,h_mm,,existing_table_value,b_mm,,existing_table_value,tw_mm,,existing_table_value,tf_mm,,existing_table_value,tf_mm,,existing_table_value,r_mm,,derived_from_same_source_geometry,same_row_verified_source_geometry,,existing_table_value,mass_kg_m,,existing_table_value,A_mm2,,existing_table_value,Aeff_mm2,,existing_table_value,Iy_mm4,,existing_table_value,Iz_mm4,,existing_table_value,Ix_mm4,,existing_table_value,It_mm4,,existing_table_value,Iw_mm6,,existing_table_value,Wel_y_mm3,,existing_table_value,Wpl_y_mm3,,existing_table_value,Weff_y_mm3,,existing_table_value,Wel_z_mm3,,existing_table_value,Wpl_z_mm3,,existing_table_value,Weff_z_mm3,,existing_table_value,Avz_mm2,,derived_from_same_source_geometry,same_row_verified_source_geometry,"Av,y = A - tw*(h - 2tf)"
UB,UB 356x171x51,open_i_or_h,British Steel Universal Beams datasheet,CUBD:ENG:072024,https://www.britishsteel.co.uk/wp-content/uploads/2026/02/british-steel-universal-beams-datasheet-190724.pdf,verified_published_table,true,355,171.5,7.4,11.5,11.5,10.2,,51,6490,6490,141360000,9690000,218731,251000,286000000000,796000,896000,796000,113000,174000,113000,2865.2,4033.2,existing_table_value,h_mm,,existing_table_value,b_mm,,existing_table_value,tw_mm,,existing_table_value,tf_mm,,existing_table_value,tf_mm,,existing_table_value,r_mm,,derived_from_same_source_geometry,same_row_verified_source_geometry,,existing_table_value,mass_kg_m,,existing_table_value,A_mm2,,existing_table_value,Aeff_mm2,,existing_table_value,Iy_mm4,,existing_table_value,Iz_mm4,,existing_table_value,Ix_mm4,,existing_table_value,It_mm4,,existing_table_value,Iw_mm6,,existing_table_value,Wel_y_mm3,,existing_table_value,Wpl_y_mm3,,existing_table_value,Weff_y_mm3,,existing_table_value,Wel_z_mm3,,existing_table_value,Wpl_z_mm3,,existing_table_value,Weff_z_mm3,,existing_table_value,Avz_mm2,,derived_from_same_source_geometry,same_row_verified_source_geometry,"Av,y = A - tw*(h - 2tf)"
UB,UB 356x171x45,open_i_or_h,British Steel Universal Beams datasheet,CUBD:ENG:072024,https://www.britishsteel.co.uk/wp-content/uploads/2026/02/british-steel-universal-beams-datasheet-190724.pdf,verified_published_table,true,351.4,171.1,7,9.7,9.7,10.2,,45,5730,5730,120660000,8110000,142064,169000,237000000000,687000,775000,687000,94800,147000,94800,2676.44,3406,existing_table_value,h_mm,,existing_table_value,b_mm,,existing_table_value,tw_mm,,existing_table_value,tf_mm,,existing_table_value,tf_mm,,existing_table_value,r_mm,,derived_from_same_source_geometry,same_row_verified_source_geometry,,existing_table_value,mass_kg_m,,existing_table_value,A_mm2,,existing_table_value,Aeff_mm2,,existing_table_value,Iy_mm4,,existing_table_value,Iz_mm4,,existing_table_value,Ix_mm4,,existing_table_value,It_mm4,,existing_table_value,Iw_mm6,,existing_table_value,Wel_y_mm3,,existing_table_value,Wpl_y_mm3,,existing_table_value,Weff_y_mm3,,existing_table_value,Wel_z_mm3,,existing_table_value,Wpl_z_mm3,,existing_table_value,Weff_z_mm3,,existing_table_value,Avz_mm2,,derived_from_same_source_geometry,same_row_verified_source_geometry,"Av,y = A - tw*(h - 2tf)"
UB,UB 356x127x39,open_i_or_h,Steel for Life Blue Book,EC3 UK National Annex data v18,https://www.steelforlifebluebook.co.uk/ub/ec3-ukna/section-properties-dimensions-properties/,verified_published_table,true,353.4,126,6.6,10.7,10.7,10.2,,39.1,4980,4980,101720000,3580000,134720,151000,105000000000,576000,659000,576000,56800,89100,56800,2572.5,2788.8,existing_table_value,h_mm,,existing_table_value,b_mm,,existing_table_value,tw_mm,,existing_table_value,tf_mm,,existing_table_value,tf_mm,,existing_table_value,r_mm,,derived_from_same_source_geometry,same_row_verified_source_geometry,,existing_table_value,mass_kg_m,,existing_table_value,A_mm2,,existing_table_value,Aeff_mm2,,existing_table_value,Iy_mm4,,existing_table_value,Iz_mm4,,existing_table_value,Ix_mm4,,existing_table_value,It_mm4,,existing_table_value,Iw_mm6,,existing_table_value,Wel_y_mm3,,existing_table_value,Wpl_y_mm3,,existing_table_value,Weff_y_mm3,,existing_table_value,Wel_z_mm3,,existing_table_value,Wpl_z_mm3,,existing_table_value,Weff_z_mm3,,existing_table_value,Avz_mm2,,derived_from_same_source_geometry,same_row_verified_source_geometry,"Av,y = A - tw*(h - 2tf)"
UB,UB 356x127x33,open_i_or_h,Steel for Life Blue Book,EC3 UK National Annex data v18,https://www.steelforlifebluebook.co.uk/ub/ec3-ukna/section-properties-dimensions-properties/,verified_published_table,true,349,125.4,6,8.5,8.5,10.2,,33.1,4210,4210,82490000,2800000,75245,87900,81000000000,473000,543000,473000,44700,70300,44700,2302.6,2218,existing_table_value,h_mm,,existing_table_value,b_mm,,existing_table_value,tw_mm,,existing_table_value,tf_mm,,existing_table_value,tf_mm,,existing_table_value,r_mm,,derived_from_same_source_geometry,same_row_verified_source_geometry,,existing_table_value,mass_kg_m,,existing_table_value,A_mm2,,existing_table_value,Aeff_mm2,,existing_table_value,Iy_mm4,,existing_table_value,Iz_mm4,,existing_table_value,Ix_mm4,,existing_table_value,It_mm4,,existing_table_value,Iw_mm6,,existing_table_value,Wel_y_mm3,,existing_table_value,Wpl_y_mm3,,existing_table_value,Weff_y_mm3,,existing_table_value,Wel_z_mm3,,existing_table_value,Wpl_z_mm3,,existing_table_value,Weff_z_mm3,,existing_table_value,Avz_mm2,,derived_from_same_source_geometry,same_row_verified_source_geometry,"Av,y = A - tw*(h - 2tf)"
UB,UB 305x165x54,open_i_or_h,British Steel Universal Beams datasheet,CUBD:ENG:072024,https://www.britishsteel.co.uk/wp-content/uploads/2026/02/british-steel-universal-beams-datasheet-190724.pdf,verified_published_table,true,310.4,166.9,7.9,13.7,13.7,8.9,,54,6880,6880,116960000,10630000,332616,348000,234000000000,754000,846000,754000,127000,196000,127000,2659.03,4644.3,existing_table_value,h_mm,,existing_table_value,b_mm,,existing_table_value,tw_mm,,existing_table_value,tf_mm,,existing_table_value,tf_mm,,existing_table_value,r_mm,,derived_from_same_source_geometry,same_row_verified_source_geometry,,existing_table_value,mass_kg_m,,existing_table_value,A_mm2,,existing_table_value,Aeff_mm2,,existing_table_value,Iy_mm4,,existing_table_value,Iz_mm4,,existing_table_value,Ix_mm4,,existing_table_value,It_mm4,,existing_table_value,Iw_mm6,,existing_table_value,Wel_y_mm3,,existing_table_value,Wpl_y_mm3,,existing_table_value,Weff_y_mm3,,existing_table_value,Wel_z_mm3,,existing_table_value,Wpl_z_mm3,,existing_table_value,Weff_z_mm3,,existing_table_value,Avz_mm2,,derived_from_same_source_geometry,same_row_verified_source_geometry,"Av,y = A - tw*(h - 2tf)"
UB,UB 305x165x46,open_i_or_h,British Steel Universal Beams datasheet,CUBD:ENG:072024,https://www.britishsteel.co.uk/wp-content/uploads/2026/02/british-steel-universal-beams-datasheet-190724.pdf,verified_published_table,true,306.6,165.7,6.7,11.8,11.8,8.9,,46.1,5870,5870,98990000,8960000,209872,222000,195000000000,646000,720000,646000,108000,166000,108000,2248.58,3973.9,existing_table_value,h_mm,,existing_table_value,b_mm,,existing_table_value,tw_mm,,existing_table_value,tf_mm,,existing_table_value,tf_mm,,existing_table_value,r_mm,,derived_from_same_source_geometry,same_row_verified_source_geometry,,existing_table_value,mass_kg_m,,existing_table_value,A_mm2,,existing_table_value,Aeff_mm2,,existing_table_value,Iy_mm4,,existing_table_value,Iz_mm4,,existing_table_value,Ix_mm4,,existing_table_value,It_mm4,,existing_table_value,Iw_mm6,,existing_table_value,Wel_y_mm3,,existing_table_value,Wpl_y_mm3,,existing_table_value,Weff_y_mm3,,existing_table_value,Wel_z_mm3,,existing_table_value,Wpl_z_mm3,,existing_table_value,Weff_z_mm3,,existing_table_value,Avz_mm2,,derived_from_same_source_geometry,same_row_verified_source_geometry,"Av,y = A - tw*(h - 2tf)"
UB,UB 305x165x40,open_i_or_h,British Steel Universal Beams datasheet,CUBD:ENG:072024,https://www.britishsteel.co.uk/wp-content/uploads/2026/02/british-steel-universal-beams-datasheet-190724.pdf,verified_published_table,true,303.4,165,6,10.2,10.2,8.9,,40.3,5130,5130,85030000,7640000,137109,147000,164000000000,560000,623000,560000,92600,142000,92600,2006.76,3432,existing_table_value,h_mm,,existing_table_value,b_mm,,existing_table_value,tw_mm,,existing_table_value,tf_mm,,existing_table_value,tf_mm,,existing_table_value,r_mm,,derived_from_same_source_geometry,same_row_verified_source_geometry,,existing_table_value,mass_kg_m,,existing_table_value,A_mm2,,existing_table_value,Aeff_mm2,,existing_table_value,Iy_mm4,,existing_table_value,Iz_mm4,,existing_table_value,Ix_mm4,,existing_table_value,It_mm4,,existing_table_value,Iw_mm6,,existing_table_value,Wel_y_mm3,,existing_table_value,Wpl_y_mm3,,existing_table_value,Weff_y_mm3,,existing_table_value,Wel_z_mm3,,existing_table_value,Wpl_z_mm3,,existing_table_value,Weff_z_mm3,,existing_table_value,Avz_mm2,,derived_from_same_source_geometry,same_row_verified_source_geometry,"Av,y = A - tw*(h - 2tf)"
UB,UB 305x127x48,open_i_or_h,British Steel Universal Beams datasheet,CUBD:ENG:072024,https://www.britishsteel.co.uk/wp-content/uploads/2026/02/british-steel-universal-beams-datasheet-190724.pdf,verified_published_table,true,311,125.3,9,14,14,8.9,,48.1,6120,6120,95750000,4610000,297984,318000,102000000000,616000,711000,616000,73600,116000,73600,2986.8,3573,existing_table_value,h_mm,,existing_table_value,b_mm,,existing_table_value,tw_mm,,existing_table_value,tf_mm,,existing_table_value,tf_mm,,existing_table_value,r_mm,,derived_from_same_source_geometry,same_row_verified_source_geometry,,existing_table_value,mass_kg_m,,existing_table_value,A_mm2,,existing_table_value,Aeff_mm2,,existing_table_value,Iy_mm4,,existing_table_value,Iz_mm4,,existing_table_value,Ix_mm4,,existing_table_value,It_mm4,,existing_table_value,Iw_mm6,,existing_table_value,Wel_y_mm3,,existing_table_value,Wpl_y_mm3,,existing_table_value,Weff_y_mm3,,existing_table_value,Wel_z_mm3,,existing_table_value,Wpl_z_mm3,,existing_table_value,Weff_z_mm3,,existing_table_value,Avz_mm2,,derived_from_same_source_geometry,same_row_verified_source_geometry,"Av,y = A - tw*(h - 2tf)"
UB,UB 305x127x42,open_i_or_h,British Steel Universal Beams datasheet,CUBD:ENG:072024,https://www.britishsteel.co.uk/wp-content/uploads/2026/02/british-steel-universal-beams-datasheet-190724.pdf,verified_published_table,true,307.2,124.3,8,12.1,12.1,8.9,,41.9,5340,5340,81960000,3890000,195102,211000,84600000000,534000,614000,534000,62600,98400,62600,2644.12,3076,existing_table_value,h_mm,,existing_table_value,b_mm,,existing_table_value,tw_mm,,existing_table_value,tf_mm,,existing_table_value,tf_mm,,existing_table_value,r_mm,,derived_from_same_source_geometry,same_row_verified_source_geometry,,existing_table_value,mass_kg_m,,existing_table_value,A_mm2,,existing_table_value,Aeff_mm2,,existing_table_value,Iy_mm4,,existing_table_value,Iz_mm4,,existing_table_value,Ix_mm4,,existing_table_value,It_mm4,,existing_table_value,Iw_mm6,,existing_table_value,Wel_y_mm3,,existing_table_value,Wpl_y_mm3,,existing_table_value,Weff_y_mm3,,existing_table_value,Wel_z_mm3,,existing_table_value,Wpl_z_mm3,,existing_table_value,Weff_z_mm3,,existing_table_value,Avz_mm2,,derived_from_same_source_geometry,same_row_verified_source_geometry,"Av,y = A - tw*(h - 2tf)"
UB,UB 305x127x37,open_i_or_h,British Steel Universal Beams datasheet,CUBD:ENG:072024,https://www.britishsteel.co.uk/wp-content/uploads/2026/02/british-steel-universal-beams-datasheet-190724.pdf,verified_published_table,true,304.4,123.4,7.1,10.7,10.7,8.9,,37,4720,4720,71710000,3360000,134543,148000,72500000000,471000,539000,471000,54500,85400,54500,2345.67,2710.7,existing_table_value,h_mm,,existing_table_value,b_mm,,existing_table_value,tw_mm,,existing_table_value,tf_mm,,existing_table_value,tf_mm,,existing_table_value,r_mm,,derived_from_same_source_geometry,same_row_verified_source_geometry,,existing_table_value,mass_kg_m,,existing_table_value,A_mm2,,existing_table_value,Aeff_mm2,,existing_table_value,Iy_mm4,,existing_table_value,Iz_mm4,,existing_table_value,Ix_mm4,,existing_table_value,It_mm4,,existing_table_value,Iw_mm6,,existing_table_value,Wel_y_mm3,,existing_table_value,Wpl_y_mm3,,existing_table_value,Weff_y_mm3,,existing_table_value,Wel_z_mm3,,existing_table_value,Wpl_z_mm3,,existing_table_value,Weff_z_mm3,,existing_table_value,Avz_mm2,,derived_from_same_source_geometry,same_row_verified_source_geometry,"Av,y = A - tw*(h - 2tf)"
UB,UB 305x102x33,open_i_or_h,British Steel Universal Beams datasheet,CUBD:ENG:072024,https://www.britishsteel.co.uk/wp-content/uploads/2026/02/british-steel-universal-beams-datasheet-190724.pdf,verified_published_table,true,312.7,102.4,6.6,10.8,10.8,7.6,,32.8,4180,4180,65010000,1940000,113893,122000,44200000000,416000,481000,416000,37900,60000,37900,2203.6,2258.74,existing_table_value,h_mm,,existing_table_value,b_mm,,existing_table_value,tw_mm,,existing_table_value,tf_mm,,existing_table_value,tf_mm,,existing_table_value,r_mm,,derived_from_same_source_geometry,same_row_verified_source_geometry,,existing_table_value,mass_kg_m,,existing_table_value,A_mm2,,existing_table_value,Aeff_mm2,,existing_table_value,Iy_mm4,,existing_table_value,Iz_mm4,,existing_table_value,Ix_mm4,,existing_table_value,It_mm4,,existing_table_value,Iw_mm6,,existing_table_value,Wel_y_mm3,,existing_table_value,Wpl_y_mm3,,existing_table_value,Weff_y_mm3,,existing_table_value,Wel_z_mm3,,existing_table_value,Wpl_z_mm3,,existing_table_value,Weff_z_mm3,,existing_table_value,Avz_mm2,,derived_from_same_source_geometry,same_row_verified_source_geometry,"Av,y = A - tw*(h - 2tf)"
UB,UB 305x102x28,open_i_or_h,British Steel Universal Beams datasheet,CUBD:ENG:072024,https://www.britishsteel.co.uk/wp-content/uploads/2026/02/british-steel-universal-beams-datasheet-190724.pdf,verified_published_table,true,308.7,101.8,6,8.8,8.8,7.6,,28.2,3590,3590,53660000,1550000,67208,74000,34900000000,348000,403000,348000,30500,48500,30500,1984.88,1843.4,existing_table_value,h_mm,,existing_table_value,b_mm,,existing_table_value,tw_mm,,existing_table_value,tf_mm,,existing_table_value,tf_mm,,existing_table_value,r_mm,,derived_from_same_source_geometry,same_row_verified_source_geometry,,existing_table_value,mass_kg_m,,existing_table_value,A_mm2,,existing_table_value,Aeff_mm2,,existing_table_value,Iy_mm4,,existing_table_value,Iz_mm4,,existing_table_value,Ix_mm4,,existing_table_value,It_mm4,,existing_table_value,Iw_mm6,,existing_table_value,Wel_y_mm3,,existing_table_value,Wpl_y_mm3,,existing_table_value,Weff_y_mm3,,existing_table_value,Wel_z_mm3,,existing_table_value,Wpl_z_mm3,,existing_table_value,Weff_z_mm3,,existing_table_value,Avz_mm2,,derived_from_same_source_geometry,same_row_verified_source_geometry,"Av,y = A - tw*(h - 2tf)"
UB,UB 305x102x25,open_i_or_h,British Steel Universal Beams datasheet,CUBD:ENG:072024,https://www.britishsteel.co.uk/wp-content/uploads/2026/02/british-steel-universal-beams-datasheet-190724.pdf,verified_published_table,true,305.1,101.6,5.8,7,7,7.6,,24.8,3160,3160,44550000,1230000,42165,47700,27300000000,292000,342000,292000,24200,38800,24200,1884.6,1471.62,existing_table_value,h_mm,,existing_table_value,b_mm,,existing_table_value,tw_mm,,existing_table_value,tf_mm,,existing_table_value,tf_mm,,existing_table_value,r_mm,,derived_from_same_source_geometry,same_row_verified_source_geometry,,existing_table_value,mass_kg_m,,existing_table_value,A_mm2,,existing_table_value,Aeff_mm2,,existing_table_value,Iy_mm4,,existing_table_value,Iz_mm4,,existing_table_value,Ix_mm4,,existing_table_value,It_mm4,,existing_table_value,Iw_mm6,,existing_table_value,Wel_y_mm3,,existing_table_value,Wpl_y_mm3,,existing_table_value,Weff_y_mm3,,existing_table_value,Wel_z_mm3,,existing_table_value,Wpl_z_mm3,,existing_table_value,Weff_z_mm3,,existing_table_value,Avz_mm2,,derived_from_same_source_geometry,same_row_verified_source_geometry,"Av,y = A - tw*(h - 2tf)"
UB,UB 254x146x43,open_i_or_h,British Steel Universal Beams datasheet,CUBD:ENG:072024,https://www.britishsteel.co.uk/wp-content/uploads/2026/02/british-steel-universal-beams-datasheet-190724.pdf,verified_published_table,true,259.6,147.3,7.2,12.7,12.7,7.6,,43,5477,5477,65440000,6770000,230289,239000,103000000000,504100,566300,504200,91970,141100,91970,2020.06,3790.76,existing_table_value,h_mm,,existing_table_value,b_mm,,existing_table_value,tw_mm,,existing_table_value,tf_mm,,existing_table_value,tf_mm,,existing_table_value,r_mm,,derived_from_same_source_geometry,same_row_verified_source_geometry,,existing_table_value,mass_kg_m,,existing_table_value,A_mm2,,existing_table_value,Aeff_mm2,,existing_table_value,Iy_mm4,,existing_table_value,Iz_mm4,,existing_table_value,Ix_mm4,,existing_table_value,It_mm4,,existing_table_value,Iw_mm6,,existing_table_value,Wel_y_mm3,,existing_table_value,Wpl_y_mm3,,existing_table_value,Weff_y_mm3,,existing_table_value,Wel_z_mm3,,existing_table_value,Wpl_z_mm3,,existing_table_value,Weff_z_mm3,,existing_table_value,Avz_mm2,,derived_from_same_source_geometry,same_row_verified_source_geometry,"Av,y = A - tw*(h - 2tf)"
UB,UB 254x146x37,open_i_or_h,British Steel Universal Beams datasheet,CUBD:ENG:072024,https://www.britishsteel.co.uk/wp-content/uploads/2026/02/british-steel-universal-beams-datasheet-190724.pdf,verified_published_table,true,256,146.4,6.3,10.9,10.9,7.6,,37,4717,4635,55370000,5710000,153700,153000,85700000000,432600,483200,432600,77960,119400,77950,1760.4,3241.54,existing_table_value,h_mm,,existing_table_value,b_mm,,existing_table_value,tw_mm,,existing_table_value,tf_mm,,existing_table_value,tf_mm,,existing_table_value,r_mm,,derived_from_same_source_geometry,same_row_verified_source_geometry,,existing_table_value,mass_kg_m,,existing_table_value,A_mm2,,existing_table_value,Aeff_mm2,,existing_table_value,Iy_mm4,,existing_table_value,Iz_mm4,,existing_table_value,Ix_mm4,,existing_table_value,It_mm4,,existing_table_value,Iw_mm6,,existing_table_value,Wel_y_mm3,,existing_table_value,Wpl_y_mm3,,existing_table_value,Weff_y_mm3,,existing_table_value,Wel_z_mm3,,existing_table_value,Wpl_z_mm3,,existing_table_value,Weff_z_mm3,,existing_table_value,Avz_mm2,,derived_from_same_source_geometry,same_row_verified_source_geometry,"Av,y = A - tw*(h - 2tf)"
UB,UB 254x146x31,open_i_or_h,British Steel Universal Beams datasheet,CUBD:ENG:072024,https://www.britishsteel.co.uk/wp-content/uploads/2026/02/british-steel-universal-beams-datasheet-190724.pdf,verified_published_table,true,251.4,146.1,6,8.6,8.6,7.6,,31.1,3970,3970,44130000,4480000,78814,85500,66000000000,351000,393000,351000,61300,94100,61300,1639.4,2564.8,existing_table_value,h_mm,,existing_table_value,b_mm,,existing_table_value,tw_mm,,existing_table_value,tf_mm,,existing_table_value,tf_mm,,existing_table_value,r_mm,,derived_from_same_source_geometry,same_row_verified_source_geometry,,existing_table_value,mass_kg_m,,existing_table_value,A_mm2,,existing_table_value,Aeff_mm2,,existing_table_value,Iy_mm4,,existing_table_value,Iz_mm4,,existing_table_value,Ix_mm4,,existing_table_value,It_mm4,,existing_table_value,Iw_mm6,,existing_table_value,Wel_y_mm3,,existing_table_value,Wpl_y_mm3,,existing_table_value,Weff_y_mm3,,existing_table_value,Wel_z_mm3,,existing_table_value,Wpl_z_mm3,,existing_table_value,Weff_z_mm3,,existing_table_value,Avz_mm2,,derived_from_same_source_geometry,same_row_verified_source_geometry,"Av,y = A - tw*(h - 2tf)"
UB,UB 254x102x28,open_i_or_h,British Steel Universal Beams datasheet,CUBD:ENG:072024,https://www.britishsteel.co.uk/wp-content/uploads/2026/02/british-steel-universal-beams-datasheet-190724.pdf,verified_published_table,true,260.4,102.2,6.3,10,10,7.6,,28.3,3610,3610,40050000,1790000,88170,95700,28000000000,308000,353000,308000,34900,54800,34900,1781,2095.48,existing_table_value,h_mm,,existing_table_value,b_mm,,existing_table_value,tw_mm,,existing_table_value,tf_mm,,existing_table_value,tf_mm,,existing_table_value,r_mm,,derived_from_same_source_geometry,same_row_verified_source_geometry,,existing_table_value,mass_kg_m,,existing_table_value,A_mm2,,existing_table_value,Aeff_mm2,,existing_table_value,Iy_mm4,,existing_table_value,Iz_mm4,,existing_table_value,Ix_mm4,,existing_table_value,It_mm4,,existing_table_value,Iw_mm6,,existing_table_value,Wel_y_mm3,,existing_table_value,Wpl_y_mm3,,existing_table_value,Weff_y_mm3,,existing_table_value,Wel_z_mm3,,existing_table_value,Wpl_z_mm3,,existing_table_value,Weff_z_mm3,,existing_table_value,Avz_mm2,,derived_from_same_source_geometry,same_row_verified_source_geometry,"Av,y = A - tw*(h - 2tf)"
UB,UB 254x102x25,open_i_or_h,British Steel Universal Beams datasheet,CUBD:ENG:072024,https://www.britishsteel.co.uk/wp-content/uploads/2026/02/british-steel-universal-beams-datasheet-190724.pdf,verified_published_table,true,257.2,101.9,6,8.4,8.4,7.6,,25.2,3200,3200,34150000,1490000,57573,64200,23000000000,266000,306000,266000,29200,46000,29200,1666.16,1757.6,existing_table_value,h_mm,,existing_table_value,b_mm,,existing_table_value,tw_mm,,existing_table_value,tf_mm,,existing_table_value,tf_mm,,existing_table_value,r_mm,,derived_from_same_source_geometry,same_row_verified_source_geometry,,existing_table_value,mass_kg_m,,existing_table_value,A_mm2,,existing_table_value,Aeff_mm2,,existing_table_value,Iy_mm4,,existing_table_value,Iz_mm4,,existing_table_value,Ix_mm4,,existing_table_value,It_mm4,,existing_table_value,Iw_mm6,,existing_table_value,Wel_y_mm3,,existing_table_value,Wpl_y_mm3,,existing_table_value,Weff_y_mm3,,existing_table_value,Wel_z_mm3,,existing_table_value,Wpl_z_mm3,,existing_table_value,Weff_z_mm3,,existing_table_value,Avz_mm2,,derived_from_same_source_geometry,same_row_verified_source_geometry,"Av,y = A - tw*(h - 2tf)"
UB,UB 254x102x22,open_i_or_h,British Steel Universal Beams datasheet,CUBD:ENG:072024,https://www.britishsteel.co.uk/wp-content/uploads/2026/02/british-steel-universal-beams-datasheet-190724.pdf,verified_published_table,true,254,101.6,5.7,6.8,6.8,7.6,,22,2800,2800,28410000,1190000,36138,41500,18200000000,224000,259000,224000,23500,37300,23500,1560.36,1429.72,existing_table_value,h_mm,,existing_table_value,b_mm,,existing_table_value,tw_mm,,existing_table_value,tf_mm,,existing_table_value,tf_mm,,existing_table_value,r_mm,,derived_from_same_source_geometry,same_row_verified_source_geometry,,existing_table_value,mass_kg_m,,existing_table_value,A_mm2,,existing_table_value,Aeff_mm2,,existing_table_value,Iy_mm4,,existing_table_value,Iz_mm4,,existing_table_value,Ix_mm4,,existing_table_value,It_mm4,,existing_table_value,Iw_mm6,,existing_table_value,Wel_y_mm3,,existing_table_value,Wpl_y_mm3,,existing_table_value,Weff_y_mm3,,existing_table_value,Wel_z_mm3,,existing_table_value,Wpl_z_mm3,,existing_table_value,Weff_z_mm3,,existing_table_value,Avz_mm2,,derived_from_same_source_geometry,same_row_verified_source_geometry,"Av,y = A - tw*(h - 2tf)"
UB,UB 203x133x30,open_i_or_h,British Steel Universal Beams datasheet,CUBD:ENG:072024,https://www.britishsteel.co.uk/wp-content/uploads/2026/02/british-steel-universal-beams-datasheet-190724.pdf,verified_published_table,true,206.8,133.9,6.4,9.6,9.6,7.6,,30,3820,3820,28960000,3850000,95370,103000,37400000000,280000,314000,280000,57500,88200,57500,1456.48,2619.36,existing_table_value,h_mm,,existing_table_value,b_mm,,existing_table_value,tw_mm,,existing_table_value,tf_mm,,existing_table_value,tf_mm,,existing_table_value,r_mm,,derived_from_same_source_geometry,same_row_verified_source_geometry,,existing_table_value,mass_kg_m,,existing_table_value,A_mm2,,existing_table_value,Aeff_mm2,,existing_table_value,Iy_mm4,,existing_table_value,Iz_mm4,,existing_table_value,Ix_mm4,,existing_table_value,It_mm4,,existing_table_value,Iw_mm6,,existing_table_value,Wel_y_mm3,,existing_table_value,Wpl_y_mm3,,existing_table_value,Weff_y_mm3,,existing_table_value,Wel_z_mm3,,existing_table_value,Wpl_z_mm3,,existing_table_value,Weff_z_mm3,,existing_table_value,Avz_mm2,,derived_from_same_source_geometry,same_row_verified_source_geometry,"Av,y = A - tw*(h - 2tf)"
UB,UB 203x133x25,open_i_or_h,British Steel Universal Beams datasheet,CUBD:ENG:072024,https://www.britishsteel.co.uk/wp-content/uploads/2026/02/british-steel-universal-beams-datasheet-190724.pdf,verified_published_table,true,203.2,133.2,5.7,7.8,7.8,7.6,,25.1,3200,3200,23400000,3080000,53721,59600,29400000000,230000,258000,230000,46200,70900,46200,1285.1,2130.68,existing_table_value,h_mm,,existing_table_value,b_mm,,existing_table_value,tw_mm,,existing_table_value,tf_mm,,existing_table_value,tf_mm,,existing_table_value,r_mm,,derived_from_same_source_geometry,same_row_verified_source_geometry,,existing_table_value,mass_kg_m,,existing_table_value,A_mm2,,existing_table_value,Aeff_mm2,,existing_table_value,Iy_mm4,,existing_table_value,Iz_mm4,,existing_table_value,Ix_mm4,,existing_table_value,It_mm4,,existing_table_value,Iw_mm6,,existing_table_value,Wel_y_mm3,,existing_table_value,Wpl_y_mm3,,existing_table_value,Weff_y_mm3,,existing_table_value,Wel_z_mm3,,existing_table_value,Wpl_z_mm3,,existing_table_value,Weff_z_mm3,,existing_table_value,Avz_mm2,,derived_from_same_source_geometry,same_row_verified_source_geometry,"Av,y = A - tw*(h - 2tf)"
UB,UB 203x102x23,open_i_or_h,British Steel Universal Beams datasheet,CUBD:ENG:072024,https://www.britishsteel.co.uk/wp-content/uploads/2026/02/british-steel-universal-beams-datasheet-190724.pdf,verified_published_table,true,203.2,101.8,5.4,9.3,9.3,7.6,,23.1,2940,2940,21050000,1640000,64278,70200,15400000000,207000,234000,207000,32200,49800,32200,1238.1,1943.16,existing_table_value,h_mm,,existing_table_value,b_mm,,existing_table_value,tw_mm,,existing_table_value,tf_mm,,existing_table_value,tf_mm,,existing_table_value,r_mm,,derived_from_same_source_geometry,same_row_verified_source_geometry,,existing_table_value,mass_kg_m,,existing_table_value,A_mm2,,existing_table_value,Aeff_mm2,,existing_table_value,Iy_mm4,,existing_table_value,Iz_mm4,,existing_table_value,Ix_mm4,,existing_table_value,It_mm4,,existing_table_value,Iw_mm6,,existing_table_value,Wel_y_mm3,,existing_table_value,Wpl_y_mm3,,existing_table_value,Weff_y_mm3,,existing_table_value,Wel_z_mm3,,existing_table_value,Wpl_z_mm3,,existing_table_value,Weff_z_mm3,,existing_table_value,Avz_mm2,,derived_from_same_source_geometry,same_row_verified_source_geometry,"Av,y = A - tw*(h - 2tf)"
UB,UB 178x102x19,open_i_or_h,British Steel Universal Beams datasheet,CUBD:ENG:072024,https://www.britishsteel.co.uk/wp-content/uploads/2026/02/british-steel-universal-beams-datasheet-190724.pdf,verified_published_table,true,177.8,101.2,4.8,7.9,7.9,7.6,,19,2430,2430,13560000,1370000,39236,44100,9900000000,153000,171000,153000,27000,41600,27000,989.04,1652.4,existing_table_value,h_mm,,existing_table_value,b_mm,,existing_table_value,tw_mm,,existing_table_value,tf_mm,,existing_table_value,tf_mm,,existing_table_value,r_mm,,derived_from_same_source_geometry,same_row_verified_source_geometry,,existing_table_value,mass_kg_m,,existing_table_value,A_mm2,,existing_table_value,Aeff_mm2,,existing_table_value,Iy_mm4,,existing_table_value,Iz_mm4,,existing_table_value,Ix_mm4,,existing_table_value,It_mm4,,existing_table_value,Iw_mm6,,existing_table_value,Wel_y_mm3,,existing_table_value,Wpl_y_mm3,,existing_table_value,Weff_y_mm3,,existing_table_value,Wel_z_mm3,,existing_table_value,Wpl_z_mm3,,existing_table_value,Weff_z_mm3,,existing_table_value,Avz_mm2,,derived_from_same_source_geometry,same_row_verified_source_geometry,"Av,y = A - tw*(h - 2tf)"
UB,UB 152x89x16,open_i_or_h,British Steel Universal Beams datasheet,CUBD:ENG:072024,https://www.britishsteel.co.uk/wp-content/uploads/2026/02/british-steel-universal-beams-datasheet-190724.pdf,verified_published_table,true,152.4,88.7,4.5,7.7,7.7,7.6,,16,2030,2030,8340000,900000,31158,35600,4700000000,109000,123000,109000,20200,31200,20200,815.71,1413.5,existing_table_value,h_mm,,existing_table_value,b_mm,,existing_table_value,tw_mm,,existing_table_value,tf_mm,,existing_table_value,tf_mm,,existing_table_value,r_mm,,derived_from_same_source_geometry,same_row_verified_source_geometry,,existing_table_value,mass_kg_m,,existing_table_value,A_mm2,,existing_table_value,Aeff_mm2,,existing_table_value,Iy_mm4,,existing_table_value,Iz_mm4,,existing_table_value,Ix_mm4,,existing_table_value,It_mm4,,existing_table_value,Iw_mm6,,existing_table_value,Wel_y_mm3,,existing_table_value,Wpl_y_mm3,,existing_table_value,Weff_y_mm3,,existing_table_value,Wel_z_mm3,,existing_table_value,Wpl_z_mm3,,existing_table_value,Weff_z_mm3,,existing_table_value,Avz_mm2,,derived_from_same_source_geometry,same_row_verified_source_geometry,"Av,y = A - tw*(h - 2tf)"
UB,UB 127x76x13,open_i_or_h,British Steel Universal Beams datasheet,CUBD:ENG:072024,https://www.britishsteel.co.uk/wp-content/uploads/2026/02/british-steel-universal-beams-datasheet-190724.pdf,verified_published_table,true,127,76,4,7.6,7.6,7.6,,13,1650,1650,4730000,560000,24627,28500,2000000000,74600,84200,74600,14700,22600,14700,640.72,1202.8,existing_table_value,h_mm,,existing_table_value,b_mm,,existing_table_value,tw_mm,,existing_table_value,tf_mm,,existing_table_value,tf_mm,,existing_table_value,r_mm,,derived_from_same_source_geometry,same_row_verified_source_geometry,,existing_table_value,mass_kg_m,,existing_table_value,A_mm2,,existing_table_value,Aeff_mm2,,existing_table_value,Iy_mm4,,existing_table_value,Iz_mm4,,existing_table_value,Ix_mm4,,existing_table_value,It_mm4,,existing_table_value,Iw_mm6,,existing_table_value,Wel_y_mm3,,existing_table_value,Wpl_y_mm3,,existing_table_value,Weff_y_mm3,,existing_table_value,Wel_z_mm3,,existing_table_value,Wpl_z_mm3,,existing_table_value,Weff_z_mm3,,existing_table_value,Avz_mm2,,derived_from_same_source_geometry,same_row_verified_source_geometry,"Av,y = A - tw*(h - 2tf)"
UC,UC 356x406x634,open_i_or_h,British Steel Universal Columns datasheet,CUCD:ENG:072023,https://www.britishsteel.co.uk/wp-content/uploads/2026/02/british-steel-universal-columns-datasheet-100723.pdf,verified_published_table,true,474.6,424,47.6,77,77,15.2,,633.9,80800,80800,2748450000,981380000,140572250,139200000,38800000000000,11582000,14235000,11582000,4629000,7108000,4629000,21510,65539.44,existing_table_value,h_mm,,existing_table_value,b_mm,,existing_table_value,tw_mm,,existing_table_value,tf_mm,,existing_table_value,tf_mm,,existing_table_value,r_mm,,derived_from_same_source_geometry,same_row_verified_source_geometry,,existing_table_value,mass_kg_m,,existing_table_value,A_mm2,,existing_table_value,Aeff_mm2,,existing_table_value,Iy_mm4,,existing_table_value,Iz_mm4,,existing_table_value,Ix_mm4,,existing_table_value,It_mm4,,existing_table_value,Iw_mm6,,existing_table_value,Wel_y_mm3,,existing_table_value,Wpl_y_mm3,,existing_table_value,Weff_y_mm3,,existing_table_value,Wel_z_mm3,,existing_table_value,Wpl_z_mm3,,existing_table_value,Weff_z_mm3,,existing_table_value,Avz_mm2,,derived_from_same_source_geometry,same_row_verified_source_geometry,"Av,y = A - tw*(h - 2tf)"
UC,UC 356x406x551,open_i_or_h,British Steel Universal Columns datasheet,CUCD:ENG:072023,https://www.britishsteel.co.uk/wp-content/uploads/2026/02/british-steel-universal-columns-datasheet-100723.pdf,verified_published_table,true,455.6,418.5,42.1,67.5,67.5,15.2,,551,70200,70200,2269380000,826810000,93779804,93810000,31100000000000,9962000,12076000,9962000,3951000,6058000,3951000,18596.25,56702.74,existing_table_value,h_mm,,existing_table_value,b_mm,,existing_table_value,tw_mm,,existing_table_value,tf_mm,,existing_table_value,tf_mm,,existing_table_value,r_mm,,derived_from_same_source_geometry,same_row_verified_source_geometry,,existing_table_value,mass_kg_m,,existing_table_value,A_mm2,,existing_table_value,Aeff_mm2,,existing_table_value,Iy_mm4,,existing_table_value,Iz_mm4,,existing_table_value,Ix_mm4,,existing_table_value,It_mm4,,existing_table_value,Iw_mm6,,existing_table_value,Wel_y_mm3,,existing_table_value,Wpl_y_mm3,,existing_table_value,Weff_y_mm3,,existing_table_value,Wel_z_mm3,,existing_table_value,Wpl_z_mm3,,existing_table_value,Weff_z_mm3,,existing_table_value,Avz_mm2,,derived_from_same_source_geometry,same_row_verified_source_geometry,"Av,y = A - tw*(h - 2tf)"
UC,UC 356x406x467,open_i_or_h,British Steel Universal Columns datasheet,CUCD:ENG:072023,https://www.britishsteel.co.uk/wp-content/uploads/2026/02/british-steel-universal-columns-datasheet-100723.pdf,verified_published_table,true,436.6,412.2,35.8,58,58,15.2,,467,59490,59490,1830000000,678420000,58960000,59050000,24300000000000,8383000,10000000,8383000,3291000,5034000,3291000,15514.52,48012.52,existing_table_value,h_mm,,existing_table_value,b_mm,,existing_table_value,tw_mm,,existing_table_value,tf_mm,,existing_table_value,tf_mm,,existing_table_value,r_mm,,derived_from_same_source_geometry,same_row_verified_source_geometry,,existing_table_value,mass_kg_m,,existing_table_value,A_mm2,,existing_table_value,Aeff_mm2,,existing_table_value,Iy_mm4,,existing_table_value,Iz_mm4,,existing_table_value,Ix_mm4,,existing_table_value,It_mm4,,existing_table_value,Iw_mm6,,existing_table_value,Wel_y_mm3,,existing_table_value,Wpl_y_mm3,,existing_table_value,Weff_y_mm3,,existing_table_value,Wel_z_mm3,,existing_table_value,Wpl_z_mm3,,existing_table_value,Weff_z_mm3,,existing_table_value,Avz_mm2,,derived_from_same_source_geometry,same_row_verified_source_geometry,"Av,y = A - tw*(h - 2tf)"
UC,UC 356x406x393,open_i_or_h,British Steel Universal Columns datasheet,CUCD:ENG:072023,https://www.britishsteel.co.uk/wp-content/uploads/2026/02/british-steel-universal-columns-datasheet-100723.pdf,verified_published_table,true,419,407,30.6,49.2,49.2,15.2,,393,50100,50100,1466180000,553740000,35376585,36110000,18900000000000,6998000,8222000,6998000,2721000,4154000,2721000,13052.4,40289.64,existing_table_value,h_mm,,existing_table_value,b_mm,,existing_table_value,tw_mm,,existing_table_value,tf_mm,,existing_table_value,tf_mm,,existing_table_value,r_mm,,derived_from_same_source_geometry,same_row_verified_source_geometry,,existing_table_value,mass_kg_m,,existing_table_value,A_mm2,,existing_table_value,Aeff_mm2,,existing_table_value,Iy_mm4,,existing_table_value,Iz_mm4,,existing_table_value,Ix_mm4,,existing_table_value,It_mm4,,existing_table_value,Iw_mm6,,existing_table_value,Wel_y_mm3,,existing_table_value,Wpl_y_mm3,,existing_table_value,Weff_y_mm3,,existing_table_value,Wel_z_mm3,,existing_table_value,Wpl_z_mm3,,existing_table_value,Weff_z_mm3,,existing_table_value,Avz_mm2,,derived_from_same_source_geometry,same_row_verified_source_geometry,"Av,y = A - tw*(h - 2tf)"
UC,UC 356x406x340,open_i_or_h,British Steel Universal Columns datasheet,CUCD:ENG:072023,https://www.britishsteel.co.uk/wp-content/uploads/2026/02/british-steel-universal-columns-datasheet-100723.pdf,verified_published_table,true,406.4,403,26.6,42.9,42.9,15.2,,339.9,43300,43300,1225430000,468590000,23223545,23910000,15500000000000,6031000,6999000,6031000,2325000,3544000,2325000,11167.9,34772.04,existing_table_value,h_mm,,existing_table_value,b_mm,,existing_table_value,tw_mm,,existing_table_value,tf_mm,,existing_table_value,tf_mm,,existing_table_value,r_mm,,derived_from_same_source_geometry,same_row_verified_source_geometry,,existing_table_value,mass_kg_m,,existing_table_value,A_mm2,,existing_table_value,Aeff_mm2,,existing_table_value,Iy_mm4,,existing_table_value,Iz_mm4,,existing_table_value,Ix_mm4,,existing_table_value,It_mm4,,existing_table_value,Iw_mm6,,existing_table_value,Wel_y_mm3,,existing_table_value,Wpl_y_mm3,,existing_table_value,Weff_y_mm3,,existing_table_value,Wel_z_mm3,,existing_table_value,Wpl_z_mm3,,existing_table_value,Weff_z_mm3,,existing_table_value,Avz_mm2,,derived_from_same_source_geometry,same_row_verified_source_geometry,"Av,y = A - tw*(h - 2tf)"
UC,UC 356x406x287,open_i_or_h,British Steel Universal Columns datasheet,CUCD:ENG:072023,https://www.britishsteel.co.uk/wp-content/uploads/2026/02/british-steel-universal-columns-datasheet-100723.pdf,verified_published_table,true,393.6,399,22.6,36.5,36.5,15.2,,287.1,36600,36600,998750000,386820000,14168396,14740000,12300000000000,5075000,5812000,5075000,1939000,2949000,1939000,9407.5,29354.44,existing_table_value,h_mm,,existing_table_value,b_mm,,existing_table_value,tw_mm,,existing_table_value,tf_mm,,existing_table_value,tf_mm,,existing_table_value,r_mm,,derived_from_same_source_geometry,same_row_verified_source_geometry,,existing_table_value,mass_kg_m,,existing_table_value,A_mm2,,existing_table_value,Aeff_mm2,,existing_table_value,Iy_mm4,,existing_table_value,Iz_mm4,,existing_table_value,Ix_mm4,,existing_table_value,It_mm4,,existing_table_value,Iw_mm6,,existing_table_value,Wel_y_mm3,,existing_table_value,Wpl_y_mm3,,existing_table_value,Weff_y_mm3,,existing_table_value,Wel_z_mm3,,existing_table_value,Wpl_z_mm3,,existing_table_value,Weff_z_mm3,,existing_table_value,Avz_mm2,,derived_from_same_source_geometry,same_row_verified_source_geometry,"Av,y = A - tw*(h - 2tf)"
UC,UC 356x406x235,open_i_or_h,British Steel Universal Columns datasheet,CUCD:ENG:072023,https://www.britishsteel.co.uk/wp-content/uploads/2026/02/british-steel-universal-columns-datasheet-100723.pdf,verified_published_table,true,381,394.8,18.4,30.2,30.2,15.2,,235.1,29900,29900,790850000,309970000,7915204,8340000,9540000000000,4151000,4687000,4151000,1570000,2383000,1570000,7527.84,24000.96,existing_table_value,h_mm,,existing_table_value,b_mm,,existing_table_value,tw_mm,,existing_table_value,tf_mm,,existing_table_value,tf_mm,,existing_table_value,r_mm,,derived_from_same_source_geometry,same_row_verified_source_geometry,,existing_table_value,mass_kg_m,,existing_table_value,A_mm2,,existing_table_value,Aeff_mm2,,existing_table_value,Iy_mm4,,existing_table_value,Iz_mm4,,existing_table_value,Ix_mm4,,existing_table_value,It_mm4,,existing_table_value,Iw_mm6,,existing_table_value,Wel_y_mm3,,existing_table_value,Wpl_y_mm3,,existing_table_value,Weff_y_mm3,,existing_table_value,Wel_z_mm3,,existing_table_value,Wpl_z_mm3,,existing_table_value,Weff_z_mm3,,existing_table_value,Avz_mm2,,derived_from_same_source_geometry,same_row_verified_source_geometry,"Av,y = A - tw*(h - 2tf)"
UC,UC 356x368x202,open_i_or_h,British Steel Universal Columns datasheet,CUCD:ENG:072023,https://www.britishsteel.co.uk/wp-content/uploads/2026/02/british-steel-universal-columns-datasheet-100723.pdf,verified_published_table,true,374.6,374.7,16.5,27,27,15.2,,201.9,25700,25700,662610000,236920000,5396872,5760000,7160000000000,3538000,3972000,3538000,1264000,1920000,1264000,6732.5,20410.1,existing_table_value,h_mm,,existing_table_value,b_mm,,existing_table_value,tw_mm,,existing_table_value,tf_mm,,existing_table_value,tf_mm,,existing_table_value,r_mm,,derived_from_same_source_geometry,same_row_verified_source_geometry,,existing_table_value,mass_kg_m,,existing_table_value,A_mm2,,existing_table_value,Aeff_mm2,,existing_table_value,Iy_mm4,,existing_table_value,Iz_mm4,,existing_table_value,Ix_mm4,,existing_table_value,It_mm4,,existing_table_value,Iw_mm6,,existing_table_value,Wel_y_mm3,,existing_table_value,Wpl_y_mm3,,existing_table_value,Weff_y_mm3,,existing_table_value,Wel_z_mm3,,existing_table_value,Wpl_z_mm3,,existing_table_value,Weff_z_mm3,,existing_table_value,Avz_mm2,,derived_from_same_source_geometry,same_row_verified_source_geometry,"Av,y = A - tw*(h - 2tf)"
UC,UC 356x368x177,open_i_or_h,British Steel Universal Columns datasheet,CUCD:ENG:072023,https://www.britishsteel.co.uk/wp-content/uploads/2026/02/british-steel-universal-columns-datasheet-100723.pdf,verified_published_table,true,368.2,372.6,14.4,23.8,23.8,15.2,,177,22600,22600,571180000,205320000,3667850,3960000,6090000000000,3103000,3455000,3103000,1102000,1671000,1102000,5930.48,17983.36,existing_table_value,h_mm,,existing_table_value,b_mm,,existing_table_value,tw_mm,,existing_table_value,tf_mm,,existing_table_value,tf_mm,,existing_table_value,r_mm,,derived_from_same_source_geometry,same_row_verified_source_geometry,,existing_table_value,mass_kg_m,,existing_table_value,A_mm2,,existing_table_value,Aeff_mm2,,existing_table_value,Iy_mm4,,existing_table_value,Iz_mm4,,existing_table_value,Ix_mm4,,existing_table_value,It_mm4,,existing_table_value,Iw_mm6,,existing_table_value,Wel_y_mm3,,existing_table_value,Wpl_y_mm3,,existing_table_value,Weff_y_mm3,,existing_table_value,Wel_z_mm3,,existing_table_value,Wpl_z_mm3,,existing_table_value,Weff_z_mm3,,existing_table_value,Avz_mm2,,derived_from_same_source_geometry,same_row_verified_source_geometry,"Av,y = A - tw*(h - 2tf)"
UC,UC 356x368x153,open_i_or_h,British Steel Universal Columns datasheet,CUCD:ENG:072023,https://www.britishsteel.co.uk/wp-content/uploads/2026/02/british-steel-universal-columns-datasheet-100723.pdf,verified_published_table,true,362,370.5,12.3,20.7,20.7,20,,153,19480,19480,489300000,175560000,2389691,2610000,5110000000000,2703000,2987000,2703000,947600,1436000,947600,5369,15536.62,existing_table_value,h_mm,,existing_table_value,b_mm,,existing_table_value,tw_mm,,existing_table_value,tf_mm,,existing_table_value,tf_mm,,existing_table_value,r_mm,,derived_from_same_source_geometry,same_row_verified_source_geometry,,existing_table_value,mass_kg_m,,existing_table_value,A_mm2,,existing_table_value,Aeff_mm2,,existing_table_value,Iy_mm4,,existing_table_value,Iz_mm4,,existing_table_value,Ix_mm4,,existing_table_value,It_mm4,,existing_table_value,Iw_mm6,,existing_table_value,Wel_y_mm3,,existing_table_value,Wpl_y_mm3,,existing_table_value,Weff_y_mm3,,existing_table_value,Wel_z_mm3,,existing_table_value,Wpl_z_mm3,,existing_table_value,Weff_z_mm3,,existing_table_value,Avz_mm2,,derived_from_same_source_geometry,same_row_verified_source_geometry,"Av,y = A - tw*(h - 2tf)"
UC,UC 356x368x129,open_i_or_h,British Steel Universal Columns datasheet,CUCD:ENG:072023,https://www.britishsteel.co.uk/wp-content/uploads/2026/02/british-steel-universal-columns-datasheet-100723.pdf,verified_published_table,true,355.6,368.6,10.4,17.5,17.5,15.2,,129,16400,16400,402460000,146130000,1437188,1610000,4180000000000,2264000,2479000,2264000,793000,1199000,793000,4213,13065.76,existing_table_value,h_mm,,existing_table_value,b_mm,,existing_table_value,tw_mm,,existing_table_value,tf_mm,,existing_table_value,tf_mm,,existing_table_value,r_mm,,derived_from_same_source_geometry,same_row_verified_source_geometry,,existing_table_value,mass_kg_m,,existing_table_value,A_mm2,,existing_table_value,Aeff_mm2,,existing_table_value,Iy_mm4,,existing_table_value,Iz_mm4,,existing_table_value,Ix_mm4,,existing_table_value,It_mm4,,existing_table_value,Iw_mm6,,existing_table_value,Wel_y_mm3,,existing_table_value,Wpl_y_mm3,,existing_table_value,Weff_y_mm3,,existing_table_value,Wel_z_mm3,,existing_table_value,Wpl_z_mm3,,existing_table_value,Weff_z_mm3,,existing_table_value,Avz_mm2,,derived_from_same_source_geometry,same_row_verified_source_geometry,"Av,y = A - tw*(h - 2tf)"
UC,UC 305x305x283,open_i_or_h,British Steel Universal Columns datasheet,CUCD:ENG:072023,https://www.britishsteel.co.uk/wp-content/uploads/2026/02/british-steel-universal-columns-datasheet-100723.pdf,verified_published_table,true,365.3,322.2,26.8,44.1,44.1,15.2,,282.9,36000,36000,788720000,246410000,20200513,20840000,6360000000000,4318000,5105000,4318000,1529000,2342000,1529000,10104.48,28573.72,existing_table_value,h_mm,,existing_table_value,b_mm,,existing_table_value,tw_mm,,existing_table_value,tf_mm,,existing_table_value,tf_mm,,existing_table_value,r_mm,,derived_from_same_source_geometry,same_row_verified_source_geometry,,existing_table_value,mass_kg_m,,existing_table_value,A_mm2,,existing_table_value,Aeff_mm2,,existing_table_value,Iy_mm4,,existing_table_value,Iz_mm4,,existing_table_value,Ix_mm4,,existing_table_value,It_mm4,,existing_table_value,Iw_mm6,,existing_table_value,Wel_y_mm3,,existing_table_value,Wpl_y_mm3,,existing_table_value,Weff_y_mm3,,existing_table_value,Wel_z_mm3,,existing_table_value,Wpl_z_mm3,,existing_table_value,Weff_z_mm3,,existing_table_value,Avz_mm2,,derived_from_same_source_geometry,same_row_verified_source_geometry,"Av,y = A - tw*(h - 2tf)"
UC,UC 305x305x240,open_i_or_h,British Steel Universal Columns datasheet,CUCD:ENG:072023,https://www.britishsteel.co.uk/wp-content/uploads/2026/02/british-steel-universal-columns-datasheet-100723.pdf,verified_published_table,true,352.5,318.4,23,37.7,37.7,15.2,,240,30600,30600,642030000,203190000,12497632,13070000,5030000000000,3643000,4247000,3643000,1276000,1951000,1276000,8605.82,24226.7,existing_table_value,h_mm,,existing_table_value,b_mm,,existing_table_value,tw_mm,,existing_table_value,tf_mm,,existing_table_value,tf_mm,,existing_table_value,r_mm,,derived_from_same_source_geometry,same_row_verified_source_geometry,,existing_table_value,mass_kg_m,,existing_table_value,A_mm2,,existing_table_value,Aeff_mm2,,existing_table_value,Iy_mm4,,existing_table_value,Iz_mm4,,existing_table_value,Ix_mm4,,existing_table_value,It_mm4,,existing_table_value,Iw_mm6,,existing_table_value,Wel_y_mm3,,existing_table_value,Wpl_y_mm3,,existing_table_value,Weff_y_mm3,,existing_table_value,Wel_z_mm3,,existing_table_value,Wpl_z_mm3,,existing_table_value,Weff_z_mm3,,existing_table_value,Avz_mm2,,derived_from_same_source_geometry,same_row_verified_source_geometry,"Av,y = A - tw*(h - 2tf)"
UC,UC 305x305x198,open_i_or_h,British Steel Universal Columns datasheet,CUCD:ENG:072023,https://www.britishsteel.co.uk/wp-content/uploads/2026/02/british-steel-universal-columns-datasheet-100723.pdf,verified_published_table,true,339.9,314.5,19.1,31.4,31.4,15.2,,198.1,25200,25200,509040000,163030000,7134700,7580000,3880000000000,2995000,3440000,2995000,1037000,1581000,1037000,7003.7,19907.39,existing_table_value,h_mm,,existing_table_value,b_mm,,existing_table_value,tw_mm,,existing_table_value,tf_mm,,existing_table_value,tf_mm,,existing_table_value,r_mm,,derived_from_same_source_geometry,same_row_verified_source_geometry,,existing_table_value,mass_kg_m,,existing_table_value,A_mm2,,existing_table_value,Aeff_mm2,,existing_table_value,Iy_mm4,,existing_table_value,Iz_mm4,,existing_table_value,Ix_mm4,,existing_table_value,It_mm4,,existing_table_value,Iw_mm6,,existing_table_value,Wel_y_mm3,,existing_table_value,Wpl_y_mm3,,existing_table_value,Weff_y_mm3,,existing_table_value,Wel_z_mm3,,existing_table_value,Wpl_z_mm3,,existing_table_value,Weff_z_mm3,,existing_table_value,Avz_mm2,,derived_from_same_source_geometry,same_row_verified_source_geometry,"Av,y = A - tw*(h - 2tf)"
UC,UC 305x305x158,open_i_or_h,British Steel Universal Columns datasheet,CUCD:ENG:072023,https://www.britishsteel.co.uk/wp-content/uploads/2026/02/british-steel-universal-columns-datasheet-100723.pdf,verified_published_table,true,327.1,311.2,15.8,25,25,15.2,,158.1,20100,20100,387470000,125720000,3605990,3940000,2870000000000,2369000,2680000,2369000,808000,1230000,808000,5695,15721.82,existing_table_value,h_mm,,existing_table_value,b_mm,,existing_table_value,tw_mm,,existing_table_value,tf_mm,,existing_table_value,tf_mm,,existing_table_value,r_mm,,derived_from_same_source_geometry,same_row_verified_source_geometry,,existing_table_value,mass_kg_m,,existing_table_value,A_mm2,,existing_table_value,Aeff_mm2,,existing_table_value,Iy_mm4,,existing_table_value,Iz_mm4,,existing_table_value,Ix_mm4,,existing_table_value,It_mm4,,existing_table_value,Iw_mm6,,existing_table_value,Wel_y_mm3,,existing_table_value,Wpl_y_mm3,,existing_table_value,Weff_y_mm3,,existing_table_value,Wel_z_mm3,,existing_table_value,Wpl_z_mm3,,existing_table_value,Weff_z_mm3,,existing_table_value,Avz_mm2,,derived_from_same_source_geometry,same_row_verified_source_geometry,"Av,y = A - tw*(h - 2tf)"
UC,UC 305x305x137,open_i_or_h,British Steel Universal Columns datasheet,CUCD:ENG:072023,https://www.britishsteel.co.uk/wp-content/uploads/2026/02/british-steel-universal-columns-datasheet-100723.pdf,verified_published_table,true,320.5,309.2,13.8,21.7,21.7,15.2,,136.9,17400,17400,328140000,107020000,2349081,2610000,2390000000000,2048000,2297000,2048000,692000,1053000,692000,4939.86,13576.02,existing_table_value,h_mm,,existing_table_value,b_mm,,existing_table_value,tw_mm,,existing_table_value,tf_mm,,existing_table_value,tf_mm,,existing_table_value,r_mm,,derived_from_same_source_geometry,same_row_verified_source_geometry,,existing_table_value,mass_kg_m,,existing_table_value,A_mm2,,existing_table_value,Aeff_mm2,,existing_table_value,Iy_mm4,,existing_table_value,Iz_mm4,,existing_table_value,Ix_mm4,,existing_table_value,It_mm4,,existing_table_value,Iw_mm6,,existing_table_value,Wel_y_mm3,,existing_table_value,Wpl_y_mm3,,existing_table_value,Weff_y_mm3,,existing_table_value,Wel_z_mm3,,existing_table_value,Wpl_z_mm3,,existing_table_value,Weff_z_mm3,,existing_table_value,Avz_mm2,,derived_from_same_source_geometry,same_row_verified_source_geometry,"Av,y = A - tw*(h - 2tf)"
UC,UC 305x305x118,open_i_or_h,British Steel Universal Columns datasheet,CUCD:ENG:072023,https://www.britishsteel.co.uk/wp-content/uploads/2026/02/british-steel-universal-columns-datasheet-100723.pdf,verified_published_table,true,314.5,307.4,12,18.7,18.7,15.2,,117.9,15000,15000,276720000,90610000,1499710,1710000,1980000000000,1760000,1958000,1760000,589000,895000,589000,4296.12,11674.8,existing_table_value,h_mm,,existing_table_value,b_mm,,existing_table_value,tw_mm,,existing_table_value,tf_mm,,existing_table_value,tf_mm,,existing_table_value,r_mm,,derived_from_same_source_geometry,same_row_verified_source_geometry,,existing_table_value,mass_kg_m,,existing_table_value,A_mm2,,existing_table_value,Aeff_mm2,,existing_table_value,Iy_mm4,,existing_table_value,Iz_mm4,,existing_table_value,Ix_mm4,,existing_table_value,It_mm4,,existing_table_value,Iw_mm6,,existing_table_value,Wel_y_mm3,,existing_table_value,Wpl_y_mm3,,existing_table_value,Weff_y_mm3,,existing_table_value,Wel_z_mm3,,existing_table_value,Wpl_z_mm3,,existing_table_value,Weff_z_mm3,,existing_table_value,Avz_mm2,,derived_from_same_source_geometry,same_row_verified_source_geometry,"Av,y = A - tw*(h - 2tf)"
UC,UC 305x305x97,open_i_or_h,British Steel Universal Columns datasheet,CUCD:ENG:072023,https://www.britishsteel.co.uk/wp-content/uploads/2026/02/british-steel-universal-columns-datasheet-100723.pdf,verified_published_table,true,307.9,305.3,9.9,15.4,15.4,15.2,,96.9,12300,12300,222490000,73100000,832981,984000,1560000000000,1445000,1592000,1445000,479000,726000,479000,3517.38,9556.71,existing_table_value,h_mm,,existing_table_value,b_mm,,existing_table_value,tw_mm,,existing_table_value,tf_mm,,existing_table_value,tf_mm,,existing_table_value,r_mm,,derived_from_same_source_geometry,same_row_verified_source_geometry,,existing_table_value,mass_kg_m,,existing_table_value,A_mm2,,existing_table_value,Aeff_mm2,,existing_table_value,Iy_mm4,,existing_table_value,Iz_mm4,,existing_table_value,Ix_mm4,,existing_table_value,It_mm4,,existing_table_value,Iw_mm6,,existing_table_value,Wel_y_mm3,,existing_table_value,Wpl_y_mm3,,existing_table_value,Weff_y_mm3,,existing_table_value,Wel_z_mm3,,existing_table_value,Wpl_z_mm3,,existing_table_value,Weff_z_mm3,,existing_table_value,Avz_mm2,,derived_from_same_source_geometry,same_row_verified_source_geometry,"Av,y = A - tw*(h - 2tf)"
UC,UC 254x254x167,open_i_or_h,British Steel Universal Columns datasheet,CUCD:ENG:072023,https://www.britishsteel.co.uk/wp-content/uploads/2026/02/british-steel-universal-columns-datasheet-100723.pdf,verified_published_table,true,289.1,265.2,19.2,31.7,31.7,12.7,,167.1,21300,21300,299980000,98750000,6164459,6610000,1640000000000,2075000,2424000,2075000,744000,1137000,744000,5900.14,16966.56,existing_table_value,h_mm,,existing_table_value,b_mm,,existing_table_value,tw_mm,,existing_table_value,tf_mm,,existing_table_value,tf_mm,,existing_table_value,r_mm,,derived_from_same_source_geometry,same_row_verified_source_geometry,,existing_table_value,mass_kg_m,,existing_table_value,A_mm2,,existing_table_value,Aeff_mm2,,existing_table_value,Iy_mm4,,existing_table_value,Iz_mm4,,existing_table_value,Ix_mm4,,existing_table_value,It_mm4,,existing_table_value,Iw_mm6,,existing_table_value,Wel_y_mm3,,existing_table_value,Wpl_y_mm3,,existing_table_value,Weff_y_mm3,,existing_table_value,Wel_z_mm3,,existing_table_value,Wpl_z_mm3,,existing_table_value,Weff_z_mm3,,existing_table_value,Avz_mm2,,derived_from_same_source_geometry,same_row_verified_source_geometry,"Av,y = A - tw*(h - 2tf)"
UC,UC 254x254x132,open_i_or_h,British Steel Universal Columns datasheet,CUCD:ENG:072023,https://www.britishsteel.co.uk/wp-content/uploads/2026/02/british-steel-universal-columns-datasheet-100723.pdf,verified_published_table,true,276.3,261.3,15.3,25.3,25.3,12.7,,132,16800,16800,225290000,75350000,3090497,3410000,1190000000000,1631000,1869000,1631000,576000,878000,576000,4607.93,13346.79,existing_table_value,h_mm,,existing_table_value,b_mm,,existing_table_value,tw_mm,,existing_table_value,tf_mm,,existing_table_value,tf_mm,,existing_table_value,r_mm,,derived_from_same_source_geometry,same_row_verified_source_geometry,,existing_table_value,mass_kg_m,,existing_table_value,A_mm2,,existing_table_value,Aeff_mm2,,existing_table_value,Iy_mm4,,existing_table_value,Iz_mm4,,existing_table_value,Ix_mm4,,existing_table_value,It_mm4,,existing_table_value,Iw_mm6,,existing_table_value,Wel_y_mm3,,existing_table_value,Wpl_y_mm3,,existing_table_value,Weff_y_mm3,,existing_table_value,Wel_z_mm3,,existing_table_value,Wpl_z_mm3,,existing_table_value,Weff_z_mm3,,existing_table_value,Avz_mm2,,derived_from_same_source_geometry,same_row_verified_source_geometry,"Av,y = A - tw*(h - 2tf)"
UC,UC 254x254x107,open_i_or_h,British Steel Universal Columns datasheet,CUCD:ENG:072023,https://www.britishsteel.co.uk/wp-content/uploads/2026/02/british-steel-universal-columns-datasheet-100723.pdf,verified_published_table,true,266.7,258.8,12.8,20.5,20.5,12.7,,107.1,13600,13600,175100000,59310000,1644172,1880000,899000000000,1313000,1484000,1313000,458000,697000,458000,3772.3,10711.04,existing_table_value,h_mm,,existing_table_value,b_mm,,existing_table_value,tw_mm,,existing_table_value,tf_mm,,existing_table_value,tf_mm,,existing_table_value,r_mm,,derived_from_same_source_geometry,same_row_verified_source_geometry,,existing_table_value,mass_kg_m,,existing_table_value,A_mm2,,existing_table_value,Aeff_mm2,,existing_table_value,Iy_mm4,,existing_table_value,Iz_mm4,,existing_table_value,Ix_mm4,,existing_table_value,It_mm4,,existing_table_value,Iw_mm6,,existing_table_value,Wel_y_mm3,,existing_table_value,Wpl_y_mm3,,existing_table_value,Weff_y_mm3,,existing_table_value,Wel_z_mm3,,existing_table_value,Wpl_z_mm3,,existing_table_value,Weff_z_mm3,,existing_table_value,Avz_mm2,,derived_from_same_source_geometry,same_row_verified_source_geometry,"Av,y = A - tw*(h - 2tf)"
UC,UC 254x254x89,open_i_or_h,British Steel Universal Columns datasheet,CUCD:ENG:072023,https://www.britishsteel.co.uk/wp-content/uploads/2026/02/british-steel-universal-columns-datasheet-100723.pdf,verified_published_table,true,260.3,256.3,10.3,17.3,17.3,12.7,,88.9,11300,11300,142680000,48600000,966909,1140000,717000000000,1096000,1224000,1096000,379000,575000,379000,3049.63,8975.29,existing_table_value,h_mm,,existing_table_value,b_mm,,existing_table_value,tw_mm,,existing_table_value,tf_mm,,existing_table_value,tf_mm,,existing_table_value,r_mm,,derived_from_same_source_geometry,same_row_verified_source_geometry,,existing_table_value,mass_kg_m,,existing_table_value,A_mm2,,existing_table_value,Aeff_mm2,,existing_table_value,Iy_mm4,,existing_table_value,Iz_mm4,,existing_table_value,Ix_mm4,,existing_table_value,It_mm4,,existing_table_value,Iw_mm6,,existing_table_value,Wel_y_mm3,,existing_table_value,Wpl_y_mm3,,existing_table_value,Weff_y_mm3,,existing_table_value,Wel_z_mm3,,existing_table_value,Wpl_z_mm3,,existing_table_value,Weff_z_mm3,,existing_table_value,Avz_mm2,,derived_from_same_source_geometry,same_row_verified_source_geometry,"Av,y = A - tw*(h - 2tf)"
UC,UC 254x254x73,open_i_or_h,British Steel Universal Columns datasheet,CUCD:ENG:072023,https://www.britishsteel.co.uk/wp-content/uploads/2026/02/british-steel-universal-columns-datasheet-100723.pdf,verified_published_table,true,254.1,254.6,8.6,14.2,14.2,12.7,,73.1,9310,9310,114070000,39100000,533848,661000,563000000000,898000,992000,898000,307000,465000,307000,2562.16,7368.98,existing_table_value,h_mm,,existing_table_value,b_mm,,existing_table_value,tw_mm,,existing_table_value,tf_mm,,existing_table_value,tf_mm,,existing_table_value,r_mm,,derived_from_same_source_geometry,same_row_verified_source_geometry,,existing_table_value,mass_kg_m,,existing_table_value,A_mm2,,existing_table_value,Aeff_mm2,,existing_table_value,Iy_mm4,,existing_table_value,Iz_mm4,,existing_table_value,Ix_mm4,,existing_table_value,It_mm4,,existing_table_value,Iw_mm6,,existing_table_value,Wel_y_mm3,,existing_table_value,Wpl_y_mm3,,existing_table_value,Weff_y_mm3,,existing_table_value,Wel_z_mm3,,existing_table_value,Wpl_z_mm3,,existing_table_value,Weff_z_mm3,,existing_table_value,Avz_mm2,,derived_from_same_source_geometry,same_row_verified_source_geometry,"Av,y = A - tw*(h - 2tf)"
UC,UC 203x203x86,open_i_or_h,British Steel Universal Columns datasheet,CUCD:ENG:072023,https://www.britishsteel.co.uk/wp-content/uploads/2026/02/british-steel-universal-columns-datasheet-100723.pdf,verified_published_table,true,222.2,209.1,12.7,20.5,20.5,10.2,,86.1,11000,11000,94490000,31280000,1324671,1400000,318000000000,850000,977000,850000,299000,456000,299000,3105.45,8698.76,existing_table_value,h_mm,,existing_table_value,b_mm,,existing_table_value,tw_mm,,existing_table_value,tf_mm,,existing_table_value,tf_mm,,existing_table_value,r_mm,,derived_from_same_source_geometry,same_row_verified_source_geometry,,existing_table_value,mass_kg_m,,existing_table_value,A_mm2,,existing_table_value,Aeff_mm2,,existing_table_value,Iy_mm4,,existing_table_value,Iz_mm4,,existing_table_value,Ix_mm4,,existing_table_value,It_mm4,,existing_table_value,Iw_mm6,,existing_table_value,Wel_y_mm3,,existing_table_value,Wpl_y_mm3,,existing_table_value,Weff_y_mm3,,existing_table_value,Wel_z_mm3,,existing_table_value,Wpl_z_mm3,,existing_table_value,Weff_z_mm3,,existing_table_value,Avz_mm2,,derived_from_same_source_geometry,same_row_verified_source_geometry,"Av,y = A - tw*(h - 2tf)"
UC,UC 203x203x71,open_i_or_h,British Steel Universal Columns datasheet,CUCD:ENG:072023,https://www.britishsteel.co.uk/wp-content/uploads/2026/02/british-steel-universal-columns-datasheet-100723.pdf,verified_published_table,true,215.8,206.4,10,17.3,17.3,10.2,,71,9040,9040,76180000,25380000,772854,827000,250000000000,706000,799000,706000,246000,374000,246000,2424.48,7228,existing_table_value,h_mm,,existing_table_value,b_mm,,existing_table_value,tw_mm,,existing_table_value,tf_mm,,existing_table_value,tf_mm,,existing_table_value,r_mm,,derived_from_same_source_geometry,same_row_verified_source_geometry,,existing_table_value,mass_kg_m,,existing_table_value,A_mm2,,existing_table_value,Aeff_mm2,,existing_table_value,Iy_mm4,,existing_table_value,Iz_mm4,,existing_table_value,Ix_mm4,,existing_table_value,It_mm4,,existing_table_value,Iw_mm6,,existing_table_value,Wel_y_mm3,,existing_table_value,Wpl_y_mm3,,existing_table_value,Weff_y_mm3,,existing_table_value,Wel_z_mm3,,existing_table_value,Wpl_z_mm3,,existing_table_value,Weff_z_mm3,,existing_table_value,Avz_mm2,,derived_from_same_source_geometry,same_row_verified_source_geometry,"Av,y = A - tw*(h - 2tf)"
UC,UC 203x203x60,open_i_or_h,British Steel Universal Columns datasheet,CUCD:ENG:072023,https://www.britishsteel.co.uk/wp-content/uploads/2026/02/british-steel-universal-columns-datasheet-100723.pdf,verified_published_table,true,209.6,205.8,9.4,14.2,14.2,10.2,,60,7640,7640,61250000,20650000,443010,491000,197000000000,584000,656000,584000,201000,305000,201000,2218.44,5936.72,existing_table_value,h_mm,,existing_table_value,b_mm,,existing_table_value,tw_mm,,existing_table_value,tf_mm,,existing_table_value,tf_mm,,existing_table_value,r_mm,,derived_from_same_source_geometry,same_row_verified_source_geometry,,existing_table_value,mass_kg_m,,existing_table_value,A_mm2,,existing_table_value,Aeff_mm2,,existing_table_value,Iy_mm4,,existing_table_value,Iz_mm4,,existing_table_value,Ix_mm4,,existing_table_value,It_mm4,,existing_table_value,Iw_mm6,,existing_table_value,Wel_y_mm3,,existing_table_value,Wpl_y_mm3,,existing_table_value,Weff_y_mm3,,existing_table_value,Wel_z_mm3,,existing_table_value,Wpl_z_mm3,,existing_table_value,Weff_z_mm3,,existing_table_value,Avz_mm2,,derived_from_same_source_geometry,same_row_verified_source_geometry,"Av,y = A - tw*(h - 2tf)"
UC,UC 203x203x52,open_i_or_h,British Steel Universal Columns datasheet,CUCD:ENG:072023,https://www.britishsteel.co.uk/wp-content/uploads/2026/02/british-steel-universal-columns-datasheet-100723.pdf,verified_published_table,true,206.2,204.3,7.9,12.5,12.5,10.2,,52,6630,6630,52590000,17780000,295795,332000,167000000000,510000,567000,510000,174000,264000,174000,1876.25,5198.52,existing_table_value,h_mm,,existing_table_value,b_mm,,existing_table_value,tw_mm,,existing_table_value,tf_mm,,existing_table_value,tf_mm,,existing_table_value,r_mm,,derived_from_same_source_geometry,same_row_verified_source_geometry,,existing_table_value,mass_kg_m,,existing_table_value,A_mm2,,existing_table_value,Aeff_mm2,,existing_table_value,Iy_mm4,,existing_table_value,Iz_mm4,,existing_table_value,Ix_mm4,,existing_table_value,It_mm4,,existing_table_value,Iw_mm6,,existing_table_value,Wel_y_mm3,,existing_table_value,Wpl_y_mm3,,existing_table_value,Weff_y_mm3,,existing_table_value,Wel_z_mm3,,existing_table_value,Wpl_z_mm3,,existing_table_value,Weff_z_mm3,,existing_table_value,Avz_mm2,,derived_from_same_source_geometry,same_row_verified_source_geometry,"Av,y = A - tw*(h - 2tf)"
UC,UC 203x203x46,open_i_or_h,British Steel Universal Columns datasheet,CUCD:ENG:072023,https://www.britishsteel.co.uk/wp-content/uploads/2026/02/british-steel-universal-columns-datasheet-100723.pdf,verified_published_table,true,203.2,203.6,7.2,11,11,10.2,,46.1,5870,5870,45680000,15490000,203205,233000,143000000000,450000,497000,450000,152000,231000,152000,1694.4,4565.36,existing_table_value,h_mm,,existing_table_value,b_mm,,existing_table_value,tw_mm,,existing_table_value,tf_mm,,existing_table_value,tf_mm,,existing_table_value,r_mm,,derived_from_same_source_geometry,same_row_verified_source_geometry,,existing_table_value,mass_kg_m,,existing_table_value,A_mm2,,existing_table_value,Aeff_mm2,,existing_table_value,Iy_mm4,,existing_table_value,Iz_mm4,,existing_table_value,Ix_mm4,,existing_table_value,It_mm4,,existing_table_value,Iw_mm6,,existing_table_value,Wel_y_mm3,,existing_table_value,Wpl_y_mm3,,existing_table_value,Weff_y_mm3,,existing_table_value,Wel_z_mm3,,existing_table_value,Wpl_z_mm3,,existing_table_value,Weff_z_mm3,,existing_table_value,Avz_mm2,,derived_from_same_source_geometry,same_row_verified_source_geometry,"Av,y = A - tw*(h - 2tf)"
UC,UC 152x152x37,open_i_or_h,British Steel Universal Columns datasheet,CUCD:ENG:072023,https://www.britishsteel.co.uk/wp-content/uploads/2026/02/british-steel-universal-columns-datasheet-100723.pdf,verified_published_table,true,161.8,154.4,8,11.5,11.5,7.6,,37,4710,4710,22100000,7060000,180237,192000,39900000000,273000,309000,273000,91500,140000,91500,1425.6,3599.6,existing_table_value,h_mm,,existing_table_value,b_mm,,existing_table_value,tw_mm,,existing_table_value,tf_mm,,existing_table_value,tf_mm,,existing_table_value,r_mm,,derived_from_same_source_geometry,same_row_verified_source_geometry,,existing_table_value,mass_kg_m,,existing_table_value,A_mm2,,existing_table_value,Aeff_mm2,,existing_table_value,Iy_mm4,,existing_table_value,Iz_mm4,,existing_table_value,Ix_mm4,,existing_table_value,It_mm4,,existing_table_value,Iw_mm6,,existing_table_value,Wel_y_mm3,,existing_table_value,Wpl_y_mm3,,existing_table_value,Weff_y_mm3,,existing_table_value,Wel_z_mm3,,existing_table_value,Wpl_z_mm3,,existing_table_value,Weff_z_mm3,,existing_table_value,Avz_mm2,,derived_from_same_source_geometry,same_row_verified_source_geometry,"Av,y = A - tw*(h - 2tf)"
UC,UC 152x152x30,open_i_or_h,British Steel Universal Columns datasheet,CUCD:ENG:072023,https://www.britishsteel.co.uk/wp-content/uploads/2026/02/british-steel-universal-columns-datasheet-100723.pdf,verified_published_table,true,157.6,152.9,6.5,9.4,9.4,7.6,,30,3830,3830,17480000,5600000,97370,105000,30800000000,222000,248000,222000,73300,112000,73300,1159.46,2927.8,existing_table_value,h_mm,,existing_table_value,b_mm,,existing_table_value,tw_mm,,existing_table_value,tf_mm,,existing_table_value,tf_mm,,existing_table_value,r_mm,,derived_from_same_source_geometry,same_row_verified_source_geometry,,existing_table_value,mass_kg_m,,existing_table_value,A_mm2,,existing_table_value,Aeff_mm2,,existing_table_value,Iy_mm4,,existing_table_value,Iz_mm4,,existing_table_value,Ix_mm4,,existing_table_value,It_mm4,,existing_table_value,Iw_mm6,,existing_table_value,Wel_y_mm3,,existing_table_value,Wpl_y_mm3,,existing_table_value,Weff_y_mm3,,existing_table_value,Wel_z_mm3,,existing_table_value,Wpl_z_mm3,,existing_table_value,Weff_z_mm3,,existing_table_value,Avz_mm2,,derived_from_same_source_geometry,same_row_verified_source_geometry,"Av,y = A - tw*(h - 2tf)"
UC,UC 152x152x23,open_i_or_h,British Steel Universal Columns datasheet,CUCD:ENG:072023,https://www.britishsteel.co.uk/wp-content/uploads/2026/02/british-steel-universal-columns-datasheet-100723.pdf,verified_published_table,true,152.4,152.2,5.8,6.8,6.8,7.6,,23,2920,2920,12500000,4000000,40932,46300,21200000000,164000,182000,164000,52600,80200,52600,992.88,2114.96,existing_table_value,h_mm,,existing_table_value,b_mm,,existing_table_value,tw_mm,,existing_table_value,tf_mm,,existing_table_value,tf_mm,,existing_table_value,r_mm,,derived_from_same_source_geometry,same_row_verified_source_geometry,,existing_table_value,mass_kg_m,,existing_table_value,A_mm2,,existing_table_value,Aeff_mm2,,existing_table_value,Iy_mm4,,existing_table_value,Iz_mm4,,existing_table_value,Ix_mm4,,existing_table_value,It_mm4,,existing_table_value,Iw_mm6,,existing_table_value,Wel_y_mm3,,existing_table_value,Wpl_y_mm3,,existing_table_value,Weff_y_mm3,,existing_table_value,Wel_z_mm3,,existing_table_value,Wpl_z_mm3,,existing_table_value,Weff_z_mm3,,existing_table_value,Avz_mm2,,derived_from_same_source_geometry,same_row_verified_source_geometry,"Av,y = A - tw*(h - 2tf)"
UBP,UBP 356x368x174,open_i_or_h,British Steel Universal Bearing Piles datasheet,CUBPD:ENG:012023,https://www.britishsteel.co.uk/wp-content/uploads/2026/02/british-steel-universal-bearing-piles-datasheet.pdf,verified_published_table,true,361.4,378.5,20.3,20.4,20.4,15.2,,173.9,22100,22100,510090000,184670000,3036211,3450000,5370000000000,2823000,3186000,2823000,976000,1497000,976000,7691.48,15591.82,existing_table_value,h_mm,,existing_table_value,b_mm,,existing_table_value,tw_mm,,existing_table_value,tf_mm,,existing_table_value,tf_mm,,existing_table_value,r_mm,,derived_from_same_source_geometry,same_row_verified_source_geometry,,existing_table_value,mass_kg_m,,existing_table_value,A_mm2,,existing_table_value,Aeff_mm2,,existing_table_value,Iy_mm4,,existing_table_value,Iz_mm4,,existing_table_value,Ix_mm4,,existing_table_value,It_mm4,,existing_table_value,Iw_mm6,,existing_table_value,Wel_y_mm3,,existing_table_value,Wpl_y_mm3,,existing_table_value,Weff_y_mm3,,existing_table_value,Wel_z_mm3,,existing_table_value,Wpl_z_mm3,,existing_table_value,Weff_z_mm3,,existing_table_value,Avz_mm2,,derived_from_same_source_geometry,same_row_verified_source_geometry,"Av,y = A - tw*(h - 2tf)"
UBP,UBP 356x368x152,open_i_or_h,British Steel Universal Bearing Piles datasheet,CUBPD:ENG:012023,https://www.britishsteel.co.uk/wp-content/uploads/2026/02/british-steel-universal-bearing-piles-datasheet.pdf,verified_published_table,true,356.4,376,17.8,17.9,17.9,15.2,,152,19400,19400,439720000,158800000,2040360,2350000,4550000000000,2468000,2767000,2468000,845000,1293000,845000,6801.98,13693.32,existing_table_value,h_mm,,existing_table_value,b_mm,,existing_table_value,tw_mm,,existing_table_value,tf_mm,,existing_table_value,tf_mm,,existing_table_value,r_mm,,derived_from_same_source_geometry,same_row_verified_source_geometry,,existing_table_value,mass_kg_m,,existing_table_value,A_mm2,,existing_table_value,Aeff_mm2,,existing_table_value,Iy_mm4,,existing_table_value,Iz_mm4,,existing_table_value,Ix_mm4,,existing_table_value,It_mm4,,existing_table_value,Iw_mm6,,existing_table_value,Wel_y_mm3,,existing_table_value,Wpl_y_mm3,,existing_table_value,Weff_y_mm3,,existing_table_value,Wel_z_mm3,,existing_table_value,Wpl_z_mm3,,existing_table_value,Weff_z_mm3,,existing_table_value,Avz_mm2,,derived_from_same_source_geometry,same_row_verified_source_geometry,"Av,y = A - tw*(h - 2tf)"
UBP,UBP 356x368x133,open_i_or_h,British Steel Universal Bearing Piles datasheet,CUBPD:ENG:012023,https://www.britishsteel.co.uk/wp-content/uploads/2026/02/british-steel-universal-bearing-piles-datasheet.pdf,verified_published_table,true,352,373.8,15.6,15.7,15.7,20,,133,16940,16940,383200000,136830000,1602000,1600000,3870000000000,2177000,2427000,2177000,732000,1120000,732000,6217,11938.64,existing_table_value,h_mm,,existing_table_value,b_mm,,existing_table_value,tw_mm,,existing_table_value,tf_mm,,existing_table_value,tf_mm,,existing_table_value,r_mm,,derived_from_same_source_geometry,same_row_verified_source_geometry,,existing_table_value,mass_kg_m,,existing_table_value,A_mm2,,existing_table_value,Aeff_mm2,,existing_table_value,Iy_mm4,,existing_table_value,Iz_mm4,,existing_table_value,Ix_mm4,,existing_table_value,It_mm4,,existing_table_value,Iw_mm6,,existing_table_value,Wel_y_mm3,,existing_table_value,Wpl_y_mm3,,existing_table_value,Weff_y_mm3,,existing_table_value,Wel_z_mm3,,existing_table_value,Wpl_z_mm3,,existing_table_value,Weff_z_mm3,,existing_table_value,Avz_mm2,,derived_from_same_source_geometry,same_row_verified_source_geometry,"Av,y = A - tw*(h - 2tf)"
UBP,UBP 356x368x109,open_i_or_h,British Steel Universal Bearing Piles datasheet,CUBPD:ENG:012023,https://www.britishsteel.co.uk/wp-content/uploads/2026/02/british-steel-universal-bearing-piles-datasheet.pdf,verified_published_table,true,346.4,371,12.8,12.9,12.9,20,,109,13870,13870,309700000,109890000,911900,912000,3060000000000,1788000,1978000,1788000,592400,904600,592400,5128,9766.32,existing_table_value,h_mm,,existing_table_value,b_mm,,existing_table_value,tw_mm,,existing_table_value,tf_mm,,existing_table_value,tf_mm,,existing_table_value,r_mm,,derived_from_same_source_geometry,same_row_verified_source_geometry,,existing_table_value,mass_kg_m,,existing_table_value,A_mm2,,existing_table_value,Aeff_mm2,,existing_table_value,Iy_mm4,,existing_table_value,Iz_mm4,,existing_table_value,Ix_mm4,,existing_table_value,It_mm4,,existing_table_value,Iw_mm6,,existing_table_value,Wel_y_mm3,,existing_table_value,Wpl_y_mm3,,existing_table_value,Weff_y_mm3,,existing_table_value,Wel_z_mm3,,existing_table_value,Wpl_z_mm3,,existing_table_value,Weff_z_mm3,,existing_table_value,Avz_mm2,,derived_from_same_source_geometry,same_row_verified_source_geometry,"Av,y = A - tw*(h - 2tf)"
UBP,UBP 305x305x223,open_i_or_h,British Steel Universal Bearing Piles datasheet,CUBPD:ENG:012023,https://www.britishsteel.co.uk/wp-content/uploads/2026/02/british-steel-universal-bearing-piles-datasheet.pdf,verified_published_table,true,337.9,325.7,30.3,30.4,30.4,15.2,,222.9,28400,28400,526990000,175830000,8669712,9770000,4160000000000,3119000,3653000,3119000,1079000,1680000,1079000,10442.72,20003.87,existing_table_value,h_mm,,existing_table_value,b_mm,,existing_table_value,tw_mm,,existing_table_value,tf_mm,,existing_table_value,tf_mm,,existing_table_value,r_mm,,derived_from_same_source_geometry,same_row_verified_source_geometry,,existing_table_value,mass_kg_m,,existing_table_value,A_mm2,,existing_table_value,Aeff_mm2,,existing_table_value,Iy_mm4,,existing_table_value,Iz_mm4,,existing_table_value,Ix_mm4,,existing_table_value,It_mm4,,existing_table_value,Iw_mm6,,existing_table_value,Wel_y_mm3,,existing_table_value,Wpl_y_mm3,,existing_table_value,Weff_y_mm3,,existing_table_value,Wel_z_mm3,,existing_table_value,Wpl_z_mm3,,existing_table_value,Weff_z_mm3,,existing_table_value,Avz_mm2,,derived_from_same_source_geometry,same_row_verified_source_geometry,"Av,y = A - tw*(h - 2tf)"
UBP,UBP 305x305x186,open_i_or_h,British Steel Universal Bearing Piles datasheet,CUBPD:ENG:012023,https://www.britishsteel.co.uk/wp-content/uploads/2026/02/british-steel-universal-bearing-piles-datasheet.pdf,verified_published_table,true,328.3,320.9,25.5,25.6,25.6,15.2,,186,23700,23700,426100000,141380000,5120772,5200000,3240000000000,2596000,3003000,2596000,881000,1366000,881000,8700.96,16633.95,existing_table_value,h_mm,,existing_table_value,b_mm,,existing_table_value,tw_mm,,existing_table_value,tf_mm,,existing_table_value,tf_mm,,existing_table_value,r_mm,,derived_from_same_source_geometry,same_row_verified_source_geometry,,existing_table_value,mass_kg_m,,existing_table_value,A_mm2,,existing_table_value,Aeff_mm2,,existing_table_value,Iy_mm4,,existing_table_value,Iz_mm4,,existing_table_value,Ix_mm4,,existing_table_value,It_mm4,,existing_table_value,Iw_mm6,,existing_table_value,Wel_y_mm3,,existing_table_value,Wpl_y_mm3,,existing_table_value,Weff_y_mm3,,existing_table_value,Wel_z_mm3,,existing_table_value,Wpl_z_mm3,,existing_table_value,Weff_z_mm3,,existing_table_value,Avz_mm2,,derived_from_same_source_geometry,same_row_verified_source_geometry,"Av,y = A - tw*(h - 2tf)"
UBP,UBP 305x305x149,open_i_or_h,British Steel Universal Bearing Piles datasheet,CUBPD:ENG:012023,https://www.britishsteel.co.uk/wp-content/uploads/2026/02/british-steel-universal-bearing-piles-datasheet.pdf,verified_published_table,true,318.5,316,20.6,20.7,20.7,15.2,,149,18990,18990,330700000,109140000,3142000,3100000,2420000000000,2076000,2370000,2077000,690500,1066000,690500,6963.33,13281.74,existing_table_value,h_mm,,existing_table_value,b_mm,,existing_table_value,tw_mm,,existing_table_value,tf_mm,,existing_table_value,tf_mm,,existing_table_value,r_mm,,derived_from_same_source_geometry,same_row_verified_source_geometry,,existing_table_value,mass_kg_m,,existing_table_value,A_mm2,,existing_table_value,Aeff_mm2,,existing_table_value,Iy_mm4,,existing_table_value,Iz_mm4,,existing_table_value,Ix_mm4,,existing_table_value,It_mm4,,existing_table_value,Iw_mm6,,existing_table_value,Wel_y_mm3,,existing_table_value,Wpl_y_mm3,,existing_table_value,Weff_y_mm3,,existing_table_value,Wel_z_mm3,,existing_table_value,Wpl_z_mm3,,existing_table_value,Weff_z_mm3,,existing_table_value,Avz_mm2,,derived_from_same_source_geometry,same_row_verified_source_geometry,"Av,y = A - tw*(h - 2tf)"
UBP,UBP 305x305x126,open_i_or_h,British Steel Universal Bearing Piles datasheet,CUBPD:ENG:012023,https://www.britishsteel.co.uk/wp-content/uploads/2026/02/british-steel-universal-bearing-piles-datasheet.pdf,verified_published_table,true,312.3,312.9,17.5,17.6,17.6,20,,126,16060,16060,276600000,90050000,1928000,1930000,1960000000000,1771000,2004000,1771000,575500,887300,575500,6204,11210.75,existing_table_value,h_mm,,existing_table_value,b_mm,,existing_table_value,tw_mm,,existing_table_value,tf_mm,,existing_table_value,tf_mm,,existing_table_value,r_mm,,derived_from_same_source_geometry,same_row_verified_source_geometry,,existing_table_value,mass_kg_m,,existing_table_value,A_mm2,,existing_table_value,Aeff_mm2,,existing_table_value,Iy_mm4,,existing_table_value,Iz_mm4,,existing_table_value,Ix_mm4,,existing_table_value,It_mm4,,existing_table_value,Iw_mm6,,existing_table_value,Wel_y_mm3,,existing_table_value,Wpl_y_mm3,,existing_table_value,Weff_y_mm3,,existing_table_value,Wel_z_mm3,,existing_table_value,Wpl_z_mm3,,existing_table_value,Weff_z_mm3,,existing_table_value,Avz_mm2,,derived_from_same_source_geometry,same_row_verified_source_geometry,"Av,y = A - tw*(h - 2tf)"
UBP,UBP 305x305x110,open_i_or_h,British Steel Universal Bearing Piles datasheet,CUBPD:ENG:012023,https://www.britishsteel.co.uk/wp-content/uploads/2026/02/british-steel-universal-bearing-piles-datasheet.pdf,verified_published_table,true,307.9,310.7,15.3,15.4,15.4,15.2,,110,14000,14000,235630000,77120000,1087324,1310000,1650000000000,1531000,1720000,1531000,496000,762000,496000,5134.22,9760.37,existing_table_value,h_mm,,existing_table_value,b_mm,,existing_table_value,tw_mm,,existing_table_value,tf_mm,,existing_table_value,tf_mm,,existing_table_value,r_mm,,derived_from_same_source_geometry,same_row_verified_source_geometry,,existing_table_value,mass_kg_m,,existing_table_value,A_mm2,,existing_table_value,Aeff_mm2,,existing_table_value,Iy_mm4,,existing_table_value,Iz_mm4,,existing_table_value,Ix_mm4,,existing_table_value,It_mm4,,existing_table_value,Iw_mm6,,existing_table_value,Wel_y_mm3,,existing_table_value,Wpl_y_mm3,,existing_table_value,Weff_y_mm3,,existing_table_value,Wel_z_mm3,,existing_table_value,Wpl_z_mm3,,existing_table_value,Weff_z_mm3,,existing_table_value,Avz_mm2,,derived_from_same_source_geometry,same_row_verified_source_geometry,"Av,y = A - tw*(h - 2tf)"
UBP,UBP 305x305x95,open_i_or_h,British Steel Universal Bearing Piles datasheet,CUBPD:ENG:012023,https://www.britishsteel.co.uk/wp-content/uploads/2026/02/british-steel-universal-bearing-piles-datasheet.pdf,verified_published_table,true,303.7,308.7,13.3,13.3,13.3,15.2,,94.9,12100,12100,200450000,65310000,701478,869000,1380000000000,1320000,1474000,1320000,423000,648000,423000,4469.79,8414.57,existing_table_value,h_mm,,existing_table_value,b_mm,,existing_table_value,tw_mm,,existing_table_value,tf_mm,,existing_table_value,tf_mm,,existing_table_value,r_mm,,derived_from_same_source_geometry,same_row_verified_source_geometry,,existing_table_value,mass_kg_m,,existing_table_value,A_mm2,,existing_table_value,Aeff_mm2,,existing_table_value,Iy_mm4,,existing_table_value,Iz_mm4,,existing_table_value,Ix_mm4,,existing_table_value,It_mm4,,existing_table_value,Iw_mm6,,existing_table_value,Wel_y_mm3,,existing_table_value,Wpl_y_mm3,,existing_table_value,Weff_y_mm3,,existing_table_value,Wel_z_mm3,,existing_table_value,Wpl_z_mm3,,existing_table_value,Weff_z_mm3,,existing_table_value,Avz_mm2,,derived_from_same_source_geometry,same_row_verified_source_geometry,"Av,y = A - tw*(h - 2tf)"
UBP,UBP 305x305x88,open_i_or_h,British Steel Universal Bearing Piles datasheet,CUBPD:ENG:012023,https://www.britishsteel.co.uk/wp-content/uploads/2026/02/british-steel-universal-bearing-piles-datasheet.pdf,verified_published_table,true,301.7,307.8,12.4,12.3,12.3,15.2,,88,11200,11200,184250000,59870000,557958,703000,1250000000000,1221000,1360000,1221000,389000,595000,389000,4154.56,7763.96,existing_table_value,h_mm,,existing_table_value,b_mm,,existing_table_value,tw_mm,,existing_table_value,tf_mm,,existing_table_value,tf_mm,,existing_table_value,r_mm,,derived_from_same_source_geometry,same_row_verified_source_geometry,,existing_table_value,mass_kg_m,,existing_table_value,A_mm2,,existing_table_value,Aeff_mm2,,existing_table_value,Iy_mm4,,existing_table_value,Iz_mm4,,existing_table_value,Ix_mm4,,existing_table_value,It_mm4,,existing_table_value,Iw_mm6,,existing_table_value,Wel_y_mm3,,existing_table_value,Wpl_y_mm3,,existing_table_value,Weff_y_mm3,,existing_table_value,Wel_z_mm3,,existing_table_value,Wpl_z_mm3,,existing_table_value,Weff_z_mm3,,existing_table_value,Avz_mm2,,derived_from_same_source_geometry,same_row_verified_source_geometry,"Av,y = A - tw*(h - 2tf)"
UBP,UBP 305x305x79,open_i_or_h,British Steel Universal Bearing Piles datasheet,CUBPD:ENG:012023,https://www.britishsteel.co.uk/wp-content/uploads/2026/02/british-steel-universal-bearing-piles-datasheet.pdf,verified_published_table,true,299.3,306.4,11,11.1,11.1,15.2,,78.9,10000,10000,164440000,53290000,402301,522000,1110000000000,1099000,1218000,1099000,348000,531000,348000,3657.46,6951.9,existing_table_value,h_mm,,existing_table_value,b_mm,,existing_table_value,tw_mm,,existing_table_value,tf_mm,,existing_table_value,tf_mm,,existing_table_value,r_mm,,derived_from_same_source_geometry,same_row_verified_source_geometry,,existing_table_value,mass_kg_m,,existing_table_value,A_mm2,,existing_table_value,Aeff_mm2,,existing_table_value,Iy_mm4,,existing_table_value,Iz_mm4,,existing_table_value,Ix_mm4,,existing_table_value,It_mm4,,existing_table_value,Iw_mm6,,existing_table_value,Wel_y_mm3,,existing_table_value,Wpl_y_mm3,,existing_table_value,Weff_y_mm3,,existing_table_value,Wel_z_mm3,,existing_table_value,Wpl_z_mm3,,existing_table_value,Weff_z_mm3,,existing_table_value,Avz_mm2,,derived_from_same_source_geometry,same_row_verified_source_geometry,"Av,y = A - tw*(h - 2tf)"
UBP,UBP 254x254x85,open_i_or_h,British Steel Universal Bearing Piles datasheet,CUBPD:ENG:012023,https://www.britishsteel.co.uk/wp-content/uploads/2026/02/british-steel-universal-bearing-piles-datasheet.pdf,verified_published_table,true,254.3,260.4,14.4,14.3,14.3,12.7,,85.1,10800,10800,122840000,42190000,732288,926000,608000000000,966000,1092000,966000,324000,498000,324000,3921.7,7549.92,existing_table_value,h_mm,,existing_table_value,b_mm,,existing_table_value,tw_mm,,existing_table_value,tf_mm,,existing_table_value,tf_mm,,existing_table_value,r_mm,,derived_from_same_source_geometry,same_row_verified_source_geometry,,existing_table_value,mass_kg_m,,existing_table_value,A_mm2,,existing_table_value,Aeff_mm2,,existing_table_value,Iy_mm4,,existing_table_value,Iz_mm4,,existing_table_value,Ix_mm4,,existing_table_value,It_mm4,,existing_table_value,Iw_mm6,,existing_table_value,Wel_y_mm3,,existing_table_value,Wpl_y_mm3,,existing_table_value,Weff_y_mm3,,existing_table_value,Wel_z_mm3,,existing_table_value,Wpl_z_mm3,,existing_table_value,Weff_z_mm3,,existing_table_value,Avz_mm2,,derived_from_same_source_geometry,same_row_verified_source_geometry,"Av,y = A - tw*(h - 2tf)"
UBP,UBP 254x254x71,open_i_or_h,British Steel Universal Bearing Piles datasheet,CUBPD:ENG:012023,https://www.britishsteel.co.uk/wp-content/uploads/2026/02/british-steel-universal-bearing-piles-datasheet.pdf,verified_published_table,true,249.7,258,12,12,12,12.7,,71,9040,9040,100710000,34420000,427219,565000,486000000000,807000,904000,807000,267000,409000,267000,3296.8,6331.6,existing_table_value,h_mm,,existing_table_value,b_mm,,existing_table_value,tw_mm,,existing_table_value,tf_mm,,existing_table_value,tf_mm,,existing_table_value,r_mm,,derived_from_same_source_geometry,same_row_verified_source_geometry,,existing_table_value,mass_kg_m,,existing_table_value,A_mm2,,existing_table_value,Aeff_mm2,,existing_table_value,Iy_mm4,,existing_table_value,Iz_mm4,,existing_table_value,Ix_mm4,,existing_table_value,It_mm4,,existing_table_value,Iw_mm6,,existing_table_value,Wel_y_mm3,,existing_table_value,Wpl_y_mm3,,existing_table_value,Weff_y_mm3,,existing_table_value,Wel_z_mm3,,existing_table_value,Wpl_z_mm3,,existing_table_value,Weff_z_mm3,,existing_table_value,Avz_mm2,,derived_from_same_source_geometry,same_row_verified_source_geometry,"Av,y = A - tw*(h - 2tf)"
UBP,UBP 254x254x63,open_i_or_h,British Steel Universal Bearing Piles datasheet,CUBPD:ENG:012023,https://www.britishsteel.co.uk/wp-content/uploads/2026/02/british-steel-universal-bearing-piles-datasheet.pdf,verified_published_table,true,247.1,256.6,10.6,10.7,10.7,12.7,,63,8020,8020,88600000,30190000,299168,411000,422000000000,717000,799000,717000,235000,360000,235000,2913.96,5627.58,existing_table_value,h_mm,,existing_table_value,b_mm,,existing_table_value,tw_mm,,existing_table_value,tf_mm,,existing_table_value,tf_mm,,existing_table_value,r_mm,,derived_from_same_source_geometry,same_row_verified_source_geometry,,existing_table_value,mass_kg_m,,existing_table_value,A_mm2,,existing_table_value,Aeff_mm2,,existing_table_value,Iy_mm4,,existing_table_value,Iz_mm4,,existing_table_value,Ix_mm4,,existing_table_value,It_mm4,,existing_table_value,Iw_mm6,,existing_table_value,Wel_y_mm3,,existing_table_value,Wpl_y_mm3,,existing_table_value,Weff_y_mm3,,existing_table_value,Wel_z_mm3,,existing_table_value,Wpl_z_mm3,,existing_table_value,Weff_z_mm3,,existing_table_value,Avz_mm2,,derived_from_same_source_geometry,same_row_verified_source_geometry,"Av,y = A - tw*(h - 2tf)"
UBP,UBP 203x203x54,open_i_or_h,British Steel Universal Bearing Piles datasheet,CUBPD:ENG:012023,https://www.britishsteel.co.uk/wp-content/uploads/2026/02/british-steel-universal-bearing-piles-datasheet.pdf,verified_published_table,true,204,207.7,11.3,11.4,11.4,10.2,,53.9,6870,6870,50270000,17050000,292295,327000,158000000000,493000,557000,493000,164000,252000,164000,2495.82,4822.44,existing_table_value,h_mm,,existing_table_value,b_mm,,existing_table_value,tw_mm,,existing_table_value,tf_mm,,existing_table_value,tf_mm,,existing_table_value,r_mm,,derived_from_same_source_geometry,same_row_verified_source_geometry,,existing_table_value,mass_kg_m,,existing_table_value,A_mm2,,existing_table_value,Aeff_mm2,,existing_table_value,Iy_mm4,,existing_table_value,Iz_mm4,,existing_table_value,Ix_mm4,,existing_table_value,It_mm4,,existing_table_value,Iw_mm6,,existing_table_value,Wel_y_mm3,,existing_table_value,Wpl_y_mm3,,existing_table_value,Weff_y_mm3,,existing_table_value,Wel_z_mm3,,existing_table_value,Wpl_z_mm3,,existing_table_value,Weff_z_mm3,,existing_table_value,Avz_mm2,,derived_from_same_source_geometry,same_row_verified_source_geometry,"Av,y = A - tw*(h - 2tf)"
UBP,UBP 203x203x45,open_i_or_h,British Steel Universal Bearing Piles datasheet,CUBPD:ENG:012023,https://www.britishsteel.co.uk/wp-content/uploads/2026/02/british-steel-universal-bearing-piles-datasheet.pdf,verified_published_table,true,200.2,205.9,9.5,9.5,9.5,10.2,,44.9,5720,5720,41000000,13840000,169474,192000,126000000000,410000,459000,410000,134000,206000,134000,2091.95,3998.6,existing_table_value,h_mm,,existing_table_value,b_mm,,existing_table_value,tw_mm,,existing_table_value,tf_mm,,existing_table_value,tf_mm,,existing_table_value,r_mm,,derived_from_same_source_geometry,same_row_verified_source_geometry,,existing_table_value,mass_kg_m,,existing_table_value,A_mm2,,existing_table_value,Aeff_mm2,,existing_table_value,Iy_mm4,,existing_table_value,Iz_mm4,,existing_table_value,Ix_mm4,,existing_table_value,It_mm4,,existing_table_value,Iw_mm6,,existing_table_value,Wel_y_mm3,,existing_table_value,Wpl_y_mm3,,existing_table_value,Weff_y_mm3,,existing_table_value,Wel_z_mm3,,existing_table_value,Wpl_z_mm3,,existing_table_value,Weff_z_mm3,,existing_table_value,Avz_mm2,,derived_from_same_source_geometry,same_row_verified_source_geometry,"Av,y = A - tw*(h - 2tf)"
J,J 254x203x82,open_i_or_h,ArcelorMittal Sections and Merchant Bars catalogue,2018-05-18 PDF,https://sections.arcelormittal.com/repository2/Sections/5_1_5_ArcelorMittal_FR_EN_RU_web.pdf,verified_published_table,true,254,203.2,10.2,19.9,19.9,21.4,,82,10446,10446,120100000,23260000,1143329,1420000,326000000000,946000,1066000,946000,228937,375961,228937,3584,8261.16,existing_table_value,h_mm,,existing_table_value,b_mm,,existing_table_value,tw_mm,,existing_table_value,tf_mm,,existing_table_value,tf_mm,,existing_table_value,r_mm,,derived_from_same_source_geometry,same_row_verified_source_geometry,,existing_table_value,mass_kg_m,,existing_table_value,A_mm2,,existing_table_value,Aeff_mm2,,existing_table_value,Iy_mm4,,existing_table_value,Iz_mm4,,existing_table_value,Ix_mm4,,existing_table_value,It_mm4,,existing_table_value,Iw_mm6,,existing_table_value,Wel_y_mm3,,existing_table_value,Wpl_y_mm3,,existing_table_value,Weff_y_mm3,,existing_table_value,Wel_z_mm3,,existing_table_value,Wpl_z_mm3,,existing_table_value,Weff_z_mm3,,existing_table_value,Avz_mm2,,derived_from_same_source_geometry,same_row_verified_source_geometry,"Av,y = A - tw*(h - 2tf)"
J,J 254x114x37,open_i_or_h,ArcelorMittal Sections and Merchant Bars catalogue,2018-05-18 PDF,https://sections.arcelormittal.com/repository2/Sections/5_1_5_ArcelorMittal_FR_EN_RU_web.pdf,verified_published_table,true,254,114.3,7.6,12.8,12.8,12.4,,37.2,4739,4739,50420000,2730000,193224,239000,40600000000,397000,454000,397000,47769,78446,47769,2254,3003.16,existing_table_value,h_mm,,existing_table_value,b_mm,,existing_table_value,tw_mm,,existing_table_value,tf_mm,,existing_table_value,tf_mm,,existing_table_value,r_mm,,derived_from_same_source_geometry,same_row_verified_source_geometry,,existing_table_value,mass_kg_m,,existing_table_value,A_mm2,,existing_table_value,Aeff_mm2,,existing_table_value,Iy_mm4,,existing_table_value,Iz_mm4,,existing_table_value,Ix_mm4,,existing_table_value,It_mm4,,existing_table_value,Iw_mm6,,existing_table_value,Wel_y_mm3,,existing_table_value,Wpl_y_mm3,,existing_table_value,Weff_y_mm3,,existing_table_value,Wel_z_mm3,,existing_table_value,Wpl_z_mm3,,existing_table_value,Weff_z_mm3,,existing_table_value,Avz_mm2,,derived_from_same_source_geometry,same_row_verified_source_geometry,"Av,y = A - tw*(h - 2tf)"
J,J 203x152x52,open_i_or_h,ArcelorMittal Sections and Merchant Bars catalogue,2018-05-18 PDF,https://sections.arcelormittal.com/repository2/Sections/5_1_5_ArcelorMittal_FR_EN_RU_web.pdf,verified_published_table,true,203.2,152.4,8.9,16.5,16.5,15.5,,52.3,6593,6593,47720000,8310000,602000,602000,73800000000,470000,534000,469700,109000,179000,109100,2222.98,5078.22,existing_table_value,h_mm,,existing_table_value,b_mm,,existing_table_value,tw_mm,,existing_table_value,tf_mm,,existing_table_value,tf_mm,,existing_table_value,r_mm,,derived_from_same_source_geometry,same_row_verified_source_geometry,,existing_table_value,mass_kg_m,,existing_table_value,A_mm2,,existing_table_value,Aeff_mm2,,existing_table_value,Iy_mm4,,existing_table_value,Iz_mm4,,existing_table_value,Ix_mm4,,existing_table_value,It_mm4,,existing_table_value,Iw_mm6,,existing_table_value,Wel_y_mm3,,existing_table_value,Wpl_y_mm3,,existing_table_value,Weff_y_mm3,,existing_table_value,Wel_z_mm3,,existing_table_value,Wpl_z_mm3,,existing_table_value,Weff_z_mm3,,existing_table_value,Avz_mm2,,derived_from_same_source_geometry,same_row_verified_source_geometry,"Av,y = A - tw*(h - 2tf)"
J,J 152x127x37,open_i_or_h,ArcelorMittal Sections and Merchant Bars Sales Programme,V2026-1,https://sections.arcelormittal.com/repo/Sections/Sections%20and%20Merchant%20Bars-ArcelorMittal_V2026-1.xlsx,verified_published_table,true,152.4,127,10.4,13.2,13.2,13.5,,37.3,4752,4752,18020000,3820000,241975,336000,18900000000,237000,274000,237000,60157,98791,60157,1920,3441.6,existing_table_value,h_mm,,existing_table_value,b_mm,,existing_table_value,tw_mm,,existing_table_value,tf_mm,,existing_table_value,tf_mm,,existing_table_value,r_mm,,derived_from_same_source_geometry,same_row_verified_source_geometry,,existing_table_value,mass_kg_m,,existing_table_value,A_mm2,,existing_table_value,Aeff_mm2,,existing_table_value,Iy_mm4,,existing_table_value,Iz_mm4,,existing_table_value,Ix_mm4,,existing_table_value,It_mm4,,existing_table_value,Iw_mm6,,existing_table_value,Wel_y_mm3,,existing_table_value,Wpl_y_mm3,,existing_table_value,Weff_y_mm3,,existing_table_value,Wel_z_mm3,,existing_table_value,Wpl_z_mm3,,existing_table_value,Weff_z_mm3,,existing_table_value,Avz_mm2,,derived_from_same_source_geometry,same_row_verified_source_geometry,"Av,y = A - tw*(h - 2tf)"
J,J 127x114x29,open_i_or_h,ArcelorMittal Sections and Merchant Bars Sales Programme,V2026-1,https://sections.arcelormittal.com/repo/Sections/Sections%20and%20Merchant%20Bars-ArcelorMittal_V2026-1.xlsx,verified_published_table,true,127,114.3,10.2,11.5,11.5,9.9,,29.3,3732,3732,9680000,2430000,152679,206000,8210000000,152000,177000,152000,42520,69826,42520,1459,2671.2,existing_table_value,h_mm,,existing_table_value,b_mm,,existing_table_value,tw_mm,,existing_table_value,tf_mm,,existing_table_value,tf_mm,,existing_table_value,r_mm,,derived_from_same_source_geometry,same_row_verified_source_geometry,,existing_table_value,mass_kg_m,,existing_table_value,A_mm2,,existing_table_value,Aeff_mm2,,existing_table_value,Iy_mm4,,existing_table_value,Iz_mm4,,existing_table_value,Ix_mm4,,existing_table_value,It_mm4,,existing_table_value,Iw_mm6,,existing_table_value,Wel_y_mm3,,existing_table_value,Wpl_y_mm3,,existing_table_value,Weff_y_mm3,,existing_table_value,Wel_z_mm3,,existing_table_value,Wpl_z_mm3,,existing_table_value,Weff_z_mm3,,existing_table_value,Avz_mm2,,derived_from_same_source_geometry,same_row_verified_source_geometry,"Av,y = A - tw*(h - 2tf)"
J,J 127x114x27,open_i_or_h,ArcelorMittal Sections and Merchant Bars Sales Programme,V2026-1,https://sections.arcelormittal.com/repo/Sections/Sections%20and%20Merchant%20Bars-ArcelorMittal_V2026-1.xlsx,verified_published_table,true,127,114.3,7.4,11.4,11.4,9.9,,26.9,3427,3427,9400000,2400000,126968,158000,8130000000,148000,169000,148000,41995,68964,41995,1146,2655.92,existing_table_value,h_mm,,existing_table_value,b_mm,,existing_table_value,tw_mm,,existing_table_value,tf_mm,,existing_table_value,tf_mm,,existing_table_value,r_mm,,derived_from_same_source_geometry,same_row_verified_source_geometry,,existing_table_value,mass_kg_m,,existing_table_value,A_mm2,,existing_table_value,Aeff_mm2,,existing_table_value,Iy_mm4,,existing_table_value,Iz_mm4,,existing_table_value,Ix_mm4,,existing_table_value,It_mm4,,existing_table_value,Iw_mm6,,existing_table_value,Wel_y_mm3,,existing_table_value,Wpl_y_mm3,,existing_table_value,Weff_y_mm3,,existing_table_value,Wel_z_mm3,,existing_table_value,Wpl_z_mm3,,existing_table_value,Weff_z_mm3,,existing_table_value,Avz_mm2,,derived_from_same_source_geometry,same_row_verified_source_geometry,"Av,y = A - tw*(h - 2tf)"
J,J 127x76x16,open_i_or_h,ArcelorMittal Sections and Merchant Bars Sales Programme,V2026-1,https://sections.arcelormittal.com/repo/Sections/Sections%20and%20Merchant%20Bars-ArcelorMittal_V2026-1.xlsx,verified_published_table,true,127,76.2,5.6,9.6,9.6,9.4,,16.5,2102,2102,5680000,615000,51255,64400,2170000000,89500,103000,89500,16142,26508,16142,895,1498.32,existing_table_value,h_mm,,existing_table_value,b_mm,,existing_table_value,tw_mm,,existing_table_value,tf_mm,,existing_table_value,tf_mm,,existing_table_value,r_mm,,derived_from_same_source_geometry,same_row_verified_source_geometry,,existing_table_value,mass_kg_m,,existing_table_value,A_mm2,,existing_table_value,Aeff_mm2,,existing_table_value,Iy_mm4,,existing_table_value,Iz_mm4,,existing_table_value,Ix_mm4,,existing_table_value,It_mm4,,existing_table_value,Iw_mm6,,existing_table_value,Wel_y_mm3,,existing_table_value,Wpl_y_mm3,,existing_table_value,Weff_y_mm3,,existing_table_value,Wel_z_mm3,,existing_table_value,Wpl_z_mm3,,existing_table_value,Weff_z_mm3,,existing_table_value,Avz_mm2,,derived_from_same_source_geometry,same_row_verified_source_geometry,"Av,y = A - tw*(h - 2tf)"
J,J 114x114x27,open_i_or_h,ArcelorMittal Sections and Merchant Bars Sales Programme,V2026-1,https://sections.arcelormittal.com/repo/Sections/Sections%20and%20Merchant%20Bars-ArcelorMittal_V2026-1.xlsx,verified_published_table,true,114.3,114.3,9.5,10.7,10.7,15.2,,26.9,3427,3427,7290000,2180000,119898,212000,6060000000,128000,148000,128000,38145,62642,38145,1468,2544.45,existing_table_value,h_mm,,existing_table_value,b_mm,,existing_table_value,tw_mm,,existing_table_value,tf_mm,,existing_table_value,tf_mm,,existing_table_value,r_mm,,derived_from_same_source_geometry,same_row_verified_source_geometry,,existing_table_value,mass_kg_m,,existing_table_value,A_mm2,,existing_table_value,Aeff_mm2,,existing_table_value,Iy_mm4,,existing_table_value,Iz_mm4,,existing_table_value,Ix_mm4,,existing_table_value,It_mm4,,existing_table_value,Iw_mm6,,existing_table_value,Wel_y_mm3,,existing_table_value,Wpl_y_mm3,,existing_table_value,Weff_y_mm3,,existing_table_value,Wel_z_mm3,,existing_table_value,Wpl_z_mm3,,existing_table_value,Weff_z_mm3,,existing_table_value,Avz_mm2,,derived_from_same_source_geometry,same_row_verified_source_geometry,"Av,y = A - tw*(h - 2tf)"
J,J 102x102x23,open_i_or_h,ArcelorMittal Sections and Merchant Bars Sales Programme,V2026-1,https://sections.arcelormittal.com/repo/Sections/Sections%20and%20Merchant%20Bars-ArcelorMittal_V2026-1.xlsx,verified_published_table,true,101.6,101.6,9.5,10.3,10.3,3.2,,23,2930,2930,4860000,1520000,97163,149000,3230000000,95600,113000,95600,30300,50600,30300,1000.81,2160.5,existing_table_value,h_mm,,existing_table_value,b_mm,,existing_table_value,tw_mm,,existing_table_value,tf_mm,,existing_table_value,tf_mm,,existing_table_value,r_mm,,derived_from_same_source_geometry,same_row_verified_source_geometry,,existing_table_value,mass_kg_m,,existing_table_value,A_mm2,,existing_table_value,Aeff_mm2,,existing_table_value,Iy_mm4,,existing_table_value,Iz_mm4,,existing_table_value,Ix_mm4,,existing_table_value,It_mm4,,existing_table_value,Iw_mm6,,existing_table_value,Wel_y_mm3,,existing_table_value,Wpl_y_mm3,,existing_table_value,Weff_y_mm3,,existing_table_value,Wel_z_mm3,,existing_table_value,Wpl_z_mm3,,existing_table_value,Weff_z_mm3,,existing_table_value,Avz_mm2,,derived_from_same_source_geometry,same_row_verified_source_geometry,"Av,y = A - tw*(h - 2tf)"
J,J 102x44x7,open_i_or_h,ArcelorMittal Sections and Merchant Bars Sales Programme,V2026-1,https://sections.arcelormittal.com/repo/Sections/Sections%20and%20Merchant%20Bars-ArcelorMittal_V2026-1.xlsx,verified_published_table,true,101.6,44.5,4.3,6.1,6.1,3.3,,7.4,950,950,1530000,78200,9103,12900,180000000,30100,35400,30100,3510,6030,3510,473.59,565.58,existing_table_value,h_mm,,existing_table_value,b_mm,,existing_table_value,tw_mm,,existing_table_value,tf_mm,,existing_table_value,tf_mm,,existing_table_value,r_mm,,derived_from_same_source_geometry,same_row_verified_source_geometry,,existing_table_value,mass_kg_m,,existing_table_value,A_mm2,,existing_table_value,Aeff_mm2,,existing_table_value,Iy_mm4,,existing_table_value,Iz_mm4,,existing_table_value,Ix_mm4,,existing_table_value,It_mm4,,existing_table_value,Iw_mm6,,existing_table_value,Wel_y_mm3,,existing_table_value,Wpl_y_mm3,,existing_table_value,Weff_y_mm3,,existing_table_value,Wel_z_mm3,,existing_table_value,Wpl_z_mm3,,existing_table_value,Weff_z_mm3,,existing_table_value,Avz_mm2,,derived_from_same_source_geometry,same_row_verified_source_geometry,"Av,y = A - tw*(h - 2tf)"
J,J 89x89x19,open_i_or_h,ArcelorMittal Sections and Merchant Bars Sales Programme,V2026-1,https://sections.arcelormittal.com/repo/Sections/Sections%20and%20Merchant%20Bars-ArcelorMittal_V2026-1.xlsx,verified_published_table,true,88.9,88.9,9.5,9.9,9.9,3.2,,19.5,2490,2490,3070000,989000,77255,127000,1580000000,69000,82700,69000,22800,38000,22800,887.19,1833.55,existing_table_value,h_mm,,existing_table_value,b_mm,,existing_table_value,tw_mm,,existing_table_value,tf_mm,,existing_table_value,tf_mm,,existing_table_value,r_mm,,derived_from_same_source_geometry,same_row_verified_source_geometry,,existing_table_value,mass_kg_m,,existing_table_value,A_mm2,,existing_table_value,Aeff_mm2,,existing_table_value,Iy_mm4,,existing_table_value,Iz_mm4,,existing_table_value,Ix_mm4,,existing_table_value,It_mm4,,existing_table_value,Iw_mm6,,existing_table_value,Wel_y_mm3,,existing_table_value,Wpl_y_mm3,,existing_table_value,Weff_y_mm3,,existing_table_value,Wel_z_mm3,,existing_table_value,Wpl_z_mm3,,existing_table_value,Weff_z_mm3,,existing_table_value,Avz_mm2,,derived_from_same_source_geometry,same_row_verified_source_geometry,"Av,y = A - tw*(h - 2tf)"
J,J 76x76x15,open_i_or_h,ArcelorMittal Sections and Merchant Bars Sales Programme,V2026-1,https://sections.arcelormittal.com/repo/Sections/Sections%20and%20Merchant%20Bars-ArcelorMittal_V2026-1.xlsx,verified_published_table,true,76.2,80,8.9,8.4,8.4,4.6,,15,1910,1910,1720000,608000,45569,77300,710000000,45200,54200,45200,15200,25800,15200,718.04,1381.34,existing_table_value,h_mm,,existing_table_value,b_mm,,existing_table_value,tw_mm,,existing_table_value,tf_mm,,existing_table_value,tf_mm,,existing_table_value,r_mm,,derived_from_same_source_geometry,same_row_verified_source_geometry,,existing_table_value,mass_kg_m,,existing_table_value,A_mm2,,existing_table_value,Aeff_mm2,,existing_table_value,Iy_mm4,,existing_table_value,Iz_mm4,,existing_table_value,Ix_mm4,,existing_table_value,It_mm4,,existing_table_value,Iw_mm6,,existing_table_value,Wel_y_mm3,,existing_table_value,Wpl_y_mm3,,existing_table_value,Weff_y_mm3,,existing_table_value,Wel_z_mm3,,existing_table_value,Wpl_z_mm3,,existing_table_value,Weff_z_mm3,,existing_table_value,Avz_mm2,,derived_from_same_source_geometry,same_row_verified_source_geometry,"Av,y = A - tw*(h - 2tf)"
J,J 76x76x13,open_i_or_h,ArcelorMittal Sections and Merchant Bars Sales Programme,V2026-1,https://sections.arcelormittal.com/repo/Sections/Sections%20and%20Merchant%20Bars-ArcelorMittal_V2026-1.xlsx,verified_published_table,true,76.2,76.2,5.1,8.4,8.4,4.6,,12.7,1620,1620,1580000,525000,32736,43900,620000000,41500,48700,41500,13600,22400,13600,459.96,1317.06,existing_table_value,h_mm,,existing_table_value,b_mm,,existing_table_value,tw_mm,,existing_table_value,tf_mm,,existing_table_value,tf_mm,,existing_table_value,r_mm,,derived_from_same_source_geometry,same_row_verified_source_geometry,,existing_table_value,mass_kg_m,,existing_table_value,A_mm2,,existing_table_value,Aeff_mm2,,existing_table_value,Iy_mm4,,existing_table_value,Iz_mm4,,existing_table_value,Ix_mm4,,existing_table_value,It_mm4,,existing_table_value,Iw_mm6,,existing_table_value,Wel_y_mm3,,existing_table_value,Wpl_y_mm3,,existing_table_value,Weff_y_mm3,,existing_table_value,Wel_z_mm3,,existing_table_value,Wpl_z_mm3,,existing_table_value,Weff_z_mm3,,existing_table_value,Avz_mm2,,derived_from_same_source_geometry,same_row_verified_source_geometry,"Av,y = A - tw*(h - 2tf)"
PFC,PFC 430x100x64,channel,Steel for Life Blue Book,EC3 UK National Annex data v18,https://www.steelforlifebluebook.co.uk/pfc/ec3-ukna/section-properties-dimensions-properties/,verified_published_table,true,430,100,11,19,19,15,,64.4,8210,8210,219400000,219000000,630000,2190,22500000000000,1020000,1222000,1020000,97900,175900,97900,4903,3898,existing_table_value,h_mm,,existing_table_value,b_mm,,existing_table_value,tw_mm,,existing_table_value,tf_mm,,existing_table_value,tf_mm,,existing_table_value,r_mm,,derived_from_same_source_geometry,same_row_verified_source_geometry,,existing_table_value,mass_kg_m,,existing_table_value,A_mm2,,existing_table_value,Aeff_mm2,,existing_table_value,Iy_mm4,,existing_table_value,Iz_mm4,,existing_table_value,Ix_mm4,,existing_table_value,It_mm4,,existing_table_value,Iw_mm6,,existing_table_value,Wel_y_mm3,,existing_table_value,Wpl_y_mm3,,existing_table_value,Weff_y_mm3,,existing_table_value,Wel_z_mm3,,existing_table_value,Wpl_z_mm3,,existing_table_value,Weff_z_mm3,,existing_table_value,Avz_mm2,,derived_from_same_source_geometry,same_row_verified_source_geometry,"Av,y = A - tw*(h - 2tf)"
PFC,PFC 380x100x54,channel,Steel for Life Blue Book,EC3 UK National Annex data v18,https://www.steelforlifebluebook.co.uk/pfc/ec3-ukna/section-properties-dimensions-properties/,verified_published_table,true,380,100,9.5,17.5,17.5,15,,54,6870,6870,150300000,150000000,456600,1500,21200000000000,791300,933400,791300,89180,160700,89180,3803,3592.5,existing_table_value,h_mm,,existing_table_value,b_mm,,existing_table_value,tw_mm,,existing_table_value,tf_mm,,existing_table_value,tf_mm,,existing_table_value,r_mm,,derived_from_same_source_geometry,same_row_verified_source_geometry,,existing_table_value,mass_kg_m,,existing_table_value,A_mm2,,existing_table_value,Aeff_mm2,,existing_table_value,Iy_mm4,,existing_table_value,Iz_mm4,,existing_table_value,Ix_mm4,,existing_table_value,It_mm4,,existing_table_value,Iw_mm6,,existing_table_value,Wel_y_mm3,,existing_table_value,Wpl_y_mm3,,existing_table_value,Weff_y_mm3,,existing_table_value,Wel_z_mm3,,existing_table_value,Wpl_z_mm3,,existing_table_value,Weff_z_mm3,,existing_table_value,Avz_mm2,,derived_from_same_source_geometry,same_row_verified_source_geometry,"Av,y = A - tw*(h - 2tf)"
PFC,PFC 300x100x46,channel,British Steel Parallel Flange Channels datasheet,CPFCD:ENG:012023,https://www.britishsteel.co.uk/wp-content/uploads/2026/02/british-steel-parallel-flange-channels-datasheet.pdf,verified_published_table,true,300,100,9,16.5,16.5,15,,45.5,5800,5800,82290000,5680000,368400,368000,81300000000,548600,640700,548600,81720,148300,81720,2896,3397,existing_table_value,h_mm,,existing_table_value,b_mm,,existing_table_value,tw_mm,,existing_table_value,tf_mm,,existing_table_value,tf_mm,,existing_table_value,r_mm,,derived_from_same_source_geometry,same_row_verified_source_geometry,,existing_table_value,mass_kg_m,,existing_table_value,A_mm2,,existing_table_value,Aeff_mm2,,existing_table_value,Iy_mm4,,existing_table_value,Iz_mm4,,existing_table_value,Ix_mm4,,existing_table_value,It_mm4,,existing_table_value,Iw_mm6,,existing_table_value,Wel_y_mm3,,existing_table_value,Wpl_y_mm3,,existing_table_value,Weff_y_mm3,,existing_table_value,Wel_z_mm3,,existing_table_value,Wpl_z_mm3,,existing_table_value,Weff_z_mm3,,existing_table_value,Avz_mm2,,derived_from_same_source_geometry,same_row_verified_source_geometry,"Av,y = A - tw*(h - 2tf)"
PFC,PFC 300x90x41,channel,British Steel Parallel Flange Channels datasheet,CPFCD:ENG:012023,https://www.britishsteel.co.uk/wp-content/uploads/2026/02/british-steel-parallel-flange-channels-datasheet.pdf,verified_published_table,true,300,90,9,15.5,15.5,12,,41.4,5270,5270,72180000,4040000,287700,288000,58100000000,481200,567800,481200,63120,114000,63120,2808,2849,existing_table_value,h_mm,,existing_table_value,b_mm,,existing_table_value,tw_mm,,existing_table_value,tf_mm,,existing_table_value,tf_mm,,existing_table_value,r_mm,,derived_from_same_source_geometry,same_row_verified_source_geometry,,existing_table_value,mass_kg_m,,existing_table_value,A_mm2,,existing_table_value,Aeff_mm2,,existing_table_value,Iy_mm4,,existing_table_value,Iz_mm4,,existing_table_value,Ix_mm4,,existing_table_value,It_mm4,,existing_table_value,Iw_mm6,,existing_table_value,Wel_y_mm3,,existing_table_value,Wpl_y_mm3,,existing_table_value,Weff_y_mm3,,existing_table_value,Wel_z_mm3,,existing_table_value,Wpl_z_mm3,,existing_table_value,Weff_z_mm3,,existing_table_value,Avz_mm2,,derived_from_same_source_geometry,same_row_verified_source_geometry,"Av,y = A - tw*(h - 2tf)"
PFC,PFC 260x90x35,channel,British Steel Parallel Flange Channels datasheet,CPFCD:ENG:012023,https://www.britishsteel.co.uk/wp-content/uploads/2026/02/british-steel-parallel-flange-channels-datasheet.pdf,verified_published_table,true,260,90,8,14,14,12,,34.8,4440,4440,47280000,3530000,205700,206000,37900000000,363700,424600,363700,56290,102200,56290,2198,2584,existing_table_value,h_mm,,existing_table_value,b_mm,,existing_table_value,tw_mm,,existing_table_value,tf_mm,,existing_table_value,tf_mm,,existing_table_value,r_mm,,derived_from_same_source_geometry,same_row_verified_source_geometry,,existing_table_value,mass_kg_m,,existing_table_value,A_mm2,,existing_table_value,Aeff_mm2,,existing_table_value,Iy_mm4,,existing_table_value,Iz_mm4,,existing_table_value,Ix_mm4,,existing_table_value,It_mm4,,existing_table_value,Iw_mm6,,existing_table_value,Wel_y_mm3,,existing_table_value,Wpl_y_mm3,,existing_table_value,Weff_y_mm3,,existing_table_value,Wel_z_mm3,,existing_table_value,Wpl_z_mm3,,existing_table_value,Weff_z_mm3,,existing_table_value,Avz_mm2,,derived_from_same_source_geometry,same_row_verified_source_geometry,"Av,y = A - tw*(h - 2tf)"
PFC,PFC 260x75x28,channel,British Steel Parallel Flange Channels datasheet,CPFCD:ENG:012023,https://www.britishsteel.co.uk/wp-content/uploads/2026/02/british-steel-parallel-flange-channels-datasheet.pdf,verified_published_table,true,260,75,7,12,12,12,,27.6,3514,3514,36190000,1850000,117300,117000,20300000000,278400,327800,278400,34360,61240,34360,1942.49,1862,existing_table_value,h_mm,,existing_table_value,b_mm,,existing_table_value,tw_mm,,existing_table_value,tf_mm,,existing_table_value,tf_mm,,existing_table_value,r_mm,,derived_from_same_source_geometry,same_row_verified_source_geometry,,existing_table_value,mass_kg_m,,existing_table_value,A_mm2,,existing_table_value,Aeff_mm2,,existing_table_value,Iy_mm4,,existing_table_value,Iz_mm4,,existing_table_value,Ix_mm4,,existing_table_value,It_mm4,,existing_table_value,Iw_mm6,,existing_table_value,Wel_y_mm3,,existing_table_value,Wpl_y_mm3,,existing_table_value,Weff_y_mm3,,existing_table_value,Wel_z_mm3,,existing_table_value,Wpl_z_mm3,,existing_table_value,Weff_z_mm3,,existing_table_value,Avz_mm2,,derived_from_same_source_geometry,same_row_verified_source_geometry,"Av,y = A - tw*(h - 2tf)"
PFC,PFC 230x90x32,channel,British Steel Parallel Flange Channels datasheet,CPFCD:ENG:012023,https://www.britishsteel.co.uk/wp-content/uploads/2026/02/british-steel-parallel-flange-channels-datasheet.pdf,verified_published_table,true,230,90,7.5,14,14,12,,32.2,4100,4100,35180000,3340000,193046,193000,27900000000,306000,361080,306000,55000,97900,55000,1853,2585,existing_table_value,h_mm,,existing_table_value,b_mm,,existing_table_value,tw_mm,,existing_table_value,tf_mm,,existing_table_value,tf_mm,,existing_table_value,r_mm,,derived_from_same_source_geometry,same_row_verified_source_geometry,,existing_table_value,mass_kg_m,,existing_table_value,A_mm2,,existing_table_value,Aeff_mm2,,existing_table_value,Iy_mm4,,existing_table_value,Iz_mm4,,existing_table_value,Ix_mm4,,existing_table_value,It_mm4,,existing_table_value,Iw_mm6,,existing_table_value,Wel_y_mm3,,existing_table_value,Wpl_y_mm3,,existing_table_value,Weff_y_mm3,,existing_table_value,Wel_z_mm3,,existing_table_value,Wpl_z_mm3,,existing_table_value,Weff_z_mm3,,existing_table_value,Avz_mm2,,derived_from_same_source_geometry,same_row_verified_source_geometry,"Av,y = A - tw*(h - 2tf)"
PFC,PFC 230x75x26,channel,British Steel Parallel Flange Channels datasheet,CPFCD:ENG:012023,https://www.britishsteel.co.uk/wp-content/uploads/2026/02/british-steel-parallel-flange-channels-datasheet.pdf,verified_published_table,true,230,75,6.5,12.5,12.5,12,,25.7,3270,3270,27480000,1810000,116422,118000,15300000000,239000,282020,239000,34800,61944,34800,1626.25,1937.5,existing_table_value,h_mm,,existing_table_value,b_mm,,existing_table_value,tw_mm,,existing_table_value,tf_mm,,existing_table_value,tf_mm,,existing_table_value,r_mm,,derived_from_same_source_geometry,same_row_verified_source_geometry,,existing_table_value,mass_kg_m,,existing_table_value,A_mm2,,existing_table_value,Aeff_mm2,,existing_table_value,Iy_mm4,,existing_table_value,Iz_mm4,,existing_table_value,Ix_mm4,,existing_table_value,It_mm4,,existing_table_value,Iw_mm6,,existing_table_value,Wel_y_mm3,,existing_table_value,Wpl_y_mm3,,existing_table_value,Weff_y_mm3,,existing_table_value,Wel_z_mm3,,existing_table_value,Wpl_z_mm3,,existing_table_value,Weff_z_mm3,,existing_table_value,Avz_mm2,,derived_from_same_source_geometry,same_row_verified_source_geometry,"Av,y = A - tw*(h - 2tf)"
PFC,PFC 200x90x30,channel,British Steel Parallel Flange Channels datasheet,CPFCD:ENG:012023,https://www.britishsteel.co.uk/wp-content/uploads/2026/02/british-steel-parallel-flange-channels-datasheet.pdf,verified_published_table,true,200,90,7,14,14,12,,29.7,3790,3790,25230000,3140000,184305,183000,19700000000,252000,297360,252000,53400,95052,53400,1536,2586,existing_table_value,h_mm,,existing_table_value,b_mm,,existing_table_value,tw_mm,,existing_table_value,tf_mm,,existing_table_value,tf_mm,,existing_table_value,r_mm,,derived_from_same_source_geometry,same_row_verified_source_geometry,,existing_table_value,mass_kg_m,,existing_table_value,A_mm2,,existing_table_value,Aeff_mm2,,existing_table_value,Iy_mm4,,existing_table_value,Iz_mm4,,existing_table_value,Ix_mm4,,existing_table_value,It_mm4,,existing_table_value,Iw_mm6,,existing_table_value,Wel_y_mm3,,existing_table_value,Wpl_y_mm3,,existing_table_value,Weff_y_mm3,,existing_table_value,Wel_z_mm3,,existing_table_value,Wpl_z_mm3,,existing_table_value,Weff_z_mm3,,existing_table_value,Avz_mm2,,derived_from_same_source_geometry,same_row_verified_source_geometry,"Av,y = A - tw*(h - 2tf)"
PFC,PFC 200x75x23,channel,British Steel Parallel Flange Channels datasheet,CPFCD:ENG:012023,https://www.britishsteel.co.uk/wp-content/uploads/2026/02/british-steel-parallel-flange-channels-datasheet.pdf,verified_published_table,true,200,75,6,12.5,12.5,12,,23.4,2990,2990,19630000,1700000,110256,111000,10700000000,196000,231280,196000,33800,60164,33800,1340,1940,existing_table_value,h_mm,,existing_table_value,b_mm,,existing_table_value,tw_mm,,existing_table_value,tf_mm,,existing_table_value,tf_mm,,existing_table_value,r_mm,,derived_from_same_source_geometry,same_row_verified_source_geometry,,existing_table_value,mass_kg_m,,existing_table_value,A_mm2,,existing_table_value,Aeff_mm2,,existing_table_value,Iy_mm4,,existing_table_value,Iz_mm4,,existing_table_value,Ix_mm4,,existing_table_value,It_mm4,,existing_table_value,Iw_mm6,,existing_table_value,Wel_y_mm3,,existing_table_value,Wpl_y_mm3,,existing_table_value,Weff_y_mm3,,existing_table_value,Wel_z_mm3,,existing_table_value,Wpl_z_mm3,,existing_table_value,Weff_z_mm3,,existing_table_value,Avz_mm2,,derived_from_same_source_geometry,same_row_verified_source_geometry,"Av,y = A - tw*(h - 2tf)"
PFC,PFC 180x90x26,channel,British Steel Parallel Flange Channels datasheet,CPFCD:ENG:012023,https://www.britishsteel.co.uk/wp-content/uploads/2026/02/british-steel-parallel-flange-channels-datasheet.pdf,verified_published_table,true,180,90,6.5,12.5,12.5,12,,26.1,3320,3320,18170000,2770000,131376,133000,14100000000,202000,238360,202000,47400,84372,47400,1301.25,2312.5,existing_table_value,h_mm,,existing_table_value,b_mm,,existing_table_value,tw_mm,,existing_table_value,tf_mm,,existing_table_value,tf_mm,,existing_table_value,r_mm,,derived_from_same_source_geometry,same_row_verified_source_geometry,,existing_table_value,mass_kg_m,,existing_table_value,A_mm2,,existing_table_value,Aeff_mm2,,existing_table_value,Iy_mm4,,existing_table_value,Iz_mm4,,existing_table_value,Ix_mm4,,existing_table_value,It_mm4,,existing_table_value,Iw_mm6,,existing_table_value,Wel_y_mm3,,existing_table_value,Wpl_y_mm3,,existing_table_value,Weff_y_mm3,,existing_table_value,Wel_z_mm3,,existing_table_value,Wpl_z_mm3,,existing_table_value,Weff_z_mm3,,existing_table_value,Avz_mm2,,derived_from_same_source_geometry,same_row_verified_source_geometry,"Av,y = A - tw*(h - 2tf)"
PFC,PFC 180x75x20,channel,British Steel Parallel Flange Channels datasheet,CPFCD:ENG:012023,https://www.britishsteel.co.uk/wp-content/uploads/2026/02/british-steel-parallel-flange-channels-datasheet.pdf,verified_published_table,true,180,75,6,10.5,10.5,12,,20.3,2590,2590,13700000,1460000,69329,73400,7500000000,152000,179360,152000,28800,51264,28800,1204,1636,existing_table_value,h_mm,,existing_table_value,b_mm,,existing_table_value,tw_mm,,existing_table_value,tf_mm,,existing_table_value,tf_mm,,existing_table_value,r_mm,,derived_from_same_source_geometry,same_row_verified_source_geometry,,existing_table_value,mass_kg_m,,existing_table_value,A_mm2,,existing_table_value,Aeff_mm2,,existing_table_value,Iy_mm4,,existing_table_value,Iz_mm4,,existing_table_value,Ix_mm4,,existing_table_value,It_mm4,,existing_table_value,Iw_mm6,,existing_table_value,Wel_y_mm3,,existing_table_value,Wpl_y_mm3,,existing_table_value,Weff_y_mm3,,existing_table_value,Wel_z_mm3,,existing_table_value,Wpl_z_mm3,,existing_table_value,Weff_z_mm3,,existing_table_value,Avz_mm2,,derived_from_same_source_geometry,same_row_verified_source_geometry,"Av,y = A - tw*(h - 2tf)"
PFC,PFC 150x90x24,channel,British Steel Parallel Flange Channels datasheet,CPFCD:ENG:012023,https://www.britishsteel.co.uk/wp-content/uploads/2026/02/british-steel-parallel-flange-channels-datasheet.pdf,verified_published_table,true,150,90,6.5,12,12,12,,23.9,3040,3040,11620000,2530000,115214,118000,8900000000,155000,182900,155000,44400,79032,44400,1102,2221,existing_table_value,h_mm,,existing_table_value,b_mm,,existing_table_value,tw_mm,,existing_table_value,tf_mm,,existing_table_value,tf_mm,,existing_table_value,r_mm,,derived_from_same_source_geometry,same_row_verified_source_geometry,,existing_table_value,mass_kg_m,,existing_table_value,A_mm2,,existing_table_value,Aeff_mm2,,existing_table_value,Iy_mm4,,existing_table_value,Iz_mm4,,existing_table_value,Ix_mm4,,existing_table_value,It_mm4,,existing_table_value,Iw_mm6,,existing_table_value,Wel_y_mm3,,existing_table_value,Wpl_y_mm3,,existing_table_value,Weff_y_mm3,,existing_table_value,Wel_z_mm3,,existing_table_value,Wpl_z_mm3,,existing_table_value,Weff_z_mm3,,existing_table_value,Avz_mm2,,derived_from_same_source_geometry,same_row_verified_source_geometry,"Av,y = A - tw*(h - 2tf)"
PFC,PFC 150x75x18,channel,British Steel Parallel Flange Channels datasheet,CPFCD:ENG:012023,https://www.britishsteel.co.uk/wp-content/uploads/2026/02/british-steel-parallel-flange-channels-datasheet.pdf,verified_published_table,true,150,75,5.5,10,10,12,,17.9,2280,2280,8610000,1310000,57210,61000,4700000000,115000,135700,115000,26600,47348,26600,955,1565,existing_table_value,h_mm,,existing_table_value,b_mm,,existing_table_value,tw_mm,,existing_table_value,tf_mm,,existing_table_value,tf_mm,,existing_table_value,r_mm,,derived_from_same_source_geometry,same_row_verified_source_geometry,,existing_table_value,mass_kg_m,,existing_table_value,A_mm2,,existing_table_value,Aeff_mm2,,existing_table_value,Iy_mm4,,existing_table_value,Iz_mm4,,existing_table_value,Ix_mm4,,existing_table_value,It_mm4,,existing_table_value,Iw_mm6,,existing_table_value,Wel_y_mm3,,existing_table_value,Wpl_y_mm3,,existing_table_value,Weff_y_mm3,,existing_table_value,Wel_z_mm3,,existing_table_value,Wpl_z_mm3,,existing_table_value,Weff_z_mm3,,existing_table_value,Avz_mm2,,derived_from_same_source_geometry,same_row_verified_source_geometry,"Av,y = A - tw*(h - 2tf)"
PFC,PFC 125x65x15,channel,Steel for Life Blue Book,EC3 UK National Annex data v18,https://www.steelforlifebluebook.co.uk/pfc/ec3-ukna/section-properties-dimensions-properties/,verified_published_table,true,125,65,5.5,9.5,9.5,12,,14.8,1880,1880,4830000,4830000,43032,19,11100000000000,77300,91214,77300,18800,33464,18800,811.25,1297,existing_table_value,h_mm,,existing_table_value,b_mm,,existing_table_value,tw_mm,,existing_table_value,tf_mm,,existing_table_value,tf_mm,,existing_table_value,r_mm,,derived_from_same_source_geometry,same_row_verified_source_geometry,,existing_table_value,mass_kg_m,,existing_table_value,A_mm2,,existing_table_value,Aeff_mm2,,existing_table_value,Iy_mm4,,existing_table_value,Iz_mm4,,existing_table_value,Ix_mm4,,existing_table_value,It_mm4,,existing_table_value,Iw_mm6,,existing_table_value,Wel_y_mm3,,existing_table_value,Wpl_y_mm3,,existing_table_value,Weff_y_mm3,,existing_table_value,Wel_z_mm3,,existing_table_value,Wpl_z_mm3,,existing_table_value,Weff_z_mm3,,existing_table_value,Avz_mm2,,derived_from_same_source_geometry,same_row_verified_source_geometry,"Av,y = A - tw*(h - 2tf)"
PFC,PFC 100x50x10,channel,Steel for Life Blue Book,EC3 UK National Annex data v18,https://www.steelforlifebluebook.co.uk/pfc/ec3-ukna/section-properties-dimensions-properties/,verified_published_table,true,100,50,4.7,7.6,7.6,7.6,,9.96,1270,1270,2099000,2080000,34800,5,10000000000000,41980,50860,41980,6220,11750,6220,770,871.44,existing_table_value,h_mm,,existing_table_value,b_mm,,existing_table_value,tw_mm,,existing_table_value,tf_mm,,existing_table_value,tf_mm,,existing_table_value,r_mm,,derived_from_same_source_geometry,same_row_verified_source_geometry,,existing_table_value,mass_kg_m,,existing_table_value,A_mm2,,existing_table_value,Aeff_mm2,,existing_table_value,Iy_mm4,,existing_table_value,Iz_mm4,,existing_table_value,Ix_mm4,,existing_table_value,It_mm4,,existing_table_value,Iw_mm6,,existing_table_value,Wel_y_mm3,,existing_table_value,Wpl_y_mm3,,existing_table_value,Weff_y_mm3,,existing_table_value,Wel_z_mm3,,existing_table_value,Wpl_z_mm3,,existing_table_value,Weff_z_mm3,,existing_table_value,Avz_mm2,,derived_from_same_source_geometry,same_row_verified_source_geometry,"Av,y = A - tw*(h - 2tf)"
CH,CH 432x102x65,channel,ArcelorMittal Sections and Merchant Bars catalogue,2018-05-18 PDF,https://sections.arcelormittal.com/repository2/Sections/5_1_5_ArcelorMittal_FR_EN_RU_web.pdf,verified_published_table,true,431.8,101.6,12.2,16.8,16.8,24,12,65.5,8340,8340,213730000,5990000,562190,744000,222000000000,990000,1205000,990000,80000,152000,80000,5386.56,3481.96,existing_table_value,h_mm,,existing_table_value,b_mm,,existing_table_value,tw_mm,,existing_table_value,tf_mm,,existing_table_value,tf_mm,,existing_table_value,r_mm,,existing_table_value,r2_mm,,existing_table_value,mass_kg_m,,existing_table_value,A_mm2,,existing_table_value,Aeff_mm2,,existing_table_value,Iy_mm4,,existing_table_value,Iz_mm4,,existing_table_value,Ix_mm4,,existing_table_value,It_mm4,,existing_table_value,Iw_mm6,,existing_table_value,Wel_y_mm3,,existing_table_value,Wpl_y_mm3,,existing_table_value,Weff_y_mm3,,existing_table_value,Wel_z_mm3,,existing_table_value,Wpl_z_mm3,,existing_table_value,Weff_z_mm3,,existing_table_value,Avz_mm2,,derived_from_same_source_geometry,same_row_verified_source_geometry,"Av,y = A - tw*(h - 2tf)"
CH,CH 381x102x55,channel,ArcelorMittal Sections and Merchant Bars catalogue,2018-05-18 PDF,https://sections.arcelormittal.com/repository2/Sections/5_1_5_ArcelorMittal_FR_EN_RU_web.pdf,verified_published_table,true,381,101.6,10.4,16.3,16.3,28.2,14.1,55,7010,7010,148690000,5460000,423970,628000,157000000000,781000,931000,781000,75700,144000,75700,4115.12,3386.64,existing_table_value,h_mm,,existing_table_value,b_mm,,existing_table_value,tw_mm,,existing_table_value,tf_mm,,existing_table_value,tf_mm,,existing_table_value,r_mm,,existing_table_value,r2_mm,,existing_table_value,mass_kg_m,,existing_table_value,A_mm2,,existing_table_value,Aeff_mm2,,existing_table_value,Iy_mm4,,existing_table_value,Iz_mm4,,existing_table_value,Ix_mm4,,existing_table_value,It_mm4,,existing_table_value,Iw_mm6,,existing_table_value,Wel_y_mm3,,existing_table_value,Wpl_y_mm3,,existing_table_value,Weff_y_mm3,,existing_table_value,Wel_z_mm3,,existing_table_value,Wpl_z_mm3,,existing_table_value,Weff_z_mm3,,existing_table_value,Avz_mm2,,derived_from_same_source_geometry,same_row_verified_source_geometry,"Av,y = A - tw*(h - 2tf)"
CH,CH 305x102x46,channel,ArcelorMittal Sections and Merchant Bars catalogue,2018-05-18 PDF,https://sections.arcelormittal.com/repository2/Sections/5_1_5_ArcelorMittal_FR_EN_RU_web.pdf,verified_published_table,true,304.8,101.6,10.2,14.8,14.8,26.7,13.35,46.2,5890,5890,82080000,4720000,316926,495000,86300000000,539000,638000,539000,66500,128000,66500,3258.56,3082.96,existing_table_value,h_mm,,existing_table_value,b_mm,,existing_table_value,tw_mm,,existing_table_value,tf_mm,,existing_table_value,tf_mm,,existing_table_value,r_mm,,existing_table_value,r2_mm,,existing_table_value,mass_kg_m,,existing_table_value,A_mm2,,existing_table_value,Aeff_mm2,,existing_table_value,Iy_mm4,,existing_table_value,Iz_mm4,,existing_table_value,Ix_mm4,,existing_table_value,It_mm4,,existing_table_value,Iw_mm6,,existing_table_value,Wel_y_mm3,,existing_table_value,Wpl_y_mm3,,existing_table_value,Weff_y_mm3,,existing_table_value,Wel_z_mm3,,existing_table_value,Wpl_z_mm3,,existing_table_value,Weff_z_mm3,,existing_table_value,Avz_mm2,,derived_from_same_source_geometry,same_row_verified_source_geometry,"Av,y = A - tw*(h - 2tf)"
CH,CH 305x89x42,channel,ArcelorMittal Sections and Merchant Bars catalogue,2018-05-18 PDF,https://sections.arcelormittal.com/repository2/Sections/5_1_5_ArcelorMittal_FR_EN_RU_web.pdf,verified_published_table,true,304.8,88.9,10.2,13.7,13.7,25.7,12.85,41.8,5330,5330,70780000,3040000,250522,399000,57200000000,464000,559000,464000,48600,92600,48600,3221.57,2500.52,existing_table_value,h_mm,,existing_table_value,b_mm,,existing_table_value,tw_mm,,existing_table_value,tf_mm,,existing_table_value,tf_mm,,existing_table_value,r_mm,,existing_table_value,r2_mm,,existing_table_value,mass_kg_m,,existing_table_value,A_mm2,,existing_table_value,Aeff_mm2,,existing_table_value,Iy_mm4,,existing_table_value,Iz_mm4,,existing_table_value,Ix_mm4,,existing_table_value,It_mm4,,existing_table_value,Iw_mm6,,existing_table_value,Wel_y_mm3,,existing_table_value,Wpl_y_mm3,,existing_table_value,Weff_y_mm3,,existing_table_value,Wel_z_mm3,,existing_table_value,Wpl_z_mm3,,existing_table_value,Weff_z_mm3,,existing_table_value,Avz_mm2,,derived_from_same_source_geometry,same_row_verified_source_geometry,"Av,y = A - tw*(h - 2tf)"
CH,CH 254x89x36,channel,ArcelorMittal Sections and Merchant Bars catalogue,2018-05-18 PDF,https://sections.arcelormittal.com/repository2/Sections/5_1_5_ArcelorMittal_FR_EN_RU_web.pdf,verified_published_table,true,254,88.9,9.1,13.6,13.6,20.4,10.2,35.7,4540,4540,44450000,2890000,206053,256000,30000000000,350000,414000,350000,46700,89600,46700,2432,2476.12,existing_table_value,h_mm,,existing_table_value,b_mm,,existing_table_value,tw_mm,,existing_table_value,tf_mm,,existing_table_value,tf_mm,,existing_table_value,r_mm,,existing_table_value,r2_mm,,existing_table_value,mass_kg_m,,existing_table_value,A_mm2,,existing_table_value,Aeff_mm2,,existing_table_value,Iy_mm4,,existing_table_value,Iz_mm4,,existing_table_value,Ix_mm4,,existing_table_value,It_mm4,,existing_table_value,Iw_mm6,,existing_table_value,Wel_y_mm3,,existing_table_value,Wpl_y_mm3,,existing_table_value,Weff_y_mm3,,existing_table_value,Wel_z_mm3,,existing_table_value,Wpl_z_mm3,,existing_table_value,Weff_z_mm3,,existing_table_value,Avz_mm2,,derived_from_same_source_geometry,same_row_verified_source_geometry,"Av,y = A - tw*(h - 2tf)"
CH,CH 254x76x28,channel,ArcelorMittal Sections and Merchant Bars catalogue,2018-05-18 PDF,https://sections.arcelormittal.com/repository2/Sections/5_1_5_ArcelorMittal_FR_EN_RU_web.pdf,verified_published_table,true,254,76.2,8.1,10.9,10.9,19,9.5,28.2,3590,3590,33550000,1530000,106921,144000,16900000000,264000,316000,264000,28100,53800,28100,2150.11,1709.18,existing_table_value,h_mm,,existing_table_value,b_mm,,existing_table_value,tw_mm,,existing_table_value,tf_mm,,existing_table_value,tf_mm,,existing_table_value,r_mm,,existing_table_value,r2_mm,,existing_table_value,mass_kg_m,,existing_table_value,A_mm2,,existing_table_value,Aeff_mm2,,existing_table_value,Iy_mm4,,existing_table_value,Iz_mm4,,existing_table_value,Ix_mm4,,existing_table_value,It_mm4,,existing_table_value,Iw_mm6,,existing_table_value,Wel_y_mm3,,existing_table_value,Wpl_y_mm3,,existing_table_value,Weff_y_mm3,,existing_table_value,Wel_z_mm3,,existing_table_value,Wpl_z_mm3,,existing_table_value,Weff_z_mm3,,existing_table_value,Avz_mm2,,derived_from_same_source_geometry,same_row_verified_source_geometry,"Av,y = A - tw*(h - 2tf)"
CH,CH 229x89x33,channel,ArcelorMittal Sections and Merchant Bars catalogue,2018-05-18 PDF,https://sections.arcelormittal.com/repository2/Sections/5_1_5_ArcelorMittal_FR_EN_RU_web.pdf,verified_published_table,true,228.6,88.9,8.6,13.3,13.3,19,9.5,32.7,4143,4143,33640000,2740000,220000,220000,22400000000,294300,349000,294300,42500,81900,42500,2145.3,2405.8,existing_table_value,h_mm,,existing_table_value,b_mm,,existing_table_value,tw_mm,,existing_table_value,tf_mm,,existing_table_value,tf_mm,,existing_table_value,r_mm,,existing_table_value,r2_mm,,existing_table_value,mass_kg_m,,existing_table_value,A_mm2,,existing_table_value,Aeff_mm2,,existing_table_value,Iy_mm4,,existing_table_value,Iz_mm4,,existing_table_value,Ix_mm4,,existing_table_value,It_mm4,,existing_table_value,Iw_mm6,,existing_table_value,Wel_y_mm3,,existing_table_value,Wpl_y_mm3,,existing_table_value,Weff_y_mm3,,existing_table_value,Wel_z_mm3,,existing_table_value,Wpl_z_mm3,,existing_table_value,Weff_z_mm3,,existing_table_value,Avz_mm2,,derived_from_same_source_geometry,same_row_verified_source_geometry,"Av,y = A - tw*(h - 2tf)"
CH,CH 229x76x26,channel,ArcelorMittal Sections and Merchant Bars catalogue,2018-05-18 PDF,https://sections.arcelormittal.com/repository2/Sections/5_1_5_ArcelorMittal_FR_EN_RU_web.pdf,verified_published_table,true,228.6,76.2,7.6,11.2,11.2,17.5,8.75,26.1,3310,3310,26080000,1520000,101543,128000,13000000000,228100,272000,228100,26700,51700,26700,1850,1742.88,existing_table_value,h_mm,,existing_table_value,b_mm,,existing_table_value,tw_mm,,existing_table_value,tf_mm,,existing_table_value,tf_mm,,existing_table_value,r_mm,,existing_table_value,r2_mm,,existing_table_value,mass_kg_m,,existing_table_value,A_mm2,,existing_table_value,Aeff_mm2,,existing_table_value,Iy_mm4,,existing_table_value,Iz_mm4,,existing_table_value,Ix_mm4,,existing_table_value,It_mm4,,existing_table_value,Iw_mm6,,existing_table_value,Wel_y_mm3,,existing_table_value,Wpl_y_mm3,,existing_table_value,Weff_y_mm3,,existing_table_value,Wel_z_mm3,,existing_table_value,Wpl_z_mm3,,existing_table_value,Weff_z_mm3,,existing_table_value,Avz_mm2,,derived_from_same_source_geometry,same_row_verified_source_geometry,"Av,y = A - tw*(h - 2tf)"
CH,CH 203x89x30,channel,ArcelorMittal Sections and Merchant Bars catalogue,2018-05-18 PDF,https://sections.arcelormittal.com/repository2/Sections/5_1_5_ArcelorMittal_FR_EN_RU_web.pdf,verified_published_table,true,203.2,88.9,8.1,12.9,12.9,17.5,8.75,29.8,3760,3760,24690000,2560000,158653,188000,16100000000,243000,286000,243000,40600,77200,40600,1768,2323.06,existing_table_value,h_mm,,existing_table_value,b_mm,,existing_table_value,tw_mm,,existing_table_value,tf_mm,,existing_table_value,tf_mm,,existing_table_value,r_mm,,existing_table_value,r2_mm,,existing_table_value,mass_kg_m,,existing_table_value,A_mm2,,existing_table_value,Aeff_mm2,,existing_table_value,Iy_mm4,,existing_table_value,Iz_mm4,,existing_table_value,Ix_mm4,,existing_table_value,It_mm4,,existing_table_value,Iw_mm6,,existing_table_value,Wel_y_mm3,,existing_table_value,Wpl_y_mm3,,existing_table_value,Weff_y_mm3,,existing_table_value,Wel_z_mm3,,existing_table_value,Wpl_z_mm3,,existing_table_value,Weff_z_mm3,,existing_table_value,Avz_mm2,,derived_from_same_source_geometry,same_row_verified_source_geometry,"Av,y = A - tw*(h - 2tf)"
CH,CH 203x76x24,channel,ArcelorMittal Sections and Merchant Bars catalogue,2018-05-18 PDF,https://sections.arcelormittal.com/repository2/Sections/5_1_5_ArcelorMittal_FR_EN_RU_web.pdf,verified_published_table,true,203.2,76.2,7.1,11.2,11.2,17,8.5,23.9,3030,3030,19480000,1460000,92940,115000,9550000000,191700,227000,191700,26300,50800,26300,1557,1746.32,existing_table_value,h_mm,,existing_table_value,b_mm,,existing_table_value,tw_mm,,existing_table_value,tf_mm,,existing_table_value,tf_mm,,existing_table_value,r_mm,,existing_table_value,r2_mm,,existing_table_value,mass_kg_m,,existing_table_value,A_mm2,,existing_table_value,Aeff_mm2,,existing_table_value,Iy_mm4,,existing_table_value,Iz_mm4,,existing_table_value,Ix_mm4,,existing_table_value,It_mm4,,existing_table_value,Iw_mm6,,existing_table_value,Wel_y_mm3,,existing_table_value,Wpl_y_mm3,,existing_table_value,Weff_y_mm3,,existing_table_value,Wel_z_mm3,,existing_table_value,Wpl_z_mm3,,existing_table_value,Weff_z_mm3,,existing_table_value,Avz_mm2,,derived_from_same_source_geometry,same_row_verified_source_geometry,"Av,y = A - tw*(h - 2tf)"
CH,CH 178x89x27,channel,ArcelorMittal Sections and Merchant Bars catalogue,2018-05-18 PDF,https://sections.arcelormittal.com/repository2/Sections/5_1_5_ArcelorMittal_FR_EN_RU_web.pdf,verified_published_table,true,177.8,88.9,7.6,12.3,12.3,17,8.5,26.8,3410,3410,17530000,2340000,132704,158000,11100000000,197000,230000,197000,39300,75400,39300,1485.05,2245.68,existing_table_value,h_mm,,existing_table_value,b_mm,,existing_table_value,tw_mm,,existing_table_value,tf_mm,,existing_table_value,tf_mm,,existing_table_value,r_mm,,existing_table_value,r2_mm,,existing_table_value,mass_kg_m,,existing_table_value,A_mm2,,existing_table_value,Aeff_mm2,,existing_table_value,Iy_mm4,,existing_table_value,Iz_mm4,,existing_table_value,Ix_mm4,,existing_table_value,It_mm4,,existing_table_value,Iw_mm6,,existing_table_value,Wel_y_mm3,,existing_table_value,Wpl_y_mm3,,existing_table_value,Weff_y_mm3,,existing_table_value,Wel_z_mm3,,existing_table_value,Wpl_z_mm3,,existing_table_value,Weff_z_mm3,,existing_table_value,Avz_mm2,,derived_from_same_source_geometry,same_row_verified_source_geometry,"Av,y = A - tw*(h - 2tf)"
CH,CH 178x76x21,channel,ArcelorMittal Sections and Merchant Bars catalogue,2018-05-18 PDF,https://sections.arcelormittal.com/repository2/Sections/5_1_5_ArcelorMittal_FR_EN_RU_web.pdf,verified_published_table,true,177.8,76.2,6.6,10.3,10.3,16,8,20.8,2660,2660,13380000,1290000,70575,88700,6390000000,151000,176000,151000,24800,48100,24800,1283.92,1622.48,existing_table_value,h_mm,,existing_table_value,b_mm,,existing_table_value,tw_mm,,existing_table_value,tf_mm,,existing_table_value,tf_mm,,existing_table_value,r_mm,,existing_table_value,r2_mm,,existing_table_value,mass_kg_m,,existing_table_value,A_mm2,,existing_table_value,Aeff_mm2,,existing_table_value,Iy_mm4,,existing_table_value,Iz_mm4,,existing_table_value,Ix_mm4,,existing_table_value,It_mm4,,existing_table_value,Iw_mm6,,existing_table_value,Wel_y_mm3,,existing_table_value,Wpl_y_mm3,,existing_table_value,Weff_y_mm3,,existing_table_value,Wel_z_mm3,,existing_table_value,Wpl_z_mm3,,existing_table_value,Weff_z_mm3,,existing_table_value,Avz_mm2,,derived_from_same_source_geometry,same_row_verified_source_geometry,"Av,y = A - tw*(h - 2tf)"
CH,CH 152x89x24,channel,ArcelorMittal Sections and Merchant Bars catalogue,2018-05-18 PDF,https://sections.arcelormittal.com/repository2/Sections/5_1_5_ArcelorMittal_FR_EN_RU_web.pdf,verified_published_table,true,152.4,88.9,7.1,11.6,11.6,16,8,23.9,3040,3040,11680000,2100000,107923,129000,7210000000,153000,178000,153000,35800,68600,35800,1218.8,2122.68,existing_table_value,h_mm,,existing_table_value,b_mm,,existing_table_value,tw_mm,,existing_table_value,tf_mm,,existing_table_value,tf_mm,,existing_table_value,r_mm,,existing_table_value,r2_mm,,existing_table_value,mass_kg_m,,existing_table_value,A_mm2,,existing_table_value,Aeff_mm2,,existing_table_value,Iy_mm4,,existing_table_value,Iz_mm4,,existing_table_value,Ix_mm4,,existing_table_value,It_mm4,,existing_table_value,Iw_mm6,,existing_table_value,Wel_y_mm3,,existing_table_value,Wpl_y_mm3,,existing_table_value,Weff_y_mm3,,existing_table_value,Wel_z_mm3,,existing_table_value,Wpl_z_mm3,,existing_table_value,Weff_z_mm3,,existing_table_value,Avz_mm2,,derived_from_same_source_geometry,same_row_verified_source_geometry,"Av,y = A - tw*(h - 2tf)"
CH,CH 152x76x18,channel,ArcelorMittal Sections and Merchant Bars catalogue,2018-05-18 PDF,https://sections.arcelormittal.com/repository2/Sections/5_1_5_ArcelorMittal_FR_EN_RU_web.pdf,verified_published_table,true,152.4,76.2,6.4,9,9,14,7,17.9,2280,2280,8520000,1090000,48777,62400,3950000000,112000,130000,112000,21000,41200,21000,1075.8,1419.84,existing_table_value,h_mm,,existing_table_value,b_mm,,existing_table_value,tw_mm,,existing_table_value,tf_mm,,existing_table_value,tf_mm,,existing_table_value,r_mm,,existing_table_value,r2_mm,,existing_table_value,mass_kg_m,,existing_table_value,A_mm2,,existing_table_value,Aeff_mm2,,existing_table_value,Iy_mm4,,existing_table_value,Iz_mm4,,existing_table_value,Ix_mm4,,existing_table_value,It_mm4,,existing_table_value,Iw_mm6,,existing_table_value,Wel_y_mm3,,existing_table_value,Wpl_y_mm3,,existing_table_value,Weff_y_mm3,,existing_table_value,Wel_z_mm3,,existing_table_value,Wpl_z_mm3,,existing_table_value,Weff_z_mm3,,existing_table_value,Avz_mm2,,derived_from_same_source_geometry,same_row_verified_source_geometry,"Av,y = A - tw*(h - 2tf)"
CH,CH 127x64x15,channel,ArcelorMittal Sections and Merchant Bars catalogue,2018-05-18 PDF,https://sections.arcelormittal.com/repository2/Sections/5_1_5_ArcelorMittal_FR_EN_RU_web.pdf,verified_published_table,true,127,63.5,6.4,9.2,9.2,13,6.5,14.9,1900,1900,4820000,647000,42454,52100,1580000000,76000,89400,76000,15200,29300,15200,888.92,1204.96,existing_table_value,h_mm,,existing_table_value,b_mm,,existing_table_value,tw_mm,,existing_table_value,tf_mm,,existing_table_value,tf_mm,,existing_table_value,r_mm,,existing_table_value,r2_mm,,existing_table_value,mass_kg_m,,existing_table_value,A_mm2,,existing_table_value,Aeff_mm2,,existing_table_value,Iy_mm4,,existing_table_value,Iz_mm4,,existing_table_value,Ix_mm4,,existing_table_value,It_mm4,,existing_table_value,Iw_mm6,,existing_table_value,Wel_y_mm3,,existing_table_value,Wpl_y_mm3,,existing_table_value,Weff_y_mm3,,existing_table_value,Wel_z_mm3,,existing_table_value,Wpl_z_mm3,,existing_table_value,Weff_z_mm3,,existing_table_value,Avz_mm2,,derived_from_same_source_geometry,same_row_verified_source_geometry,"Av,y = A - tw*(h - 2tf)"
CH,CH 102x51x10,channel,ArcelorMittal Sections and Merchant Bars catalogue,2018-05-18 PDF,https://sections.arcelormittal.com/repository2/Sections/5_1_5_ArcelorMittal_FR_EN_RU_web.pdf,verified_published_table,true,101.6,50.8,6.1,7.6,7.6,12,6,10.4,1330,1330,2070000,277000,21404,28900,440000000,40800,48700,40800,8140,15700,8140,673.36,802.96,existing_table_value,h_mm,,existing_table_value,b_mm,,existing_table_value,tw_mm,,existing_table_value,tf_mm,,existing_table_value,tf_mm,,existing_table_value,r_mm,,existing_table_value,r2_mm,,existing_table_value,mass_kg_m,,existing_table_value,A_mm2,,existing_table_value,Aeff_mm2,,existing_table_value,Iy_mm4,,existing_table_value,Iz_mm4,,existing_table_value,Ix_mm4,,existing_table_value,It_mm4,,existing_table_value,Iw_mm6,,existing_table_value,Wel_y_mm3,,existing_table_value,Wpl_y_mm3,,existing_table_value,Weff_y_mm3,,existing_table_value,Wel_z_mm3,,existing_table_value,Wpl_z_mm3,,existing_table_value,Weff_z_mm3,,existing_table_value,Avz_mm2,,derived_from_same_source_geometry,same_row_verified_source_geometry,"Av,y = A - tw*(h - 2tf)"
CH,CH 76x38x7,channel,ArcelorMittal Sections and Merchant Bars catalogue,2018-05-18 PDF,https://sections.arcelormittal.com/repository2/Sections/5_1_5_ArcelorMittal_FR_EN_RU_web.pdf,verified_published_table,true,76.2,38.1,5.1,6.8,6.8,12,6,6.7,856,856,743000,101000,10755,16400,90000000,19500,23500,19500,4090,7780,4090,424.2,536.74,existing_table_value,h_mm,,existing_table_value,b_mm,,existing_table_value,tw_mm,,existing_table_value,tf_mm,,existing_table_value,tf_mm,,existing_table_value,r_mm,,existing_table_value,r2_mm,,existing_table_value,mass_kg_m,,existing_table_value,A_mm2,,existing_table_value,Aeff_mm2,,existing_table_value,Iy_mm4,,existing_table_value,Iz_mm4,,existing_table_value,Ix_mm4,,existing_table_value,It_mm4,,existing_table_value,Iw_mm6,,existing_table_value,Wel_y_mm3,,existing_table_value,Wpl_y_mm3,,existing_table_value,Weff_y_mm3,,existing_table_value,Wel_z_mm3,,existing_table_value,Wpl_z_mm3,,existing_table_value,Weff_z_mm3,,existing_table_value,Avz_mm2,,derived_from_same_source_geometry,same_row_verified_source_geometry,"Av,y = A - tw*(h - 2tf)"